﻿movie_title,review
카센타,때워도 때워도 때워지지 않을 빵꾸
카센타,씨앗은 좋았으나 잔가지가 너무 많았다
카센타,웃자니 안쓰럽고 울자니 발칙하고.
카센타,부족한 부분도 있지만 미묘한 재미가 있는 영화
카센타,작은 못으로 증명되는 한국 사회의 계급과 믿음 그리고 불신
카센타,재밌게 봤습니다.
카센타,재밌겠다. 라는 상상이 재미있는 각본으로 이어질거란 보장은 없다.
카센타,결말보고 내 머리가 빵꾸난듯
카센타,판을 벌린 것에 비해 상당히 아쉬운 전개와 마무리
카센타,2019-12-22 / 아무리 지랄해 봐야 범죄자는 범죄자일뿐.
카센타,.
카센타,인과관계의 짜임새보다 사회의 군상을 면밀히 관찰하는 솜씨.
카센타,충분히 일어날 수 있는 사건
카센타,아 급커브로 관객 뒤통수 후리는게 명작의 조건이 아니라고...
카센타,밑바닥에 아무리 못을 박아도 빵꾸나는 인생
카센타,"밑그림은 다 그려놨는데, 막상 채색이 덜 된 어정쩡한 ‘그레이코미디’."
카센타,"양심에 구멍이 뚫리는 일이 발생하자, 그들의 욕망은 브레이크가 고장 난 자동차처럼 달려버린다. 인제 와서 다시 돌아가고 싶어도, 이미 구멍을 메우는 일은 쉽지 않다. 욕망을 자기 ..."
카센타,돈을 향한 인간의 한계
카센타,누구나 재구와 순영일 수 있다.
카센타,선을 넘으면 탈란다..
카센타,'영화 같지도 않은' '볼 필요도 없는' 영화가 아닌 '충분히 볼만한'
카센타,한번 박힌 못을 빼도 구멍이 있다
카센타,난잡하게 펼치되 그 방향만은 확실한 소동극
카센타,이 영화는 작품을 뜯어분석 할 필요가 업뜸... 시사하는 바를 머리로 느끼면됨
카센타,빵꾸난 타이어로 터질 때까지 내달리는 꼴...
카센타,스스로 악당이 된 서민들... 그들을 빌런이라 말할 수 있을까? 살기 위해 범죄를 저지른 부부의 이야기룰 통해 가난의 굴레와 마을에서 융합될 수 없는 설움을 얘기하고 있습니다. 일...
카센타,'카센타'는 타지인이라고 외면 받는 작은 도시에서 카센터를 운영하는 부부가 타이어에 고의적으로 펑크를 내며 돈을 버는 범죄 영화다. 생계형 범죄 코미디라고 홍보하는 이 영화는 불공...
카센타,화수분처럼 채워지지 않는 구멍 난 양심에 대한 성찰
카센타,재구는 동네 변두리에서 카센타를 운영하고 있지만 리조트 공사가 한창인 지금은 카센타 운영이 전혀 안되고 있어서 살고 있는 집도 내주어야 할 판이다. . 하지만 우연히 차에 빵꾸가 ...
카센타,너무 욕심부리면 큰코다친다
카센타,양심의 한계가 어디까지인지 몰아붙인다
카센타,모두의 양심에 못이 박혔을 때
카센타,이번 영화 내용은 별로~
카센타,왜 여자가 남자랑 결혼을 했어야했는지 왜 남자가 그 카센터에 집착을 했는지 왜 마지막엔 그렇게 끝난건지 의문이 좀 남는 내겐 어려운 영화
카센타,"오랜만에 작품을 찍은 박용우, 조은지 두 배우의 합이 좋다. 행동만 보면 나쁜데 결코 미워할 수 없는 캐릭터를 현실감있게 소화한다. 기본적으로 흔히 시골이라 말하는 동네에서 외..."
카센타,어디에든 있을법한 소악당들의 블랙코미디
카센타,"시작은 나름 기대를, 하지만 그 기대는 아쉬움으로"
카센타,당신도 그림자가 있나요
카센타,카센타
카센타,"이 영화는 정말 포스터와는 다르게 사회의 어두운 부분을 곳곳에서 꼬집네요. 사람의 양심에 대한 것이라든가, 왜 혼자 나서냐는 날선 태도와 왜 날 건드리냐는 것들, 그리고 그런..."
쉐어하우스,식탐을 넘어서서 몰래 먹는데서 쾌감을 느끼는건가 싶다
유어 아너,역시 이게 연기자다!!! 정의로운 판사가 자식을 위해 악한짓을 한다는 전형적인 스토린데 김명민 손현주의 연기로 전형적이지 않게 된다
유어 아너,결국 제대로 벌 받아야 할 사람이 젤 멀쩡하게 살아있는 결말을 보려고 10회를 달린게 아닌데.. 시즌2를 염두에 둔 결말이라면 더더욱 이건 좀 아닌듯 싶다
유어 아너,흥미롭게 보다가 마지막에 별 곤두박질! 논리적 필연성이 결여되면 아무리 뛰어난 연기자가 나와도 극에 대한 거부감이 들 수 밖에ㅠㅠ
유어 아너,최악의 연출과 불필요한 폭력성의 조우
유어 아너,간만에 찐이 나왔다. 구도는 전형적이긴 한데 김명민 분위기부터 먹고들어가는게 기대가 된다.
유어 아너,연기력이 전부 좋아요
유어 아너,이도 저도 아닌 무게감에 피곤함만 가득했다.
유어 아너,과도한 억지 설정 으로 피로감이 심하군
유어 아너,"잘 나가다가 결말이 너무 어이없네..젤 큰 죄를 저지른 놈은 끝까지 살아서 뻔뻔히 출국하고, 엄한 사람들은 줄줄이 다 죽이고?? 결말 보고 욕 나오는 드라마는 진짜 오랜만이네."
유어 아너,스릴만점
유어 아너,월화 드라마 볼 게 생겼다! 일단 배우 라인업이 넘 좋음. 연기구멍이 없는 게 볼맛이 남
유어 아너,신선함 없는 리메이크의 한계. 중년 배우들의 잔치
유어 아너,오랜만에 연기맛집 느낌... 이런게 연기지..
유어 아너,배우들 연기는 정말 대단했지만 결말이 좀 아쉬웠습니다
유어 아너,김상혁은 착한척 하면서 여동생 안테 뭐라함 자기는 사람들도 죽이고 다니면서 그냥 내용이 깡패와 죽음뿐 마지막화?에서 여동생 안테 대사하는거 보고 충격
유어 아너,휴대폰 지문 감식은 안 하냐? 2화까지 보고 껐다
유어 아너,모든 배우들의 연기력이 뛰어나다. 소중한 것을 지키기 위해 노력했지만 소중한 것을 잃어버린 그를 보고 많은 걸 느꼈다. 결말은 잉 싶었지만 결말로 가는 과정은 완벽했다.
유어 아너,연기좌들의 분투
유어 아너,상혁아.. 섹시해 은이는 나였어야해ㅠ
유어 아너,티비로 볼라했는데 본방 놓쳐서 오티티로 볼려도 했는데 볼 수 있는 ott도 없고 지니티비에는 있는데 테레비가 지니티비가 아니라서 못봄 넘 아쉬움 그래서 계속 못보고 있음ㅠㅠ
유어 아너,얼른 시즌2🙏
유어 아너,권선징악을 바랬지만 현실과 같아서 답답했지만 배우들 감정연기는 좋았던 작품
유어 아너,10화도 조금 길었던 것 같다.
유어 아너,미드가 더 재밌다
유어 아너,아 이거 제발 글로벌 ott로 가야 합니다
유어 아너,연기가 다 훌륭하고 끝 까지 좋게 봄. / 정의 작은 균열은 더 이상 정의가 아니다.
유어 아너,허남준 배우님 입덕하게 만든 드라마
유어 아너,큰 배우들이 멱살 잡고 끌고가는맛에 모처럼 진지하게 보게됨 .원작과 다른 설정이 드라마를 망침 아버지를 바보 만들고 장애여친을 이용한 파렴한이됨.. 진중함을 한방에 망침.
유어 아너,두 배우의 연기로 압살이다 스토리도 전개가 빠르고 고구마는 없음 매회가 기대된다
유어 아너,손현주×김명민의 연기대결이 만들어낸 극강 몰입감
유어 아너,"옳게 된 연기차력쇼, 자식농사 대실패한 두 아버지의 처절한 몸부림"
유어 아너,한드 황금시대 . 원작도 궁금하다 . 피펠 일도없어 얼마나 눈물나게 좋은 시댄지
유어 아너,손현주가 맡은 역은 순간에 수만가지 생각을 할 수 밖에 없는 역할인데 그걸 완벽하게 해내는걸 보고 역시는 역시다이다. 김명민 손현주 조합만으로 극의 반은 하는 웰메이드 수작.
보통의 가족,"2024년 확실한 최고의 문제작 ”부모가 되니, 부모의 마음을 알겠네요.. 그런데 아이들 마음은 모르겠어요“ 당신의 아이가 사고를 쳤을 때, 과연 당신의 선택은 ?"
보통의 가족,범죄에 있어선 가족이라도 덮어주기보다는 사람됨이를 알려주는 것이 우리 사회 가정내에 필요한 덕목
보통의 가족,가족의의미를되새기게한다
보통의 가족,영화 속 가족 모두 '보통의' 가족이란 것을...
보통의 가족,포스터에 보인 캐스팅을 보고 명연기만 기대했는데 연기 뿐만 아니라 큰 울림을 준 영화. 가슴이 먹먹해지고 슬프기도 하고 현 시대상도 잘 담겨있고 현실성도 놓치지 않은 잘 만든 영화
보통의 가족,이십대 아이키우는 엄마네요 남편과 함께 깊이 몰입하여 봤습니다 여운이 많이 남고 정말 좋았네요^^ 자식ㅇ키우는 부모들이보면 큰 깨달음이 있을것같네요 강추입니다 꼭보세요^^
보통의 가족,배우들 진짜 연기 잘한다..
보통의 가족,내 안의 수많은 감정과 생각을 자극하고 들쑤신다
보통의 가족,자기 자식들이 자신들에게는 한없이 천사같아 보일수도 있지만 타인의 눈에는 악마로 보일수도 있다
보통의 가족,저한테는 너무뱐전이 있고생각하면서 볼만한영회.ㆍ였다
보통의 가족,허진호 감독이라 잔잔할 줄 알았는데 시작부터 역동적이고 보는내내 연기가 역동적이어서 다 보고 난 후 롤러코스터 탄 듯한 느낌이었습니다 각색을 기막히게 했고 본 후의 마음이 더 울렁
보통의 가족,"청소년, 부모, 예비 부모들이 꼬 봐야 할 영화로 적극추천합니다"
보통의 가족,지금 시대에 충분히 공감할 수 있는 내용이네요.
보통의 가족,우리가 한번쯤 그런 상황이 되면 어떻게 할까? 서민이라서 그런 상황이 안일어나겠지만 지금 우리사회에서 흔히 일어나는 사건인것 같다. 범죄를 저질러도 반성없이 사는 지도층 자제들
보통의 가족,현실에서도 있을법한 사실적인 이야기를 명배우 들의 연기로 볼 수 있다는 것만으로 매우 흥미로운 영화 였습니다.
보통의 가족,허진호 감독의 웰메이드 스릴러. 한국 사회를 예리하게 비판하며 섬세하게 영화로 풀어낸다
보통의 가족,가족에대해다시한번생각하게되는영화
보통의 가족,매번 느끼는 거지만 진짜연기를 진짜겁나 잘하면 50은 먹고 들어간다는 거.보통의 가족은 정말 연출력. 연기력이 대단함 반대로 아무리좋은극본도 맥끊는 캐스팅이면 망함
보통의 가족,마지막 엔딩 씬까지 영화제목 그대로 보통의 가족~~~ 영화제목 누가 지엇나요~~ 정말 대박 정확한 영화제목에 소름 쫙! 여운이 많이 남는 영화입니다!
보통의 가족,씁쓸하다. 사람이 변하는 거 순식간이다. 순간의 선택이 인생을 좌우한다. 영화 '나비효과'가 떠오르네.
보통의 가족,우리가 얼마나 관대한지... 냉철함을 가져야 관대함이 빛난다는 것을 느낀다.
보통의 가족,안 좋은 작품은 아니지만...
보통의 가족,"디너의 사각테이블을 복싱링인냥 빅펀치를 대사로 주고받는 네명의 연기의 신을 만나자. 그리고 보물찾기하듯 감독이 슬쩍 무심히 밀어넣은 복선과 암시, 상징을 찾아보자 ."
보통의 가족,극적인 모습만 빼면 그야말로 '보통의 가족'
보통의 가족,"영회인생 30년 중에 베스트3 안에 드는 명작. 별점 5점을 못주는 사람은 인간사회를 병들게 할 가능성이 높고, 학교공부가 의미 없다고 생각함."
보통의 가족,"과거의 괴물은 어떻게 보통으로 자라났고, 현재의 보통은 어떻게 괴물을 길러내고 있는가."
보통의 가족,천륜과 천형으로 엮인 피의 연결고리
보통의 가족,"가해자 부모의 얼굴이란 이런 것이구나. 양심, 체면, 고상함 따위 내던진 민낯말이다."
보통의 가족,매우 흡입력 있다
보통의 가족,보통?
보통의 가족,사랑 이전에 사람으로 키워라
보통의 가족,"영화을 감상하면서 많은 고민을 하였고, 아들 키우는 아빠로서 내 아들이 이런 안좋은 일을 저질렀을때 나는 어떻게 할수 있을가 하는 깊은 생각을 하게하는 영화였습니다 결정이 힘드네요"
보통의 가족,"배우님들 연기도 너무 좋았고, 간만에 좋은 영화 봤습니다."
보통의 가족,2024년 최고의 한국영화.
보통의 가족,웃어야 할지 울어야 할지 모를 장면의 연속. 믿어야 할지 말아야 할지 모를 인간의 군상.
보통의 가족,"현시대를 사는 부모로써 공감되는 내용도 많고 , 어떤판단이 자식을 위한길인지 아닌지를 생각하게 만드는 영화였습니다. 내아이는 그러지않을거라는 믿음이 깨져서 너무 마음이 아프네요 ㅜ"
보통의 가족,"가족이라는, 자녀라는 존재가 얼마나 사람을 변화시킬 수 있는지 놀랍도록 느끼게 해주며, 인간의 이면적인 모습과 겉모습이 아닌 내면의 진실을 마주하는 시간을 준 영화!!"
보통의 가족,배우들의 연기가 최고였고 다시 한 번 생각해볼 정말 멋진 작품이었습니다!
보통의 가족,긴장감을 주는 현악기 음악소리와 배우들의 열연으로 집중해서 보게됨..자식의 범죄를 마주했을때 드러나는 부모의 민낯! 부모의 입장에서 정말 괴로울듯..
보통의 가족,아주 충격적인 한 가족의 몰락.. 너무나 그럴 둣하게 짜인 이야기
보통의 가족,연년생 남매를 키운 엄마로서 영화가 끝날때까지 한시도 영화에 몰입하지 않은적이 없습니다. 이 시대의 모든 부모들이 꼭 봤으면 좋겠습니다.
보통의 가족,’보통‘을 지키기 위해 ‘악마’가 된다는 것... 당신의 ‘보통’의 가치는 어떻습니까.
보통의 가족,연기파 배우들의 미친연기력. ~ 많은 생각을 하게ㅠ만드는 마지막 장면.
보통의 가족,요즘 애들은 애가 아니다. 그래서 무서울뿐...
보통의 가족,돈주고 보긴 아깝지만 집에서 비오는날보기에는 괜츈 가진자들의 잘못을 책임지지않으려하는 민낯
보통의 가족,부모의 입장이다보니 몰입된다. 끝까지 재밌게봄.
보통의 가족,부모라면 자녀와 꼭 보세요. 진정한 어른과 부모의 역할은 뭘까? 나라면?
보통의 가족,간만에 몰입해서 본 한국영화.
보통의 가족,어리석은 선택과 그 방법에 어이가 없다.
보통의 가족,멋있는 아버지 되기 프로젝트
그녀가 죽었다,관음 VS 관종.
그녀가 죽었다,미친놈 옆 미친놈 옆 미친놈 옆 미친놈...
그녀가 죽었다,영화보단 두 주연의 연기가 좋아서 연기에 박수를 ...
그녀가 죽었다,흔한 소재이지만 흥미진진 흡인력있게 전개된다. 범죄의 경중에 대해 생각해보게하는 소재.
그녀가 죽었다,단점을 커버하는 명확한 캐릭터 대결
그녀가 죽었다,범죄자 vs 범죄자
그녀가 죽었다,닳고 닳은 재료로 만든 한물간 추리스릴러(1.5)
그녀가 죽었다,<그녀가 죽었다>는 미스터리 스릴러라는 장르에 충실한 영화다. 스릴감과 몰입감이 뛰어나다. 하지만 현실성이 떨어지는 장면들에 고개를 갸우뚱하게 만들기도 한다.
그녀가 죽었다,반전은 뭔가 뻔한듯 익숙하지만 연출도 좋고 배우들의 연기가 무엇보다 좋다
그녀가 죽었다,간만에 제대로된 스릴러영화. 두 주연배우의 연기가 끝내줘서 끝까지 몰입됨. 너무 압도적이라 이엘배우가 뭍힐정도. 그런데 이 감독님 연애물도 진짜 잘찍으실듯 ㅎㅎ 완전추천
그녀가 죽었다,영화에서 관객에게 직접 말을거는 나레이션이 너무 흥미로웠습니다! 신선한 연출과 배우들의 미친연기가 만나 광기가 폭발하는 영화입니다!!!
그녀가 죽었다,“눈과 시선이 무기가 되는 시대”
그녀가 죽었다,정교함과 강렬함을 잃어버리고 공익광고로 전락한 <나를 찾아줘(2014)> 아류작
그녀가 죽었다,"<댓글부대>스러운 연출, 공감하면 안될듯한 캐릭터들, 범죄영화를 한번도 안본 듯한 시나리오…총체적 난국"
그녀가 죽었다,"자기합리화와 불쾌함을 앞세워 만들어낸 범죄 미스터리 스릴러. 자신을 향한 타인의 시선에 관한 현대 사회의 문제점을 흥미롭게 다뤄내다. 다만, 경찰을 다루는 방식은 여전히 진부하다."
그녀가 죽었다,변요한배우님말처럼 관음증과 관종이 만나 제대로 터졌네요~두 주인공이 개성이 너무 강해서 과몰입하게되는 영화였습니다~! 재밌었습니다!!
그녀가 죽었다,와 제가 또.......
그녀가 죽었다,"개연성이 부족하거나 허술한 부분들이 많지만, 그런 아쉬움 정도는 넘어갈 수 있을 정도로 장르적 재미가 크다."
그녀가 죽었다,"자기딴에는 좋은일을 하고있기에 크게 잘못한 것이 없다고 생각하는 것, 죄에 대해 스스로 경중을 매겨 위안하는 것들에 대한 조용한 일갈이 좋았다"
그녀가 죽었다,"관음증 강박 스토커 vs 관종 피해의식 사이코패스. 적당한 스릴감, 반전의 반전까지 플롯이 흥미롭다."
그녀가 죽었다,황당한 연출과 시나리오
그녀가 죽었다,두 캐릭터의 대비
그녀가 죽었다,"내레이션 제거 버전 좀, 아니다 그냥 됐다."
그녀가 죽었다,"개인의 영역과 타인의 영역이 겹쳤을때, 타인의 시선은 어떨지 생각해볼 필요성을 시사해준다. 약간은 오그라들 수 있는 독백이 잘 어울리는 스릴있는 영화."
그녀가 죽었다,생각보다 볼만했어요
그녀가 죽었다,전체적으로 미쳐있는 영화. 전반 후반을 변요한과 신혜선이 나눠서 맡는다. 파면 팔수록 미스터리하고 똘기 넘치고 오싹한 미스터리 스릴러. 잘만들었다
그녀가 죽었다,"피해자 없는, 가해자 뿐인 범죄스릴러."
그녀가 죽었다,<스마트폰을 떨어뜨렸을 뿐인데>와 비슷한 정도의 소름과 엉성함
그녀가 죽었다,기대하지않고 보았는데 잼있네 👍🏻
그녀가 죽었다,"변요한 관음증연기, 신혜선 사이코연기 넘 좋아요. 영화적 메세지 전달방식도 훌륭합니다. 소셜미디어 과잉의시대. 나도 모르게 누군가를 따라하고있진 않은지 생각해봅니다."
그녀가 죽었다,그녀가 죽었다 | SNS 사이로 진짜 범인을 찾아줘
그녀가 죽었다,신혜선 배우의 팬이어서 관람 했습니다. SNS 문제점에 대해 생각해 보게 되었네요. 스포없이 관람 하세요~ 많은 분들이 관람하셔서 이번에는 꼭 손익분기점을 넘겼으면 좋겠습니다.
그녀가 죽었다,반전의 존재조차 스포인 영화
그녀가 죽었다,초반에 남주인공의 행동을 보면 몰입하기 쉽지 않았다.
그녀가 죽었다,느슨한 개연성에도 어떻게 끝날지는 궁금해지는 묘한 몰입감. 주인공 버프로 범죄를 정당화 시키지않아서 좋았음. 신혜선 배우는 이런 연기도 잘 하는구나.
그녀가 죽었다,"캐릭터와 배우가 살린건지, 캐릭터와 배우만 남은건지."
그녀가 죽었다,일단 재미있었어요..긴장감과 스릴감도 있고 시간가는줄 몰랐어요..변요한 연기좋구요♡♡
그녀가 죽었다,무능한 경찰과 범죄자 둘
그녀가 죽었다,"오늘 관람 후에, 바로 2차 예매를 진행하게 만든 기대 이상의 정말 탄탄한 영화."
그녀가 죽었다,정상이 아닌 인간들 중 가장 싸이코인 인간을 찾는사건인가
그녀가 죽었다,관음과 관종의 시대에선 다 같이 악인이 되어가는 것인가
그녀가 죽었다,개연성이 너무 없고 스토리도 중간에 생략된 느낌이다 그러나 반전은 좋었다
그녀가 죽었다,간만에 진짜 볼만한 영화
그녀가 죽었다,.
그녀가 죽었다,비슷한 영화 두 가지를 섞어 만든 예측 가능한 시나리오
그녀가 죽었다,그냥 한국영화 라기엔 애매하게 좋은 신혜선의 연기 차력쇼
그녀가 죽었다,그녀가 죽었다
그녀가 죽었다,호기심을 가장한 관음증. 보이는 것만이 중요한 관종. SNS 시대의 극단적인 부작용을 보여주다.
그녀가 죽었다,배우들의 연기와 몰입감 있는 전개가 재미있었다
그녀가 죽었다,"식상한 반전, 어설픈 연출, 킬링 타임용으로도 다소 지루한 ...."
셜록 시즌 1,이 영화를 보지 못한 사람들이 부럽다. 처음 접했던 그 순간을 잊지 못하기에.
셜록 시즌 1,전설의 시작.
셜록 시즌 1,내가 아는 최고의 멋진 셜록과 제일 미친 모리아티
셜록 시즌 1,10년 넘은 시리즈가 이렇게나 재밌다니🙉
셜록 시즌 1,원작 셜록 홈즈를 배우의 캐릭터와 독특한 편집 등으로 더 없이 멋진 영드 스타일로 재해석
셜록 시즌 1,베네딕트 컴버배치 연기를 참 이쁘게 한다.
셜록 시즌 1,현대적 각색이 이토록 자연스러울 수가. 연출도 흥미로운 것들이 너무 많다.
셜록 시즌 1,.
셜록 시즌 1,셜록홈즈를 다룬 영상작품 중에서 가장 재미있다.
셜록 시즌 1,모든 것이 다 천재스럽다.
셜록 시즌 1,미친 드라마
셜록 시즌 1,다시 돌아와 돌아와
셜록 시즌 1,간지의 영상화
셜록 시즌 1,멋짐을 연기한다는 이것이다
셜록 시즌 1,뇌섹남이란 용어를 만들어낸 드라마
셜록 시즌 1,정주행
셜록 시즌 1,"흠잡을 곳 없는 연기, 연출, 각색. 안그런가 왓슨?"
셜록 시즌 1,과거와 현재의 조화
셜록 시즌 1,셜록 너무 재밌음 ㅠㅠ
셜록 시즌 1,"그 ‘셜록’의 시작, 왓슨과 셜록의 케미"
셜록 시즌 1,듣도 보지도 못한 캐릭터의 탄생
셜록 시즌 1,마지막 시즌을 생각하면 그저 화만 난다
셜록 시즌 1,"셜록 홈즈의 맛을 제대로 살린 작품. 묘한 셜록을 연기하는 베네딕트 컴버배치가 잘생겨보이는 마법. 한번 덕후가 되면 재탕은 기본 5탕, 10탕도 거뜬하다. 영드 입문으로 강력추"
셜록 시즌 1,오빠..
셜록 시즌 1,완벽하다. 연출 연기 스토리 모든게 완벽한. 수십번을 봐도 볼 때 마다 빠져서 보게된다.
셜록 시즌 1,굿
셜록 시즌 1,진짜 내 인생영드중 하나
셜록 시즌 1,원작의 기능을 고이 유지한 웰메이드 모던 리메이크.
셜록 시즌 1,최고의 영국 드라마 최고의 추리물 최고의 베네딕트
셜록 시즌 1,너무 재밌어서 여러번 봤어요
셜록 시즌 1,셜록이 정말 튀어나온거 같아여
셜록 시즌 1,셜록의 첫 인사로 훌륭한 시즌.
셜록 시즌 1,처음 봤을 때의 충격을 잊을 수가 없다
셜록 시즌 1,아이러니하게도 내 소설의 시작도 셜록홈즈의 추리소설이고 해외 드라마를 보기 시작한것도 이 셜록홈즈라는 시리즈 덕분이라는 것
셜록 시즌 1,다른 셜록은 몰라도 BBC 셜록은 인정
셜록 시즌 1,"몇 번을 봐도 재미있다. 반전에 반전을 거듭하고, 배우들의 연기와 연출까지 다 너무 좋아서 몰입할 수 밖에 없다."
셜록 시즌 1,당시에는 신선하고 새롭던 연출 방식. 영상으로 만들어진 셜록홈즈 작품들 중 단연코 최고
셜록 시즌 1,세기의 명탐정 셜록 홈즈를 제일 세련되게 재구성한 드라마
셜록 시즌 1,나한테 셜록은 로버트다우니주니어 였는데 이제부터 오이형 이다!!
셜록 시즌 1,망상증환자인줄 알았지만 탐정이였다...
셜록 시즌 1,셜록은 전설이다(진짜)
셜록 시즌 1,어떤 미사여구를 붙여도 아주 잘 들어맞는 캐릭터성.
셜록 시즌 1,19세기에 탄생한 셜록 홈즈가 21세기에 완벽하게 어우러졌다. 매력적인 연기와 세련된 연출로 대중에 셜록=베네딕트 컴버배치라는 공식을 각인시킨 작품.
셜록 시즌 1,베네딕트 개잘함 ㅋㅋ
셜록 시즌 1,이름도 요상하고 얼굴도 요상한 배우에 입문하게 된 계기.
셜록 시즌 1,말해뭐해 BBC셜록 못하는 사람이 없다 다들 잘하고 특히 모리아티. 드라마판 셜록을 사랑하게 된다
셜록 시즌 1,소설을 정말 이렇게 현대적으로 잘 풀어낸다고? 싶어서 놀랬고 스토리도 탄탄해서 두 배로 놀란 작품
셜록 시즌 1,최고의 스타트.
셜록 시즌 1,세상에 이런 드라마가
셜록 시즌 1,정주행 3번째. 이번엔 부모님과
23 아이덴티티,16년 인생 가장 완벽한 스릴러 영화!
23 아이덴티티,23개의 인격이 한 영화에?
23 아이덴티티,"좋은 소재에 좋은 연기자들을 사용하였지만 '23 아이덴티티'를 잘 형상화하지 않았고, 중간중간 개연성이 빠진 부분들이 있다고 느껴 아쉬운 영화가 되었다."
23 아이덴티티,제임스 맥어보이씨가 연기를 너무 잘한당 진짜 딴사람같음
23 아이덴티티,제임스 맥어보이의 소름돋는 '인생연기'
23 아이덴티티,"소재는 신선, 아니 소재만 신선"
23 아이덴티티,납치감금을 해놓고 이렇게 지루할 수가...
23 아이덴티티,제임스 맥어보이의 연기만 좋았다
23 아이덴티티,나도 모르는 또 다른 자아가 있을수 있다는 생각이 들었다.
23 아이덴티티,"'고통'에 대한 심도깊은 고찰로 탄생한 캐릭터들, 감독의 통찰력에 감탄이 나온다. 덧붙여 어톤먼트의 까칠하지만 순수한 청년 제임스 맥어보이의 놀라운 연기는 꼭 언급하고 싶은 영화."
23 아이덴티티,제임스 맥어보이의 연기로는 최고를 찍어 버림 보는 나도 정신병 걸릴것 같은 공포의 연기
23 아이덴티티,제임스 맥어보이의 연기 차력쇼
23 아이덴티티,[영화] 23아이덴티티 다중인격에 관한 소재는 늘 흥미진진하다. 나이트 샤말란 감독 역시 다중인격의 소재를 공포영화와 접목했다. 하지만 다중인격에 대해 이미 알고 있는 나로서는 ...
23 아이덴티티,제임스 멕어보이란 배우가 강렬하 남는다
23 아이덴티티,"늘어지는 흐름을 잡기엔 역부족이었지만, 소재랑 연기력만으로도 볼 만한 가치가 있음"
23 아이덴티티,"연기는 아주 좋았지만, 이야기로서는 아쉬움이 많았다"
23 아이덴티티,안야 테일러 조이를 기억하라.
23 아이덴티티,자신의 행위를 정당화하려 다중인격을 만들어내는 비스트들이 존재한다
23 아이덴티티,제임스 맥어보이의 연기파티에 초대합니다.
23 아이덴티티,니코틴마냥 연기로 흡입해버린다. 중독은 덤
23 아이덴티티,상처에 맞서는 방법이 비슷하면서도 정반대인 두 사람의 정면승부를 보여주는 영화
23 아이덴티티,굳이 넣을 필요없는 강간 암시는 뭘까ㅠ
23 아이덴티티,"자의반 타의반, 샤말란이 돌아오고 있다"
23 아이덴티티,Broken are the more evolved. 2016년
23 아이덴티티,연기 가 미쳤네
23 아이덴티티,연기 진짜 소름돋게 잘 한다... 몰입도최강
23 아이덴티티,마지막에 장르가 헐크가 되어버림ㅋㅋㅋㅋㅋ
23 아이덴티티,뭔지 모르고 영화관에서 봤다가 무서워 죽는줄ㅠ
23 아이덴티티,내 안의 '비스트'를 똑바로 바라보고 인정하기. 아프고 무서울지라도.
23 아이덴티티,감독을 보지말고 영화를 봅시다
23 아이덴티티,제임스 맥어보이 연기 미쳤닼ㅋㅋㅋㅋㅋㅋㅋ 중간중간 과거씬 나올때 몰입도 확 떨어졌는데 이유가 있었던거임. 암걸리는 요소가 좀 있어서 평점은 깎였지만 마무리가 완벽했음
23 아이덴티티,"흡입력, 긴장감, 연기력 깔끔한 삼박자"
23 아이덴티티,23개의 자아를 소름돋게 연기한다
23 아이덴티티,샤말란의 마력
23 아이덴티티,꺼진 언브레이커블도 이어가는 연결고리
23 아이덴티티,.
23 아이덴티티,아직 분열이 덜 끝난 듯해. 찝찝.
23 아이덴티티,제임스 맥어보이의 괴물같은 연기력!! 샤밀란 감독이 욕심을 덜 냈으면 좋았으련만
23 아이덴티티,재밌게 봤습니다.
23 아이덴티티,제임스 맥어보이의 연기파티
23 아이덴티티,숲을 봤을 때 달라지는 영화
23 아이덴티티,안야 테일러 조이를 처음 알게 된 작품. 맥어보이의 연기는 정말 일품이었다. 작은 표정 변화만으로 인격이 바꾸는 것이 보이는 그의 연기를 보면서 스릴러 작품의 재미도 느끼게 되었다
23 아이덴티티,나이트 샤말란은 재밌는 영화를 만들려고 하는게 아니라 영화를 만들다 보면 재밌는게 나오는걸지도 모름.
23 아이덴티티,"답답함과.. 왜 저러지 싶은 부분들이 있긴 하지만, 제임스 맥어보이의 연기는 대단하다. 근데 문나이트와 DID 갖게 된 계기도 똑같고… 접점이 많다. 하품 한번도 안함"
23 아이덴티티,영화 제목과 카피가 영화 관람을 망쳐놓은 대표적인 사례. 브루스 윌리스가 귀신이다!!를 실제로 마케팅 전략으로 삼을 줄이야...
23 아이덴티티,그냥 보고 나옴
23 아이덴티티,맥어보이가 연기는 잘 하는데 안무섭다 그래도 쿠키 때문에 별하나 추가
23 아이덴티티,주인공 제임스 맥어보이가 다했다. 다양한 인격들 연기 최고였다.
23 아이덴티티,본에 이어서 23 아이덴티티도?
23 아이덴티티,"강력한 ""믿음""은 인간에게 어떠한 치명적인 효과를 가져오는가."
웬즈데이,캐릭터들이 매력적이고 팀버튼 스럽다. 못 본사람들은 꼭 보길바란다.
웬즈데이,마지막 화가 조금 아쉽지만 캐릭터와 그들의 하이틴스러운 케미가 참 매력적이다.
웬즈데이,기괴하고 유쾌한 분위기의 팀버튼+틴에이지 성장 로맨스물 '스몰빌' 크리에이터들이 만나 일궈낸 웰메이드 슈퍼내추럴 코미디 호러 드라마
웬즈데이,진짜 최고 캐릭터 설정도 너무 좋고 상상과 현실의 그 경계에 있으면서 과연 그 누구나 상상할 법한 소재가 아닌 그 누구도 생각해보지 못한 소재가 너무 매력적으로 느껴진다
웬즈데이,"오랜만에 만난 취향. 적당히 음산하고, 너무 유치하지도 혹은 너무 딥하지도 않아서 좋았음. 굳이 따지자면 유치하고 귀여운 추리에 좀 더 가깝긴 함. 그래도 추천. 완성도가 높음"
웬즈데이,팀버튼의 영상미는 … 취향을 쏴버림🖤
웬즈데이,양산형 넷플릭스 드라마 속에 스며드는 팀버튼 특유의 고딕 캐릭터.
웬즈데이,어린 주연 배우의 연기가 작품 분위기에 스며들었다. 무엇보다도 OST가 너무 좋았다. 시즌 2가 기대 된다.
웬즈데이,"팀 버튼, 제발 애니메이션을 만들어"
웬즈데이,별종들도 모두 결국에 똑같은 사람이라는 것을 잊어서는 안 됩니다.
웬즈데이,정말 한번 시작하면 엔딩까지 보게 되는 매력이 있습니다.
웬즈데이,내가 동경하던 어른들을 위한 잔혹동화를 만들던 팀 버튼은 없어졌다. 자신을 잃은 그의 모습이 슬프지만 그래도 이정도라면 웃으며 보낼 순 있을 것 같다.
웬즈데이,"달콤살벌한 해리포터, 전설이 현실과 만날때."
웬즈데이,팀버튼 특유의 분위기가 하이틴의 과한 맛을 적절히 유머러스하게 넘길 수 있도록 도와줌. 가볍게 볼만함
웬즈데이,회마다 급 전개되는 스토리와 각 사건마다 중심되는 인물이 달라지며 팀버튼의 작품답게 어둡고 신비로운 분위기가 더해지는 작품.
웬즈데이,영상이나 분위기는 취향이나 대사가 취향이 아니었음. 내안의 흑염룡...
웬즈데이,후반은 힘이 빠졌지만 캐릭터는 좋았다
웬즈데이,캐릭터들이 매력적이어서 재미있게 봤어요
웬즈데이,머리부터 발 끝까지 기이한 것이 보면 볼 수록 중독적인 맛
웬즈데이,기괴한 팀버튼 스타일로 만든 학교 추리물. 어느 정도 예상 가능한 전개 방향 속에서 예측 이상의 스타일이 포인트
웬즈데이,역시 학원물도 이런 어둠침침함이 필요하다. 대를 이어 내려온 편견과 악습에 맞서는 시니컬한 요즘 것들의 이야기.
웬즈데이,주인공 캐스팅을 정말 잘했고 팀버튼의 연출도 볼만했다. 특히 비발디 사계 연주와 주인공이 춤추는 모습은 지금도 생각나서 다시 돌려볼정도.
웬즈데이,최근 팀 버튼 감독의 아쉬운 행보가 시리즈를 만나 해결될 것 같다.
웬즈데이,초반은 정말 재밌고 독특한 매력이 있었는데 후반은 그냥 뻔하디 뻔하게 변해버려서 좀 아쉬웠다.
웬즈데이,로맨스 없어도 재밌는 작품이 아니라 로맨스 없는게 더 재밌을 작품
웬즈데이,웬즈데이 성장과정 상당히 재밌음 씽 귀여움 시즌 2 빨리 주세요
웬즈데이,캐릭터들도 매력적이고 영상미가 미쳤다!
웬즈데이,팀버튼이 있는 전반부와 없는 후반부의 차이가 아쉽
웬즈데이,아는 맛이 맛있다. 웬즈데이의 기묘한 분위기와 첼로 연주는 이 집만의 시그니쳐!
웬즈데이,잘난 아이의 독선은 과연 재미의 필수불가결한 요소일까. 어디까지 캐릭터성으로 이해해줘야 하는지.
웬즈데이,"얼른 내놔 다음 시즌!!!! 안광 죽은 제나 오르테가 너무 좋아요..,><"
웬즈데이,웬즈데이의 천재성도 팀 버튼의 기괴함도 너무 심하게 너프된 그저그런 넷플릭스 하이틴 드라마 남들과 똑같이 사랑받고 싶어하고 연애하고 친구를 사귀고 엄마를 미워한다 221225
웬즈데이,시즌2 기다리고 있어요
웬즈데이,해리포터와 비슷한 분위기인데 더 퇴폐적이고 미스터리함.. 판타지 요소도 마구마구 섞여서 눈이 즐거움 스토리도 흥미진진해서 잼씀
웬즈데이,팀 버튼이 상상한 해리포터 동화 이야기. 그리고 아담스 패밀리.
웬즈데이,보통이에요. 2024. 6. 3. ~ 2024. 6. 10.
웬즈데이,이런 드라마에 붙여야 하는 부제야 말로 '빌어먹을 세상 따위'다. 쓰레기 같은 쿨찐 드라마를 양산하는 넷플릭스에 선사하는 팀 버튼의 단비.
웬즈데이,팀버튼스러움이 너무 좋은 드라마! 제나 오르테가랑 웬즈데이가 너무 잘 어울린다. 시즌2는 언제 나오려나
웬즈데이,중2병 걸린 해리 포터 느낌
웬즈데이,팀버튼은 나이가 먹는데도 어째서 이감각을 계속 유지하는지 가끔 무섭다
웬즈데이,다음 시즌 넘 기대된당
웬즈데이,웬즈데이 대꿀잼이지😍
웬즈데이,.
웬즈데이,연말에 잘 어울리는 화목하고 따뜻한 웬즈데이 이야기^^
웬즈데이,팀버튼의 작품으로 팀버튼만의 독특함이 잘 묻어났다
웬즈데이,팀버튼만의 색깔은 언제나 재밌다
웬즈데이,"팀 버튼의 울적한 색채, 다채로운 오케스트라의 크레셴도."
웬즈데이,SOOOOOOOOO CREEPY!! I love it
웬즈데이,뒷심이 부족했지만 트랜디했다. 미워할 수 없는 별종들의 캐릭터 하나하나가 매력있다.그 중에 가장 귀여운 씽🫰
웬즈데이,팀버튼 전매특허 주전공하는 작품. 웬즈데이 주인공 제나 오르테가 배우의 찰떡인 웬즈데이 스타일링에 연기를 잘하고 너무나 매력적이다
위키드,별맛은 없고 생긴 것만 화려한 디저트 같음
위키드,그냥 무조건 봐라 최고다
위키드,추락하는 순간 어린시절을 마주하고 빗자루를 타고 다시 날아오르며 디파잉 그래비티를 외칠 때의 벅차오르는 감동이 기억에 남는다. 후반 20분을 위한 전반 140분의 여정
위키드,역대급 서사와 비쥬얼과 넘버와 연출이 어우러진 뮤지컬 영화상 최강이라 할만한 작품. 어서 빨리 다음 이야기가 보고 싶어짐. 중간에 눈물이 왈칵 쏟아지는 장면도 있음. 감동적임.
위키드,"소외 되었을뿐, 결코 약하지 않음에도"
위키드,'그냥 볼만하네' 싶다가 Defying Gravity 파트에서 고쳐잡은 자세
위키드,"원작 소설과 뮤지컬을 안 본 상태로 봤는데, 너무 재밌어요! 음악과 연기가 할 말 다 했어요..!!"
위키드,뮤지컬 영화로서의 정체성은 없었다.
위키드,자막판으로 봤는데 진짜 노래가 너무너무 좋다 뮤지컬 영화 좋아하면 꼭 보기!
위키드,진짜 재밌게 봤는데 오프닝때 폰트 진짜 무슨일..? 너무 구려서 두통 옴
위키드,2부작인줄 끝에 보고 알았음. 3분의2가 넘 지루한데... 뺄건 빼고 한편으로 마무리하지 ㅡ.ㅡ+ 나머지 3분의1때문에 그나마 위안.
위키드,뮤지컬 영화 명작이 나왔다. 꼭 봐야한다.
위키드,3번 보고싶은 영화 노래 너무좋고 파퓰러랑 중력을 거슬려노래 나올때 감동 받았습니다. 더빙도좋고 자막도 좋다. 어떤식이든 또 보고 싶은 영화 ㅎㅎ
위키드,뮤지컬 영화중에선 알라딘 다음으로 최고 찍을 듯.. 상영시간이 긴 영화여서 끝에살짝 지루할 뻔했는데 막판에 정신 번쩍 들게하는 음악 장면에 입벌리고 봤다..
위키드,인생 최고의 영화
위키드,동화같은 배경이지만 사회비판도 담은 다크판타지. 초반부에는 많은 설정이 유치해보였지만 선악의 정의에 대해 생각하게 만드는 장치였던듯하다. 결과적으로 좋았지만 노래는 알라딘이 더취향
위키드,볼거리는 있지만 뮤지컬 영화들은 확실한 내 취향이 아니다라는 걸 확인했다.
위키드,"위키드 | 뮤지컬보다 더 화려하게, 풍성하게, 날카롭게"
위키드,"""크고 화려한 세트, 의상 등 비주얼적으로 출중하고 다양한 볼거리를 제공하여 눈을 즐겁게 할 뿐만 아니라, 기존 뮤지컬의 유명한 넘버를 기반으로 귀를 즐겁게 한다."""
위키드,위키드 뮤지컬 좋아하면 소름 돋을만한 영화 돈을 쏟은 만큼 결과물로 착실하게 나오는 느낌이다 볼거리 매우 많음 러닝타임이 길어서 중간에 살짝 루즈해지긴 하는데 마무리가 기가막힘
위키드,뮤지컬 영화 정말 안좋아하는 편인데...정말 빡집중해서 볼정도로 괜찮은 것 같다.
위키드,놀라운 비주얼과 음악이 선사하는 뮤지컬 영화의 황홀한 마법
위키드,"(하필이면일지도, 직전 2일간 12편의 멋지고 아름다운 단편독립영화를 본 후의 관람평) 할리우드식 자본, 할리우드식 서사, 할리우드식 배역. 딱 거기까지."
위키드,뮤지컬로만 본 위키드를 입체적으로 화려하게 각인 시켜준 영화
위키드,영화관에서 봤어요. 그 스캔들 인가 그것때문에 남자가수를 자꾸 집중해서 보게되는... 단점이 있어요
위키드,기대한 만큼 좋았다. 2편이 기대되는 영화!
위키드,"배우들의 연기, defying gravity의 감동으로 귀결되는 파트1의 스토리에 박수를."
위키드,루즈해지면서 지루해질때쯤 팡하고 끝났다 애매하게 마음을 찌른다
위키드,글린다가 약간 이해 안 가는대 재밌어요
위키드,받아보지도 못한 사랑? 아니야... 엘파바 넌 이미 글린다한테 많은 우정이란 이름으로 감싸진 사랑을 받았어..
위키드,긴 160분간 흥미를 돋우다 파트2로 넘긴 잔인한 너
위키드,디파잉 그래비티 진심 최고
위키드,걸들의 진한 우정과 집안 환경의 중요성 자아성찰의 중요성을 느끼게 해준 작품 얼른 파트 2 주쇼
위키드,"영상미 최고였던 위키드~! 더빙과 자막 모두 봤는데 둘 다 각각 느낌이 달라서 뮤지컬 팬이라면 더빙, 자막 둘 다 보는걸 추천! 자막 먼저 보고 더빙으로 보는 순서가 좋은 듯 해요"
위키드,위키드
위키드,선의가 더 빛날 수 있게 담담히 어둠을 뒤집어쓴다
위키드,"아리아나 그란데의 역대급 뮤직비디오, Defying Gravity를 곁들인."
위키드,쓸데없이 너무 길게 늘렸다… 2시간이면 적당할 듯
위키드,강약중간약이 아니라 강강강강으로 밀고 들어오는 뮤지컬 떼씬들은 그야말로 물량공세와 인해전술 그자체. 지루한 듯 하다가 희한하게 벅차오르고 눈물 짓게 된다. 그래도 보려면 극장에서.
위키드,"특별할 것 없는 무난한 스토리텔링에도 입체적 생명을 불어넣는 깔끔한 스코어와 연출, 그리고 힘을 줄때는 확실하게 제대로 표현해내는 강렬한 하이라이트로 라라랜드 이후 최고의 뮤지컬"
위키드,공간과 시각의 제약을 벗어난 뮤지컬의 황홀한 영화화
위키드,최고의 뮤지컬 영화
위키드,주류집단의 권력에 대한 폐해를 잘 묘사함
위키드,긴데… 후반부에야 빛을 발한다
위키드,"다소 긴 러닝타임에도 불구하고 눈과 귀가 호강하는, 내용 전개는 뻔함 하지만 볼거리가 많았던~ 아리아나 그란데는 너무 예쁘고 너무 귀엽닼ㅋㅋㅋ 딸아이가 생기면 같이보고 싶은 영화"
위키드,위키드 --극장에서 꼭
위키드,올곧은 마음의 뒷모습은 마치 다크나이트와 같이
위키드,작은 무대에서는 구현할 수 없었던 상상들을 온전히 실현해내는 영화적 매력의 정수.
위키드,뮤지컬 장르가 지닌 강점을 효과적으로 이끌어냈다.
위키드,노래부르는 녹색 해리포터
