﻿movie_title,review
쓸쓸하고 찬란하神: 도깨비,겨울만 되면 생각나는 이야기. 서브커플에 마음 찢기고 메인커플에 눈물콧물 빼던 그날의 겨울로 돌아가는 OST. 역시 잘되는 드라마는 OST가 좋다.
쓸쓸하고 찬란하神: 도깨비,지금도 한번씩 찾아보는 최애 들마중 하나. 우리의 영원한 도깨비
쓸쓸하고 찬란하神: 도깨비,"2016년 겨울 행복했던 여러분 , 저는 2024년 겨울 행복합니다."
쓸쓸하고 찬란하神: 도깨비,"하 너무 갓벽한 작품. 판타지 별로 안좋아하는데, 보는 내내 행복하게 만든 작품 OST까지 갓벽👍👍"
쓸쓸하고 찬란하神: 도깨비,인생드라마. 아직도 종종 보는 드라마. 사랑해요.
쓸쓸하고 찬란하神: 도깨비,메인 커플보다 서브 커플이 더 마음에 남은 이야기.
쓸쓸하고 찬란하神: 도깨비,기년이 흘러도 언제나 겨울이 되면 첫눈으로 올 드라마.
쓸쓸하고 찬란하神: 도깨비,어휴 말해뭐해 주인공 세명 비쥬얼부터가 이미 별 5개임... 결말을 향할수록 시청자 입장에서 아쉬운게 있긴 했지만...
쓸쓸하고 찬란하神: 도깨비,아직도 크러쉬의 뷰티풀을 들으면서 설레인다. 공유 김고은 이동욱 유인나 모두 더할나위없이 좋았다
쓸쓸하고 찬란하神: 도깨비,"판타지, 러브 코미디 그리고 슬픈 비극까지 한국 드라마의 최고치."
쓸쓸하고 찬란하神: 도깨비,"이게 진짜 웰메이드 드라마. 몇 번 봐도 안 질리는 참신함과 차진 대사들, 볼 때마다 새로 보이는 복선. 한국 최고의 판타지 드라마"
쓸쓸하고 찬란하神: 도깨비,역시 김은숙 작가님!
쓸쓸하고 찬란하神: 도깨비,내인생에도 신이 머물다가는 순간이 있길 바라며~~ 너무재미있게본드라마 대사도 좋고~배우님들 연기도 너무좋고 코믹한요소들도 딱 내스타일인 내 최애드라마중 하나^^
쓸쓸하고 찬란하神: 도깨비,종영 후에도 10번 넘게 본 띵작.. 어설프지 않은 CG 덕분에 과몰입 가능한 도깨비 월드
쓸쓸하고 찬란하神: 도깨비,사람들이 많이보는덴 이유가있지
쓸쓸하고 찬란하神: 도깨비,겨울이면 꼭 보는 정말 사랑해 머지않는 드라마
쓸쓸하고 찬란하神: 도깨비,겨울이면 몇번이고 찾아보는 꿈같은 스토리. 듣기만 해도 가슴이 뭉클하고 전율이 흐르는 OST까지 인생 드라마로 꼽을 만한 이유가 넘쳐나는 작품. 풍부한 연기와 대사가 명품. 추천~
쓸쓸하고 찬란하神: 도깨비,긴 호흡으로 험한 세월을 견더낸 판타지의 감각적 서사.
쓸쓸하고 찬란하神: 도깨비,명작 드라마
쓸쓸하고 찬란하神: 도깨비,도깨비 시청하는 모든 날이 눈부셨다. 판타지 세계관이 매혹적이고 ost도 모두 주옥같다. 인간의 4번의 생애 후에 도깨비는 어떡해 ㅠㅠ
쓸쓸하고 찬란하神: 도깨비,도깨비..다른 설명이 필요한가요?볼때마다 새로운작품을 보는듯한 신기한드라마..봐도봐도 질리지않아요.
쓸쓸하고 찬란하神: 도깨비,2024년 지금 봐도 재미있는 드라마...
쓸쓸하고 찬란하神: 도깨비,겨울마다 생각나는 드라마
쓸쓸하고 찬란하神: 도깨비,겨울엔 도깨비
쓸쓸하고 찬란하神: 도깨비,겨울의 시작을 함께하는 드라마
쓸쓸하고 찬란하神: 도깨비,"쓸쓸하지 않도록 일상 속에 숨어있는 판타지를 알려준다. 완벽한 하루도 엉망인 하루도 감사함이자 위로가 될 수 있고, 갑작스러운 비 소식도 누군가에겐 기적이라고 생각할 수 있게."
쓸쓸하고 찬란하神: 도깨비,배우분들의 연기력 스토리 OST 뭐 하나 빠지지 않는 드라마!
쓸쓸하고 찬란하神: 도깨비,공유 잘생김
쓸쓸하고 찬란하神: 도깨비,김은숙이 대상 받는 이유!
쓸쓸하고 찬란하神: 도깨비,몇번을 봐도 몇년이 지나도 추천작입니다.
쓸쓸하고 찬란하神: 도깨비,내 인생을 채워준 드라마
쓸쓸하고 찬란하神: 도깨비,단풍잎
쓸쓸하고 찬란하神: 도깨비,시간이 지나버려서 오글거린다고 느껴지는게 너무너무슬프다
쓸쓸하고 찬란하神: 도깨비,겨울을 느낄 수 있게 해주는 드라마
쓸쓸하고 찬란하神: 도깨비,내 인생드라마 겨울만 되면 생각남
쓸쓸하고 찬란하神: 도깨비,쓸쓸함이 매력적인 작품
쓸쓸하고 찬란하神: 도깨비,진짜 슬프고 웃고 다한 드라마임 스토리나 배우들도 너무 좋음
쓸쓸하고 찬란하神: 도깨비,내 인생 이 드라마를 첨 봤는데 2025년에 이제 본 내가 정말 후회스러울 정도 너무 좋았던 드라마 감정몰입도가 굉장히 높았었고 그래서 너무 많이 울었던 드라마 최고🥹
쓸쓸하고 찬란하神: 도깨비,오글거리는데 김고은이 귀여워서 괜찮음
쓸쓸하고 찬란하神: 도깨비,유치할 수 있는 설정을 정면돌파
쓸쓸하고 찬란하神: 도깨비,z
쓸쓸하고 찬란하神: 도깨비,겨울마다 봐줘야 하는 모든 회가 좋았던 드라마.
쓸쓸하고 찬란하神: 도깨비,이거슨 고냥 완벽 그 자체
쓸쓸하고 찬란하神: 도깨비,매년 겨울마다 생각나는 명작입니다..
쓸쓸하고 찬란하神: 도깨비,낭만 있게 내리는 첫눈도 쓸쓸하고 슬픈 눈으로 바라보게 만드는 불후의 판타지 드라마
쓸쓸하고 찬란하神: 도깨비,"날이 좋아서, 날이 좋지 않아서, 날이 적당해서 모든 날이 좋았다. 도깨비가 그러했다."
쓸쓸하고 찬란하神: 도깨비,"내 인생드라마. 쌍방 구원의 서사, 하지만 한없이 슬픔이 가득한 해피앤딩. 이보다 더 완벽할 수 없다"
쓸쓸하고 찬란하神: 도깨비,내가 원한 결말은 아니었다... 추억미화와 같은 매커니즘으로 감상하게 된다
쓸쓸하고 찬란하神: 도깨비,명작
쓸쓸하고 찬란하神: 도깨비,우리 주변에 도깨비는 존재한다. 아저씨!!
해리 포터와 혼혈 왕자,진짜 리얼 사랑꾼은 해리도 아니고 론도 아니고 해리아버지도 아니고 바로 스네이프 교수님이란 말입니다 그는 정말 츤데레고 그는 정말 눈물없이는 볼 수 없는 진정한 착한 마법사입니다
해리 포터와 혼혈 왕자,"해리포터에서 제일 불쌍한 사람을 뽑자면 전 항상 스네이프를 뽑지 않을까 싶어요 스네이프 교수님처럼 순애도 없단 말이야,,, ㅜㅜ"
해리 포터와 혼혈 왕자,시리즈의 마지막으로 가기 위한 블랙 워프홀.
해리 포터와 혼혈 왕자,가장 여운이 오래 남았던 작품
해리 포터와 혼혈 왕자,다른 시리즈와 달리 묵직하고 칙칙했던 분위기가 좋았음
해리 포터와 혼혈 왕자,이제 정말 끝이 얼마 남지 않았구나...
해리 포터와 혼혈 왕자,"서사가 길고 로맨스에 치중하며 불필요한 장면들도 있다고 느껴졌지만, 갈수록 어두운 분위기는 내 취향이었고, 볼드모트의 비밀을 알게 되며 다음편이 궁금해진다."
해리 포터와 혼혈 왕자,절정에 다다른 분위기와 어색한 로맨스
해리 포터와 혼혈 왕자,아브라 케다브라의 주문을 맞고 떨어지는 덤블도어처럼 보는 사람들도 이제 해리포터 시리즈에서 떨어지고 싶었을꺼다. 하지만 죽음의 성물이 2편으로 쪼개져서 나오니 절망.
해리 포터와 혼혈 왕자,"스네이프의 서사와 여전한 판타지적 영상미, 묵직한 분위기는 좋았지만 조금 지루했다"
해리 포터와 혼혈 왕자,해리포터 시리즈 참 좋아했습니다
해리 포터와 혼혈 왕자,역설적이게도 엄브릿지가 에이스다.
해리 포터와 혼혈 왕자,후반을 향한 중요한 빌드업
해리 포터와 혼혈 왕자,그것이 나다
해리 포터와 혼혈 왕자,시리즈 특유의 장점은 사라지고 지루함만 남음
해리 포터와 혼혈 왕자,사춘기의 시시껄렁한 연애담과 덤블도어를 죽이기 위한 음모가 시체같은 회녹색 우중충함 속에서 혼재한다. 시리즈의 피날레를 위한 바톤 터치.
해리 포터와 혼혈 왕자,스네이프의 과거
해리 포터와 혼혈 왕자,덤블도어😭😢😭 아니 근데 갑자기 스네이프가 내가 혼혈왕자다 이러니까 좀 중2병 같았음
해리 포터와 혼혈 왕자,야 이런 반전을 숨겨놨다고? 그리고 배우는 이걸 알고 있었다고? 놀랄 수 밖에 없던 이야기.
해리 포터와 혼혈 왕자,그래도 해리포터니까
해리 포터와 혼혈 왕자,내가 스네이프였으면 호그와트 자퇴함. 제임스한테 아바다케다브라 먹이고 싶음.
해리 포터와 혼혈 왕자,시리즈를 더해갈수록 책보다 더 재미가 없고 집중이 되지 않는다. 혼혈왕자에 대한 서술은 적고 사춘기 연애담이 쓸데없이 큰 자리를 차지한다. (재관람) 161120
해리 포터와 혼혈 왕자,다크다크
해리 포터와 혼혈 왕자,마지막을 향해 달려가는 시리즈의 중간 과정
해리 포터와 혼혈 왕자,"짙은 어둠의 분위기, 맘에 든다. 휘몰아치는 막판 30분에 앞의 단점은 모두 잊었다."
해리 포터와 혼혈 왕자,스포를 가장 조심해야 할 때
해리 포터와 혼혈 왕자,분위기가 어둡다 하지만 <죽음의 성물>을 위해서 봐야한다
해리 포터와 혼혈 왕자,영화화하는 과정에서 많은 부분이 사라지고 잘려나간 것 같아 참 아쉬운 편.
해리 포터와 혼혈 왕자,아직도 잊혀지지 않는다... 스네이프의 마법에 떨어지던 덤블도어.. 그 옆에 서있던 말포이와 숨어서 지켜보던 해리.. 그 모든 장면이 숨막히게 완벽했다.
해리 포터와 혼혈 왕자,"원작에서 불필요하다고 생각했던 부분은 더 늘려놓고, 클라이맥스는 김이 다 빠지게 그려놨다. 원작이나 영화나 시리즈 중 최악이라 생각하는 작품."
해리 포터와 혼혈 왕자,검다
해리 포터와 혼혈 왕자,재밌게 봤습니다.
해리 포터와 혼혈 왕자,최악의 해리 포터 영화
해리 포터와 혼혈 왕자,대서사시로 가는 과정의 지루함보다 더 견디기 힘든건 관심없는 애들의 소꿉장난같은 연애질
해리 포터와 혼혈 왕자,소설 속 중요한 설정을 다 생략하고... 스네이프는 밑도끝도 없이 왕자병으로 만들고..
해리 포터와 혼혈 왕자,4.0
해리 포터와 혼혈 왕자,바닥에서 돌멩이를 주워다니는 시리즈.
해리 포터와 혼혈 왕자,조금 아쉬웠지만 해리포터는 포터다
해리 포터와 혼혈 왕자,론의 연애사로 얼룩덜룩해진 최악의 해리포터.
해리 포터와 혼혈 왕자,"호크룩스의 발견, 덤블도어의 희생. 로맨스의 비중이 살짝만 덜했으면 더 좋았을 것 같다"
해리 포터와 혼혈 왕자,스네이프 따도남
해리 포터와 혼혈 왕자,재밌지도 않은 러브라인은 왜 넣었을꼬...
해리 포터와 혼혈 왕자,세상 한없이 우울한 스토리 전개와 회색빛 화면톤에 어우러져 가장 돋보이는 스네이프 교수의 카리스마!
해리 포터와 혼혈 왕자,마지막으로 한발자국 더
해리 포터와 혼혈 왕자,영화 02
해리 포터와 혼혈 왕자,이래서 나는 해리포터 책으로 보는게 더 좋음
해리 포터와 혼혈 왕자,⭐️
해리 포터와 혼혈 왕자,C+ 스토리가 너무 늘어짐. 해리 포터의 장점인 마법도 별로 안나와서 시리즈중 가장 별로였다고 생각함
해리 포터와 혼혈 왕자,단순한 판타지물이 아닌 성장영화로써의 한걸음
해리 포터와 혼혈 왕자,해리포터 시리즈의 비장미.
"광해, 왕이 된 남자",이병헌이 이런 연기도 가능하구나 느낌
"광해, 왕이 된 남자","한국판 왕자와 거지. 유쾌한 진행과 유머러스한 장면들이 매력적이다. 그러면서도 확실한 메시지를 전달하고, 반전도 주는 것이 여러모로 좋다고 느낀 영화이다."
"광해, 왕이 된 남자",우리의 리더는 과연.
"광해, 왕이 된 남자",이병헌이연기를너무잘함
"광해, 왕이 된 남자",이병헌 연기는 옳다
"광해, 왕이 된 남자","관객수 1,232만에 달하는 상업영화의 모범 사례"
"광해, 왕이 된 남자","철저하게 계획된 스토리, 유쾌하게 빌드업 된 카타르시스"
"광해, 왕이 된 남자","이병헌, 연기왕이 된 남자"
"광해, 왕이 된 남자",믿고보는 이병헌
"광해, 왕이 된 남자",어떻게 이런 생각을 할 수 있었을까. 시대가 재평가하는 왕을 한번 더 상상력을 부려 재탄생시킨 이야기.
"광해, 왕이 된 남자",중반까지의 전개는 참 좋았는데 후반부의 억지스러운 전개 때문에 몰입도가 확 깨버린다
"광해, 왕이 된 남자",대단한 연기와 함께 주려는 메시지도 명확했다
"광해, 왕이 된 남자",일인이역 원맨쇼
"광해, 왕이 된 남자",광대 따위가 가짜 임금이 되어도 나라를 위하는 마음은 그 누구보다 진짜였다
"광해, 왕이 된 남자",얼핏보면 가벼울 수 있을 주제를 자연스레 무겁게 녹여낸 영화
"광해, 왕이 된 남자",하하하하하하
"광해, 왕이 된 남자","병헌, 연기의 왕이 된 남자."
"광해, 왕이 된 남자",내용서치안하고 이병헌배우만 보고 봤는데 역쉬 이병헌연기는 누구도 못 따라함 표정연기 진짜 어쩔
"광해, 왕이 된 남자",후반부에서 점점 헐렁해짐을 느낀다
"광해, 왕이 된 남자",광해군 희망편
"광해, 왕이 된 남자",역시 이병헌 연기 …! 공허함을 연기로 채웠다
"광해, 왕이 된 남자",모든 부분에서 평균치
"광해, 왕이 된 남자",사람이 원하는 세상을 보았노라. 그리고 사라졌노라.
"광해, 왕이 된 남자",상상력이 재밌었다. 정치에 관한 문제들과 고민들이 영화에 담겨있어 좋았던.. 모든시대에 그런 문제들은 없지아니할수가없구나.. 이병헌의 연기는 뭐 말할것도없다
"광해, 왕이 된 남자",과감한 상상력과 고른 연기력
"광해, 왕이 된 남자",이병헌은 진짜 인정할 수 밖에 없다
"광해, 왕이 된 남자",몇 번을 봐도 좋은 영화 우리가 원하는 진정한 왕 그대에겐 가짜일지 모르나 나에겐 진짜다
"광해, 왕이 된 남자",이병헌이 광해를 안했으면 이 영화 실패다.
"광해, 왕이 된 남자",볼때마다 탄복하는 영화. 내용에 주조연 배우들에..
"광해, 왕이 된 남자",스토리도 깔끔하고 이병헌의 연기는 물이 올랐다. 우리는 언제쯤 이런 지도자를 가질 수 있을까...
"광해, 왕이 된 남자",연기왕 광해
"광해, 왕이 된 남자",이병헌의 연기는 경지에 오른듯.
"광해, 왕이 된 남자",조선의 멋진 왕을 잘 드러낸것 같다
"광해, 왕이 된 남자",마! 이게 사극 영화다!
"광해, 왕이 된 남자",마지막 그 멘트. 그 멘트가 이 영화의 감상을 모두 망쳐놓았다. 판타지를 만들라면 그 판타지가 진짜라는 듯 하는 악취는 풍기지 말아야 할 것 아니야 ㅡㅡ
"광해, 왕이 된 남자",유쾌하게 풀어낸 15일 간의 공백
"광해, 왕이 된 남자","광해군에 대한 역사적 평가를, 2명의 광해군으로 표현한 작가님의 상상력이 빛난 영화!"
"광해, 왕이 된 남자",사람 냄새가 나서 네가 너무 좋아져
"광해, 왕이 된 남자","나는 궁의 법도를 따를 뿐이다. 용상을 해하려거든, 나를 먼저 베어라. 그대에게는 가짜일지 모르나, 나에게는 진짜다."
"광해, 왕이 된 남자",어우 깔끔해
"광해, 왕이 된 남자",이병헌은 사극도 잘하는 걸로
"광해, 왕이 된 남자",이 시대의 가장 필요한 리더.
"광해, 왕이 된 남자",탄탄한 스토리에 이병헌 배우의 완벽한 연기
"광해, 왕이 된 남자",🙂
"광해, 왕이 된 남자",.
"광해, 왕이 된 남자",긴장감 있는 연출과 모든 출연진들의 연기력이 우수하다. 이병헌은 연기자 아니었으면 뭘 했을까 싶을 정도로 이병헌의 1인 2역 연기는 명품이다👍
"광해, 왕이 된 남자",연출 ★★★☆☆ 영상 ★★★☆☆ 음향 ★★★★☆ 내용 ★★★☆☆ 결말 ★★☆☆☆ 연기 ★★★★★ 재관람의향있음
"광해, 왕이 된 남자",재미있게 봣어요
"광해, 왕이 된 남자",4.0
"광해, 왕이 된 남자",이걸 찍고 블랙리스트에 올랐다는 사실은 두고두고 웃길 것 같다
레드 룸스,하나도 안 무서운데 최고 무서운 영화 (약 스포)
레드 룸스,범죄 다큐를 '재미있다'고 말하는 사람들에게 던지는 껄끄러운 질문
레드 룸스,정체를 알 수 없는 집착에서 공포를 느낀다
레드 룸스,나에게도 저런 방이 있을까
레드 룸스,일반적인 범위를 벗어난 주인공의 집착과 광기!
레드 룸스,"죽음과 고통을 돈으로 사는 사람들, 삶을 뺏긴 자들의 비명이 여전히 귓가에 맴돈다"
레드 룸스,이해하지 못하는 것마저도 의도겠지요
레드 룸스,이해되지 않는 무언가의 답답함과 인터넷 접속을 멀리해야 한다는 생각이 들었다.
레드 룸스,사건을 바라보는 새로운 시선의 아쉬움과 통렬함이 겹쳐진 매력
레드 룸스,누구도 예측할 수 없는 그 시선이 주는 모든 것.
레드 룸스,무서운 장면 없이 무서운 영화라는게 이런 말일까? 고요히 흐르다가 그 끝엔 불쾌함과 공포로 다다르는.
레드 룸스,역시 겉으로 좋아보이고 완벽해보이는 사람이 더 무섭다. 도통 알 수 없는 눈빛이 너무 음흉해보였는데 역시나.. 어떠한 상황에서도 자기만족을위해 꿋꿋하게 집착하는 모습이 너무 기괴함
레드 룸스,범죄 그 자체에 이끌림에 대한 시점
레드 룸스,왜? 라는 의문과 소리가 주는 역겨움으로 끝까지 밀고 나간다.
레드 룸스,분명 기다렸던 결말임에도 찝찝하고 불쾌하다. 켈리앤의 행동은 정의를 위해서였을까. 감독은 그녀의 마음을 비춰냄으로써 관객들의 마음에도 레드 룸을 연다.
레드 룸스,의문의 여성이 의문스러운 일들을 벌이고 끝까지 의문으로 남는다.
레드 룸스,"“꺼림칙한 관음, 비정상적인 행동 사이에 들러붙는 도덕성에 대한 질문”"
레드 룸스,"시선들을 삼키는 붉은 빛의 욕망, 설명할 수 없어서 더욱 섬뜩하다."
레드 룸스,지금 이 글을 쓰는 순간에도 섬찟하는 보여지는 것들의 추악함과 발빠르게 읽어내는 나의 눈동자가 께름칙해진다.
레드 룸스,이해하기 어려운 영화였지만 분위기에 압도되었고 영화에 대한 해석을 알고 난 뒤 소름이 돋았다.
레드 룸스,심연을 차갑고 세밀하게 응시하는 무수한 눈들 가운데 빛나는 안광.
레드 룸스,당당히 모든걸 공개할 수 있는 사람만이 돌을 던져라
레드 룸스,"결벽적인 완벽함에 살다가 흐트러짐을 발견했을때의 그 기분. 그리고 그때 느껴지는 파멸, 집착."
레드 룸스,"아. 진짜 왜켈 재미없냐.... 초중반까지 지루한건 둘째치고, 끝까지 지루함. 고루함. 구태의연함."
레드 룸스,파란 빛은 하얀 빛과 붉은 빛을 쳐다보고 하얀 빛은 붉은 빛을 쳐다보는 방향 그래프
레드 룸스,"8.8/관음, 관찰, 방관, 본능, 왜곡, 욕망, 정의, 탐구, 흥미 등등의 사이를 고요히, 교묘히 오가며 색이 번지고 형체가 문드러지듯 점차 모호해져만 가는 현상과 본질."
레드 룸스,레드 룸스 간단 후기
레드 룸스,"제 3자의 관점에서, 오직 상상만으로 빈 여백을 채워가며 완성시키는 각자의 시선과 아이덴티티."
레드 룸스,중반부 한장면에서 소름끼쳐 눈물남.
레드 룸스,당신의 시선은 어디로 향하고 있습니까
레드 룸스,"악마의 추종자들, 현실로 돌아오다."
레드 룸스,~ 레드 룸스 간략 후기 ~
레드 룸스,소지섭의 선택! 모호한 법정 스릴러
레드 룸스,오프닝이 시작되는 순간 알았다.
레드 룸스,사유하지 않는 분노는 배설과 다를 바 없는 게 아닌가 그렇다면 분노에서 그치지 않고 나아가려면 어떻게 해야할까 @ 241007 키노라이츠 시사회 용산 CGV
레드 룸스,이진법적 사고가 세상과 동감하는 방법'
레드 룸스,저마다의 붉은 방
레드 룸스,후반부 음악이 소름 돋더라 재밌게 봤다
레드 룸스,"당신이 심연을 오랫동안 들여다본다면, 심연 또한 당신을 들여다볼 것이다. - 프리드리히 니체"
레드 룸스,밀레니엄 시리즈의 라이트한 버전 같기도 하고
레드 룸스,스릴러보다는 권선징악을 위한 주인공의 히로인 역할이 돋보이는작품
레드 룸스,끝까지 풀리지 않는 의문에 답답… 대체 왜?
레드 룸스,아주 충격적인 영상을 보면 누군가는 울고 누군가는 쓰러지고 누군가는 현실을 깨닫게 되지만 또 어떤 누군가는 현실을 바꾸기 위해 자신만의 길을 걷게 될지도 모른다.
레드 룸스,드러내기 보다는 안으로 삭히며 천천히 발화한다. 암튼 공포 영화 보다는 심리 스릴러
레드 룸스,사건의 중심이 아닌 국외자들 심리의 해부!😎
레드 룸스,전형적이지 않은 강렬한 작품
레드 룸스,"끝없는 기괴함, 아니 빌드업의 향연. 영화가 끝나면 곧바로 첫 장면으로 돌아가 다시 보고 싶어집니다"
레드 룸스,영화 전반에 없는듯 존재하는 수많은 시선들. 관찰하면서 동시에 관찰 당하고 있는 듯한 감각이 뚜렷하다. 몇 장면들과 결합된 소리의 사용이 강렬하고 인상적임.
레드 룸스,직접적인 묘사 없이 차근차근 물음표 띄우는 빌드업을 하다 갑자기 미끄덩.
레드 룸스,레드 룸스 정보 출연진 평점 줄거리 결말 리뷰 해석 법정 스릴러 영화
클로저,한참 울었다.... 지나간 사람이 생각나는 영화
클로저,더 가까이 가려다가(closer) 닫혀버린 마음(closure).
클로저,진실만을 좇다가 놓쳐버린 당신의 진심
클로저,모든 것을 전부 보여준다고 해서 진실된 사랑이 아니라는 역설.
클로저,흔들리고 깨져도 끊을 수 없는 미련한 사랑 모든 관계에 항상 진실이었던 것은 앨리스 단 하나였다.
클로저,"네 사람 중 가장 어렸던 앨리스는 관계에 있어서는 가장 성숙했고 보이는 것만이 다가 아니듯 사랑도 마찬가지였음을 안녕 (Hello) 낯선 사람, 안녕 (Bye) 낯선 사람."
클로저,"20년 가까이 시간이 지났어도 이 영화는 여전히 세련되었다. 매혹적인 배우들과 이야기, 주제, 그리고 진행방식. 말그대로 매혹적인 영화."
클로저,"관계는 자석 같다. 가까워질수록 같은 극이 되어 밀어내고, 떨어져야 비로소 다른 극이 되어 이끌리게 된다."
클로저,모든 걸 알아야 했지만 결국 아무 것도 모른 채 끝나버린 사랑.
클로저,그놈의 솔직함 그놈의 진실
클로저,뉴욕을 걷는 앨리스와 런던을 걷는 제인 사이의 성장사
클로저,조금 더 나이가 들면 다시 봐야지.
클로저,To. 타이밍과 타이밍 사이에서 헤엄치는 이들에게
클로저,당신은 나에 대해 얼마나 알고 있는가? 나는 당신에 대해 얼마나 알고 있는가?
클로저,"그들의 사랑은 어디에나 있었고, 아무데도 없었다."
클로저,"두 남자와 두 여자, 그래서 네 사람. 만나서 소리 지르고 윽박지르고 소유하고 소유당한다. 자신만이 알고 있는 진실을 발설하면 벌을 받아야 하고, 그 벌조차 달게 받고 싶을만큼 사..."
클로저,이런게 사랑이라면 안하겠어요
클로저,사랑도 순간의 선택일 뿐. 사렁과 집착이 양날의 칼처럼 날카롭다. 제일 내세울 거 없는 앨리스가 가장 사랑을 잘 이해하고 받아들인다. 젊어서 하는 치기어린 사랑엔 확실히 공감력 0
클로저,"I can't take my eyes off you 난 당신에게서 눈을 뗄 수 없었는데, 정작 당신의 눈 속은 들여다보지 않았었군요 130915"
클로저,사랑의 공허함
클로저,“난 널 영원히 사랑할 수도 있었어.”
클로저,오프닝 주드로는 세상에서 가장 매력적인 남자였는데 다 보고 나니 웬 찌질이하남자가
클로저,연출은 불호인데 이야기가 잼슴
클로저,사랑이 다 뭐야
클로저,연출 대사 연기 뭐하나 빠지는게 없다 배우들의 본인역할에 대한 이해도가 너무 완벽하다 여기에 주제곡까지 완벽하게 조화를 이룬다
클로저,꼭 그렇게 다 망칠 줄 모른다.
클로저,20대 때와 30대 때의 감상이 너무나도 달랐던 영화. “사랑은 순간의 선택이야”
클로저,죄다 이상하지만 나탈리 포트만의 매력적인 예쁨을 보는 재미
클로저,외도는 아름답지 않다.
클로저,제일 어른스러운 사람이 제일 어린 사람...
클로저,볼때마다 내가 느끼는 감정이 새롭다. 사랑과 진실과 행복이 공존할 수 있는 선택의 기로.
클로저,욕망이란 고리를 풀어낼 수 있음에도 되여 고리에 매달릴려는 욕망이란.
클로저,참을 수 없는 관계의 가벼움
클로저,'사랑'이라는 '감정'의 본질
클로저,"""Where is the love?"" 영화의 분위기가 너무 매혹적이다"
클로저,낯선 사랑과 낯선 진실 남자는 감당 할 수 없는 진실을 알고싶어하고 여자는 그 진실을 잔인하게 알려준다
클로저,영화가 전개될수록 뭔가 마음이 답답하고 갑갑해져 보기 힘들었다
클로저,사랑과 전쟁(17금인데 17세는 이해 불가)
클로저,"무지가 주는 사랑, 가까워질수록 떠나가는 마음."
클로저,사랑에 대해 이렇게나 솔직한 영화라니
클로저,"알리스가 아니라 제인이었다, 제인 존스"
클로저,"사랑은 하나의 양상으로 나타나지 않는구나... 누가 더 사랑했다, 누구의 사랑이 맞다 라는건 무용한 이야기고"
클로저,연극은 이렇게 영화화 해야지!
클로저,"주드로가 너무 잘생겼다,,"
클로저,and so it is. 결국 나는. 우리는. 서로에 대해 아무것도 몰랐던 것일지도.
클로저,사랑은 하트모양처럼 단순한 것이 아니다. 단순하지 않은 사랑을 단순하게 판단하는 사람들
클로저,"상대를 볼 때 내가 어떤 눈을 하고 있는지, 나는 볼 수 없다."
클로저,네가 날 안다고?
클로저,가깝지만(close) 닫혀가는(close) 관계들
클로저,뒤틀리고 빗나가는 연인 관계를 그린 영화. 아무리 사랑하는 연인도 결국엔 타인일 뿐이다.
쓰리: 서바이벌 아일랜드,켈리 브룩이라는 무기 하나만 잘 쓴 영화
쓰리: 서바이벌 아일랜드,‘저질’의 삼각형.
쓰리: 서바이벌 아일랜드,켈리브룩 나쁜년
쓰리: 서바이벌 아일랜드,영화 내용은 기억이 나지 않는다
쓰리: 서바이벌 아일랜드,여주의 몸매에 4.0
쓰리: 서바이벌 아일랜드,비슷한 종류의 스토리가 상당히 많은 무인도 표류기 주술을 부린다는게 웃기긴 하지만 뭔가 허술하고 오래돤 듯한 느낌의 영화 마지막도 뭔가 부족하네..
올드보이,죽기보다 참기 힘든 비밀을 알고도 살아가야 하는 것만큼의 고통이 또 있을까
올드보이,지금 다시봐도 올드하지 않은 정말 신선했던 영화
올드보이,군만두만 생각나는 영화...역시 미스터리는 어렵다 어려워
올드보이,"박찬욱 감독의 영화는 언제나 역동적이고 극단적이며 냉철하다. 한국 사회에서 금기시되는 극단적인 소재와 자극적인 시퀀스와 미장센으로 점철되어 있음에도 관객들은 두 남자, 최민식과 ..."
올드보이,"""웃어라. 온 세상이 너와 함께 웃을것이다."" ""너희도 그럴 수 있을까?"" ""사랑해요 아저씨."""
올드보이,그당시 충격적인 내용이었음
올드보이,"박찬욱의 연출 최민식의 연기로 끝난 작품. 이우진 유지태의 L자 요가씬, 오대수의 망치 1대 단체 격투씬, 이우진이 누나에 손을 놓는 씬, 오대수가 혀를 자르는 씬. 낙지와 군만두"
올드보이,말이라는 나비의 날개짓이 가져온 파멸이라는 태풍
올드보이,어떻게 그런 소재를 거부감없이 풀어냈는가...2003년이다. 박찬욱감독은 천재
올드보이,오대수가 괴물이 되기까지 갇힌 자 오대수에게는 삶의 궤적이 필요하다. 갇히기 이전의 도입부는 흔한 셀러리맨으로 경찰서에 난동을 피우는 것으로 시작한다. 물론 술자리에서도 그랬겠...
올드보이,"앞으로 올드보이를 뛰어넘을 한국 영화가 나올까 갖는 작은 기대감, 혹은 큰 절망감이 이 작품의 장점이자 단점이다."
올드보이,볼 때마다 감탄하는 영화
올드보이,영화관에서 봤을땐 말그대로 너무 충격이었고 무엇보다 류지태배우의 연기에 소름돋았던 기억이 난다. 내내 불편함뿐이었던 영화지만 해외에서도 극찬하는 것보면 영화사에 획을 긋는 작품임!
올드보이,내스타일은 아니지만 완성도는 단연 탑급
올드보이,복수 3부작 중 하나. 사건 이후 복수 하나만을 바라보고 살았으나 끝으로는 무엇이 남았나. 생각이 많아지는 영화였다. 몇십 년이 지났지만 그때의 기억이 생생하다.
올드보이,20년이 지난 지금 봐도 촌스럽지 않은 스토리와 영상미. 괜히 박찬욱이 아니였다
올드보이,"이 작품이 개봉되어 극장에서 상영중일때 관람한것이, 이제와서 돌이켜보니 너무 다행스러운것이었다."
올드보이,장면 하나 하나가 각인된 영화
올드보이,마지막의 반전의 충격을 잊지 못함….
올드보이,말 한마디 조심하고 살아야지
올드보이,영화라는 도구가 발휘할 수 있는 최대치
올드보이,그 당시의 올드보이를 싫어하고 모르는 사람이 있었을까
올드보이,충격적인 진실과 인상깊은 군만두
올드보이,인간에 대한 고찰을 한국영화만의 색깔로 보여준 명작 영화
올드보이,"좋은 시기, 최고의 배우들이 만들어낸 좋은 결과물을 오늘날까지 볼 수 있다니..!"
올드보이,왜 박찬욱이 거장인가
올드보이,"아름다움과 처연함과 고독함과 아픔이 다 들어간, 그걸 연출과 연기, 촬영으로 해낸 마스터피스. 에버그린올드보이 대수, 우진. 아, 미도와 수아는? 명불허전 박찬욱 2003. 4.0"
올드보이,이 영화를 보기 전으로 돌아가고 싶다
올드보이,너에게는 아니여도 나에게는 맞다
올드보이,뇌리에 스치는 강렬한 대사. 누나하고 난 다 알면서도 사랑했어요. 너희도 그럴 수 있을까?
올드보이,누구를 위한 복수이고 남는 고통은 무엇인가.
올드보이,비극으로 인한 복수와 그 복수에 의한 복수가 만나 비극이 만들어지는 영화
올드보이,오대수는 기억을 잃지 않았다
올드보이,"10년전에 봤던 올드보이는 강력한 미장센과 스토리를 응집하여 만든 날카로운 사시미였고, 다시 본 올드보이는 포커스와 편집을 제련하는 장인의 망치였다."
올드보이,난 군만두만 먹고는 못 버팁니다.
올드보이,각기 다른 나이마다 다시볼때마다 왜 못봤던게 나오는거야
올드보이,잊어버리지 못할 마스터피스.
올드보이,이 영화를 이제야 본 내가 후회된다. 이런게 진짜 한국영화아닐까. 요즘 상업영화랑 비교가 안됨. 그 유명한 영화 OST. 소재가 좀... 그렇지만 참신하다.
올드보이,낙지
올드보이,우리 나라 영화 황금기는 2003년에 머물러 있다
올드보이,올드보이의 올드보이
올드보이,.
올드보이,"연출, 연기, 주제의식, 미장센, 음악 모든 부분에서 극찬받을 만한 한국 영화 최고작 중 하나."
올드보이,나중에 다시볼게요
올드보이,"사소하다 생각할 수 있는 말이 불러올 수 있는 복수극, 모든게 완벽히 완성된듯한 영화"
올드보이,대한민국 최고의 영화
올드보이,끝까지 정말 치열하게 봤다
올드보이,늙어버린 소년의 처절한 복수극
올드보이,가벼운 혓바닥이 굴린 너무 커져버린 공
올드보이,우린 알면서도 사랑했어요 너희도 그럴수 있을까?
사나운 땅의 사람들,나의 평화를 묻게 한다.
사나운 땅의 사람들,웰메이드 미드 진존잼
사나운 땅의 사람들,이 어두운 분위기.. 음악.. 풍경.. 연출.. 모든게 완벽하다. 세라 빼고..
사나운 땅의 사람들,"미국 성조기에 빨간 줄은 피를, 흰 줄은 영혼을 상징하는 게 아닐까… 오래간만에 재미와 작품성을 다 잡은 대작을 봤다."
사나운 땅의 사람들,여주가 중2병+갱년기 같이 옴. 말을 진짜 ㄱ드릅게 안 듣고 오백지랖임 그로인해 →사건발생→남주가 똥 치음→또 말 들음→시간발생 ㅇㅈㄹ 반복하다 끝남.
사나운 땅의 사람들,데인드한이랑 인디언 여자 캐릭터는 조금 정리가 안된 느낌이었음... 셰인st 마무리가 아쉽긴 하나 중반까지 너무 재미있게 봄
사나운 땅의 사람들,서부개척시대라는 이름의 야만의 시대를 덤덤하게 비춘 작품 인물서사는 아쉬운데 인간서사가 좋았다
사나운 땅의 사람들,"미드 사나운 땅의 사람들 (2025), American Primeval"
소셜 네트워크,"현실은 프로그래밍 되어있지 않아서, 아무리 F5를 눌러도 고장난 관계가 뚝딱 새로 고쳐지지 않는다."
소셜 네트워크,완벽한 리듬의 교차편집과 연출로 철저히 세공된 핀처식 SNS 스토리텔링
소셜 네트워크,겨우 대학생 레벨에서 이뤄지는 일들을 보고 있자면 자본주의 사회에 유리한 지능은 분명 타고난 다는 생각이 듬과 동시에 그들이 사는세상을 동경하게 된다
소셜 네트워크,가장 원하던 것을 이뤘으나 정작 옆에 있던 소중한 것을 잃어버렸다.
소셜 네트워크,순수 재미는 좀 떨어진다.
소셜 네트워크,캐릭터 성이 너무 강해 한눈팔면 영화가 내 감정을 이끈다.
소셜 네트워크,#💻 뒤쳐지지 않기 위해서 뒤에 제쳐둔 것들.
소셜 네트워크,Social Network Service 대신 Social Network
소셜 네트워크,자칫하면 지루할 수 있는 이야기를 훌륭한 리듬으로 표현해냈다
소셜 네트워크,치열한 경쟁사회와 자본주의의 산물
소셜 네트워크,"기교적인 연출과 편집, 지루할 틈 없는 각본, 담백한 연기의 앙상블."
소셜 네트워크,인간관계를 가장 잘 보여주는 전기 영화
소셜 네트워크,싫던 페북은 더 싫어지고 대단한 핀처는 더 대단하게 느껴지는 영화. 찌질한 한 남자의 일대기에 이 시대 사람들의 욕망의 단면과 관계의 본질을 흥미롭게 배치한다.
소셜 네트워크,나도 몰입하며 살아보고 싶다
소셜 네트워크,페이스북 탄생이야기를 이렇게 재미있게 연출하다니 데이빗핀처는 영화 만드는데 도가 튼 거 같다
소셜 네트워크,아론 소킨의 각본을 데이빗 핀처가 연출했는데 당연하지!!
소셜 네트워크,말이 빠른가 스토리가 빠른가 재밌는 실화
소셜 네트워크,동기부여의 중요성
소셜 네트워크,세계 최연소 억만장자 글쎄 난 어떤 감동도 재미도 없다. 자기가 잘 하는 걸 운좋게 달성했을 뿐.
소셜 네트워크,소셜네트워킹을 못하는 인간이 만든 소셜네트워크. 마크는 모든 걸 알고 선택했다. 그가 옳았냐고? 나라면 친구는 지켰을 거다. 사람을 도구로 본다는 인식만은 남았다./나무위키 필독
소셜 네트워크,날카로운 편집과 딕션의 묘미
소셜 네트워크,쉴 틈없이 몰아붙이는 대사의 향연에 눈을 뗄 수 없다
소셜 네트워크,쓰레기같은 사람의 자서전.
소셜 네트워크,데이빗 핀처는 21세기 현대 영화의 전형을 만들어 내는 사람이다.
소셜 네트워크,모든 걸 다 가졌어도 전여친 친구 수락을 기다리는 주인공 과연 돈이 전부일까
소셜 네트워크,"안정된 화면과 빠른 속도의 전개, 세련된 연출"
소셜 네트워크,핀처는 당장 전기 영화 시리즈를 만들어라.
소셜 네트워크,페이스북의 시작에 대해 미화 없이 솔직한 모습을 보여줬다고 생각함.
소셜 네트워크,이야기는 거지같은데 데이빗 핀처는 천재다 여러모로 짜증나는 영화
소셜 네트워크,21세기의 시민 케인
소셜 네트워크,테크 관련 영화 … 조금 지나지 않고 평가 하거나 아는 척해서 만들면 좋지 않음
소셜 네트워크,.
소셜 네트워크,아이디어란 사라지는게 아냐
소셜 네트워크,페이스북 창업자 마크 저커버그의 실제이야기. 무엇인가 퐉! 하는 갈등은 없다. 하지만 이 인물 자체 매력적이라 볼 가치가 있다.
소셜 네트워크,"도전적인 창업 스토리, 팽팽한 법정 다툼 스토리, 모든 걸 완성시킨 날카로운 연출."
소셜 네트워크,데이빗 핀처는 스타트업으로도 스릴러를 만들 수 있다.
소셜 네트워크,대화만으로 서스펜스를 만들어내는 아론 소킨과 방대한 이야기를 경제적으로 전달하는 데이빗 핀처의 시너지
소셜 네트워크,세상에서 가장 큰 관계에서 더 큰 관계를 잃었다는 것을 깨닫다
소셜 네트워크,왈도 불쌍하다
소셜 네트워크,"태풍의 눈이 이상하게 고요하듯, 사회적 관계망의 중앙도 이상하게 고요하고 황량했다."
소셜 네트워크,단순한 스토리 덕분에 돋보이는 완급조절과 연출력
소셜 네트워크,페이스북이라는 매체를 대화라는 탁월한 방식으로 엮어낸 데이빗 감독에게 놀랐다:
소셜 네트워크,천재는 언제나 외롭지만 드라마를 만든다.
소셜 네트워크,데이빗핀처 영화라 봤다가 제시아이젠버그를 발견 했던 영화
소셜 네트워크,"마크 주커버그가 천재로 불리기 위해 스스로 노력한 점이 없는 것은 아니지만, 성장 과정에서 주변 사람들을 희생하였다는 점은 - 부정하고 있지만 - 부정할 수 없는 사실."
소셜 네트워크,찌질로 시작해서 찌질로 끝. 좋은데 싫은 영화.
소셜 네트워크,페이스북 초기 문화와 사람들의 얽힘이 잘 짜여진 구성과 돋보이는 캐릭터 속에서 드라마로 구현된다
소셜 네트워크,왜인지 잊혀지지 않는 마지막 장면.
소셜 네트워크,모든 성공스토리는 각색되는 법. 같은 강의를 듣는 친구랑 소통하기 위해 플랫폼을 만드는 찐따의 혁신. 결국 세상을 바꾸는 건 기존에 세상에 녹아들지 못하는 찐따들이다.
소셜 네트워크,재밌다. 미화는 좀 된거같은데
와일드 로봇,로봇판 마당을 나온 암탉
와일드 로봇,드림웍스가 간만에 회사 이름에 걸맞은 작품을 내놓았다. 대 AI 시대에 만나는 <마당을 나온 암탉>. 기계와 자연의 공존에서 묻는 인간성의 재발견.
와일드 로봇,주변을 잊은 우리에게 전하는 다름을 잊고 조화를 이룬 와일드한 친구들의 메시지
와일드 로봇,상생과 모성을 느끼게 해주는 로봇과 동물들의 자각
와일드 로봇,볼 때마다 탄성이 나오는 영상과 매순간 엄마미소가 지어지는 순간들.
와일드 로봇,로봇에게서 느끼는 야생에서의 엄마의 마음!
와일드 로봇,아름답고 화려한 색채와 화풍으로 담은 순리와 모순이 공존하는 삶의 순환
와일드 로봇,아이들을 위한 애니메이션 영화의 교과서
와일드 로봇,아이 영화라서 가볍게봤는데 부모의 정의를 새롭게 생각한 영화
와일드 로봇,사랑과 동떨어진 물체에서 사랑을 찾을 때마다 가슴이 따듯해진다. 로봇 함부로 발로 차지 마라. 너는 한 번이라도 사랑을 느껴본 사람이었나.
와일드 로봇,뻔하지만 뻔하지 않은 와일드로봇
와일드 로봇,"사랑과 희생의 가족애, 자아 성찰이라는 해방감"
와일드 로봇,처음에 살짝 지루했지만 감동 그자체입니다...
와일드 로봇,역시 드림웍스.감동까지 있다
와일드 로봇,어머니의 사랑에 대해 다시한번 생각하게 하는 눈물 나는 영화 어미니께 더 잘해 드려야 겠다 세상은 혼자가 아니다라는 메세지를 던저주는 영화
와일드 로봇,어릴 적 헌신적인 부모님을 생각하게 한 영화
와일드 로봇,우연으로 시작된 만남이 사랑으로 마무리되기까지
와일드 로봇,황홀한 비주얼과 감동적인 스토리텔링이 결합된 드림웍스의 새로운 걸작 애니메이션!
와일드 로봇,스토리는 뻔하나 몇몇 장면은 감탄했다. 특히 감정이 담기지 않은 로봇의 어조로 그 대사를 하는 순간 최근 본 영화 중에서 가장 큰 감정의 동요를 느꼈다.
와일드 로봇,순수하게 아름다운 영화
와일드 로봇,와일드 로봇
와일드 로봇,<장손>과 함께 2024 최고의 대가족 영화가 아닐지!
와일드 로봇,30주년 드림웍스의 가장 따스한 로봇 어드벤처 ^^
와일드 로봇,메세지와 전개의 합중주와 감정적 소용돌이의 융합이 매우 뛰어난 감동을 선사하며 끝가지 앉아있게 된다
와일드 로봇,뻔하지만 거기에서 오는 감동적임
와일드 로봇,보통의 주제임에도 여운을 깊게 남기는 드림웍스의 분기점이 될 수작.
와일드 로봇,본능에 구애받지 않는 부모됨에 관하여.
와일드 로봇,더빙과 자막 각각의 맛은 이 영화의 또 다른 재미요소
와일드 로봇,가숨따듯한 이야기와 색감
와일드 로봇,"로봇과 자연, 서로 대비되는 것들이 맞물린 여러 폭의 캔버스이자 한 편의 동화."
와일드 로봇,"프로그래밍 되어진 본능을 넘어, 마음을 나눈다는 것."
와일드 로봇,부모가 된 다는건..
와일드 로봇,초식동물과 육식동물이 가족처럼 사는 숲은 과연 유토피아인가...?
와일드 로봇,진짜 재밌어요
와일드 로봇,로봇으로 가족애니를 만들다니.. 또르르...
와일드 로봇,나도 모르게 눈물이...
와일드 로봇,가볍게 보다가 무겁게 한방 먹었네
와일드 로봇,왠지는 모르겠지만 월e가 생각나는 영화. 어쩌면 월e보다 명작일수도 있다
와일드 로봇,역할에 따라 우리는 다채롭게 변화한다
와일드 로봇,"프로그래밍이 지시하는 대로가 아닌, 마음이 시키는 대로… 아이를 위해 봤는데, 부모가 위로받은… 뜻밖의 따뜻한 선물."
와일드 로봇,개봉 첫주에 만난 영화 나름 울컥하게 하는 매력을 보여주었다
와일드 로봇,"진짜 슬퍼요... 개인적으로 인사이드아웃2보다 슬펐어요,,ㅠㅠ"
와일드 로봇,괴물에서 엄마가 되기까지.
와일드 로봇,내가 기대를 많이했나?
와일드 로봇,가끔은 이런 세상을 꿈꿔보는 것도 좋지 않을까?
와일드 로봇,정직한 프로그래밍으로 입력돼도 가슴으로 느끼고야 마는 사랑과 공존의 가치.
와일드 로봇,끊임없이 재생하는 자연의 친절함은 파괴하는 이들 마저 포용해준다
와일드 로봇,어깨에 아이를 올리고 두팔 벌려 언덕을 뛰는 장면에서 오열해버렸다. 얘들아 아빠가 더 열심히 뛰어볼게
와일드 로봇,"내가 아이에게 삶을 준 것처럼 보이지만, 사실은 태어난 아이가 나에게 삶을 준 것이다."
와일드 로봇,신비롭고 환상적인 꿈의 교감.
