﻿movie_title,review
언내추럴,이 작품을 안 본 사람은 반쪽짜리 Lemon을 듣는 것이다
언내추럴,-
언내추럴,ost부터 배우들 연출까지 뭐 하나 빠지는 거 없이 좋다 시즌2를 기다리게 하는 드라마..
언내추럴,드라마 보다 ost가 더 유명한 작품이지만 lemon의 가사가 가장 와닿을 때는 역시 드라마를 본 이후이다
언내추럴,.
언내추럴,일단 일드 좋아한다고 어디가서 말하려면 이건 꼭 봐야함 ㄹㅈㄷ 띵작
언내추럴,일드중 오글거리는 연기 없는 희귀한 드라마 존잼
언내추럴,가장 좋아하는 일드예요 정말 최고의 의학드라마ㅜㅜ
언내추럴,와 역대급 드라마 진짜 재미있게봤어요 한편한편 완성도가 장난 아니네요 이시하라사토미 존예... 레몬 ost 너무 좋아요!!
언내추럴,옴니버스인 듯 아닌 듯 하나로 이어지는 이야기가 좋았다
언내추럴,사실 이건 끝날때마다 등장하는 요네즈켄시의 레몬이 다했다...
언내추럴,인생 일드. 5점 만점에 100점.
언내추럴,깔끔하고 군더더기 없는 드라마 이런 드라마 은근 찾기 어렵다
언내추럴,깔끔한 드라마
언내추럴,일드 특유의 느끼함이 있으나 적중률 90%쯤 되는 감동적인 스토리라인에게 큰 별점을 주고싶다
언내추럴,서사가 이렇게 잘 들어찬 드라마는 오랜만에 보는 것 같다...
언내추럴,레몬을 들을 때의 느낌은 이 작품을 보기 전과 본 후로 나뉜다
언내추럴,이런 드라마 또 없나?
언내추럴,사회적 문제들을 짚어주는 각각의 에피소드들이 신선했고 그러면서도 몰입력을 잃지 않게 만드는 흐름과 개연성이 너무 좋았습니다. 시즌2 소취기원 !!
언내추럴,확실히 이 제작자분들이 잘 만드심 굳건하게 ost가수도 똑같이하고 엠아이유도 좋았는데 언내추럴 진ㅋ자 좋다
언내추럴,감상평 왜 저래
언내추럴,감정서에 담을 수 있는 감정이란 있는 그대로의 진실을 다루는 살아있는 자들의 열의뿐.
언내추럴,흔치 않은 소재의 드라마로 순식간에 다 봤다. 일본 작품은 원래 OST부터 웅장한가?
언내추럴,더 말해 봐야 입만 아픈 5점짜리 완벽한 작품
언내추럴,이 드라마를 보고 난 후로 Lemon을 들을때마다 눈물나려함😭 진짜 내 인생 드라마임. 매 회차마다 엄청 몰입해서 보는데 2화 마지막에는 진짜 울뻔했다. 일드 특유의 오글거림없음
언내추럴,입이 아닌 몸을 통해 이야기하는.
언내추럴,Lemon 🍋 노래때문에 알게됬다고해도 무방한작품 하지만 보고난뒤 감상은 진짜 노래 너무잘만들었다 작품도 좋았다
언내추럴,절제로 만든 희극
언내추럴,굿굿
언내추럴,낡아가는 일본 드라마의 형식 속에서도 주제의식은 빛난다.
언내추럴,이유 없는 죽음은 없다. 그 이유를 풀어주는 자들의 이야기
언내추럴,가볍게 볼만한 일본 드라마
언내추럴,법의학을 다룬 드라마인데 사건들이 특별합니다. 추천드립니다.
언내추럴,드라마를 보기 전 OST를 들었을땐 그저 노래가 좋았는데 드라마를 보고 나서 OST를 들으니 인상깊었던 장면들이 자꾸 생각나요
언내추럴,이시하라 사토미의 매력을 알게해준 작품. 에피소드마다 내용도 정말 탄탄하고 이 드라마를 계기로 나의 법의학에 대한 관심이 커졌다. 중간중간 나오는 고독한 미식가 아저씨도 재미있음ㅋ
언내추럴,크으 진짜 미우404랑 같이 역작임
언내추럴,이 드라마를 보고난 후 레몬 들을때마다 눈물남
언내추럴,일본 드라마에 대한 편견을 깨 준 작품
언내추럴,법의학을 통해 남겨진 사람들에게 따뜻한 위로를. 드라마 속에 사회 문제를 적절히 녹여내어 시청자들에게 물음을 던진다.
언내추럴,스토리도 탄탄하고 다루는 주제와 메시지도 좋다. 아아.. 아름다운 이야기였어.....
언내추럴,담백하고 잔잔하며 삶을 이야기하는 드라마
언내추럴,의문의 죽음을 다루는 두 검시관의 이야기.
언내추럴,재밌어요
언내추럴,절망과 함께 살아가는 법
언내추럴,로맨스 없는 직업 드라마. 매화 다른 내용이어서 볼 때 루즈해지지 않고 잘 본 것 같음 드라마에 미쳐서 앓거나 덕질할 정도로 매력있는 드라마는 아니었지만 살면서 한 번 쯤은 보세요
언내추럴,뻔해보이는 줄거리 뒤에 감춰진 이야기가 많아 흥미로웠다.만화에서 나온듯한 인물 몇이 거슬리지않는다면 가볍게 즐길 수 있음.미국의학드라마의 만듦새는 기대하지 말 것.
언내추럴,이 드라마를 본 뒤로 유메나라바~만 들으면 눈물이 난다
언내추럴,너무 짧고 너무 재밌음…. 기막힌 타이밍에 깔리는 레몬까지… 이시하라 사토미 연기 대박임 😱👍
언내추럴,최애 일드
언내추럴,지루할 틈이 없다. 시즌2 내놔라!
이블린,"죽음이 삶의 일부이듯, 떠난 자도 남은 자들 곁에서 기억 속에 영원히 살아간다."
장손,가부장제에대한반란
장손,"정겹다가도 지긋지긋하고 겉으로는 격식 있지만 속은 곪아터진 우리 가족, 우리 사회, 우리 나라"
장손,혹여 마지막 봉투를 부러워 하지 말라. 그에겐 사랑이자 영원한 족쇄가 되었으니. 감당치 못한 한낱 아이는 떨어지는 빛을 손으로 가리는 것 밖에 할 수 없었다.
장손,거의 영화가 아니라 아름다운 풍경를 곁들인 한국근현대 미시적 사료
장손,"고맙게도 포근하게 따뜻하고, 지긋지긋하게도 지독하게 뜨겁기도."
장손,"이제는 찾아보기 힘든, 앞으로는 더 힘들, 한국의 풍경을 담았다"
장손,"가족과 그들의 역사, 애정하고 증오하다."
장손,지독하게 한국적인 영화.
장손,시대와 세대의 죽음에서 드러나는 진실과 속내가 가져온 갈등의 시작과 끝
장손,우리의 삶은 아니지만 우리 모두가 공감할 수 있는 이야기
장손,"지켜야 할 것, 감춰야 할 것"
장손,굉장히 한국스런 아름다운 한옥. 그 이면의 모순과 모순들이 부딪혀 서로 찢어지는 광경.
장손,리얼한 k-가족의 이야기. 그런데 이제 쎄함을 곁들인....
장손,장손
장손,올해의 감독 데뷔작으로 인정해도 될만큼 훌륭한 이야기와 라스트 롱테이크
장손,너무 사실적이라 보기 힘들었어요
장손,결코 남의 일 같지 않은 어릴적 우리 집안을 보는듯한 정겨움 속 어느 집이나 있을 법한 곪아버린 상처들. 장손은 어깨의 짐이 무겁다.
장손,우리네 역사와 핏줄을 관통하는 한 폭의 하이퍼리얼리즘.
장손,"장손이라는 무게감과 장손이 아니라서 가지는 무게감을 느끼게 하는 하이퍼 리얼리즘 영화 연기,미장센에 감탄하고 때론 서글펐으며 너무 리얼해 간담이 서늘했다"
장손,이 영화의 아름다운 풍광이야말로 어쩌면 가장 큰 페이크일지도... 멀리서 보면 아름다운것들
장손,이런 범주의 이야기도 이제 더 이상 나올 일이 없을 듯하다.
장손,우리 가족과는 다르지만 그래도 우리 모두의 이야기.
장손,가부장적 문화에 대한 시니컬한 돋보기.
장손,할머니의 손등을 만지작 거리던 손자의 마음으로
장손,교체되는 세대에서 장손의 역할은 어디로 귀결되는가
장손,내가 바로 3대 종손이다 옛날부터 가부장적인 가정의 전형적인 모습이다 꼭 내 할아버지 할머니 지금의 우리 아버지 형제를 보는것 같아 답답했다 우린 지금은 제사를 안한다
장손,영화 장손 정보 출연진 관람평점 이동진이 뽑은 영화 1위 리뷰 결말 후기 생로병사의 시간과 사람들 한국영화추천
장손,우리모두의 가족.
장손,"가부장제의 잔재 속에서 서로를 묶고 찢은 가족들의 생채기, 연민과 단념의 부재가 남긴 허무와 희망의 간극."
장손,갈수록 무서워지는 영화
장손,간간이 등장하는 유머가 미스터리한 분위기와 함께 흥미를 줄곧 유지하는군
장손,"쉽게 부서지는, 애틋하고 서늘한 두부 한 모의 감각"
장손,아무리 뭉쳐봐도 쉽게 으스러져버리는 두부와 같았던 영화
장손,개봉 첫날에 본 영화.. 대가족의 의미에 대해 생각하게 해주었다
장손,지극히 한국적인 ’걸어도 걸어도‘
장손,무실한 전통과 세대 갈등에 부여되는 압력
장손,감추고 숨기며 쌓아올린 탑이 스스로 흔들려 쓰러지기까지(3.0)
장손,할머니한테 해라~
장손,칼을 뽑았으면 두부라도 썰어야 구색 갖추고 면이 서는 전통의 진통 tip: 1. 극사실주의 대가족 풍속도       2. 가족끼리 보면 민망할 가족영화
장손,.
장손,"경상도 출신인 나의 PTSD를 유발한 것 부터, ‘가족’이라는 엉망진창의 끈과 허례허식 그리고 남겨진 최악의 운명"
장손,4.0
장손,내 상황과 동일해서 더 공감이 되었던 손자의 입장과 사위의 입장 그리고 가부장제의 허상과 그럼에도 존재하는 사랑에 대하여
장손,장손의 무게로 눌러진 두부가 어떻게 으깨져가는지.
장손,성진아 결혼하지마...
장손,밤에 술취한 아부지가 고래고래 소리지르는 건 대구 공통인건가... 나의 어릴 적 ptsd가 고스란히 담겨있는 2시간
장손,우리의 어제와 오늘
장손,"9.4/본디 연악하기에 부서지고, 썰리고, 으깨지기까지 했어도 거슬러 오르면 감쪽같이 하나였던 두부의 결속처럼."
장손,지켜야 하는 것에 관한 이야기를 자유로운 무게 조절로 전달한다
장손,그냥 다큐다
범죄도시 3,시즌2보다 좀 덜한 느낌 아쉬움이 있네요. 너무 기대가 컸던듯. 시즌4. 기대해봅니다
범죄도시 3,"마석도 캐릭터 유지에 힘을 많이 주는 건 여전한데, 조연 인물들의 뒷받침은 아쉽다."
범죄도시 3,모텔씬에서는 진짜 오열함(너무 웃겨서)ㅋㅋㅋㅋㅋ
범죄도시 3,빌런이 전작에 비해 확실히 약한 느낌. 하지만 마동석이 이끌어가는 범죄도시 시리즈는 꽤 흥미롭다.
범죄도시 3,<이 맛이 아닌데...>
범죄도시 3,한층더 무자비해진 액션과 주먹. 풀롯이 중요하랴 통쾌하면 됐지. Ott 전성시대 시리즈를 이어가주는 것만으로도 감사.
범죄도시 3,시놉시스 한 줄에 전편들을 재료로 넣고 AI로 학습시키면 딱 이런 영화가 나올 것 같다.
범죄도시 3,조연들 악역들 연기가 아쉽
범죄도시 3,시리즈 중 제일 아쉬운 느낌. 기존 금천서 분들이 아닌 광수대 분들과의 케미가 그닥 어울려보이지 않고 이번 빌런들의 무게감이 좀 약해 보임
범죄도시 3,여전히 매섭지만 슬슬 닳아가기 시작한 주먹.
범죄도시 3,"이제는 조금 아프다고 말하지만, 그래도 아직은 '마석도'의 미사일 주먹"
범죄도시 3,전작에 비해 너무나도 아쉬운 스토리. 쾌감에만 집중하여 탄탄함이 부족하고 액션을 쓰는 효과음만 강조한 듯.
범죄도시 3,2편만큼의 임팩트는 없다. 하지만 이보다 나은 팝콘 무비도 없다.
범죄도시 3,전작에서 보여준 유쾌함과 통쾌함은 어디로 가고 산만함만 남았다.
범죄도시 3,광수대 형사들이 병풍 역할에 치중된 것 같아서 많이 아쉬우나 마동석의 속 뻥 뚫리는 원펀치 액션은 여전히 큰 장르임을 여실히 보여준다.
범죄도시 3,<범죄도시3> 변했지만 발전하지는 않은 마동석 유니버스
범죄도시 3,3월 8일 블라인드 미완성본 시사회를 통해 관람.
범죄도시 3,마동석이 탄탄한 중심을 잡아주고 그외 주조연배우 모두 감초역을 톡톡하게 해낸다 범죄스릴러가 이렇게 유쾌할 수 있다니!
범죄도시 3,영화의 이음새는 그렇다치더라도 마지막은 성의가 있었어야지.
범죄도시 3,빌런의 매력도가 얼마나 중요한지
범죄도시 3,오락영화 본질에 충실한! 기대가 크지않았기에 재밌게 볼 수 있었다.
범죄도시 3,캐주얼해진 시리즈의 액션활극이 가벼워진 빌런들의 존재감으로 주춤거린다.
범죄도시 3,이준혁은 얼굴에 연기력이 묻힌듯. 그리고 이런 개그는 웃긴데 뭔가 자존심 상함.
범죄도시 3,새로운 인물이 계속 등장하는데 긴장감도 재미도 그닥
범죄도시 3,일주일동안 먹은 카레같은 느낌. 지겨운데 또 먹으면 먹히는. 등짝신이나 주먹한방이면 모든게 해결된다는 너무나 뻔한 스토리. 계속나올테니 누군거는 보겠지만 과연 천만이 볼영화인가
범죄도시 3,"이게 왜 천만인지?? 소재도 식상, 스토리도 없고, 빌런도 이상하고, 때려부수는 건 지겹고.. 1,2편 봐서 봤는데 남들이 말릴때 보지 말껄"
범죄도시 3,"마동석이 나올때는 전혀 무섭지도, 걱정이 되지도 않는다."
범죄도시 3,"뻔한 맛으로 마동석 개그, 마동석 액션을 보는 시원한 맛은 있지만, 이준혁을 캐스팅한 만큼 캐릭터 방향성을 스마트한 인물로 잡고 갔으면 약간은 새로움을 보여줄 수 있지 않았을까"
범죄도시 3,"이제는 아예 시리즈만에 은어까지 생겨버릴정도로 확실히 세계관이 구축됐다.한국판 마블이라 불러도 될정도,이맛에 뻔해도 본다."
범죄도시 3,"킬링 타임 영화, 그래도 시즌 나올 때마다 보긴 할 것 같다"
범죄도시 3,안정적인 프렌차이즈의 정착. 남은건 후속에서 보여줘야할 차별성에 대한 고민뿐
범죄도시 3,1편: 알싸한 마라 맛 🔥 2편: 든든한 국밥 맛 🍲 3편: 엔간한 초밥 맛 🍣
범죄도시 3,진짜 마석도표 개그는 내 웃음포인트!!! 너무 좋아~ 인사해 주변호사야~ㅋㅋㅋ
범죄도시 3,"1,2편에서 보여준 매력을 하락시키는 영화"
범죄도시 3,2 보다 재밌음. 난.
범죄도시 3,2보다는 재미없었지만 그래도 볼만 👀👀
범죄도시 3,"이제 마석도는 동기를 잃은 채, 목표 만을 위해 달려간다."
범죄도시 3,"1,2편보단 못하지만 4편보단 재밋음..."
범죄도시 3,범죄도시 시리즈 두번째 천망 달성. 변함없이 딴딴한 마동석과 너무 잘생겨 빌런으로 안보이는 주성철 이준혁 대검 휘두르는 빌런 리키도 대검 없으면 두드려 맞는 빌런 참교육 영화의 정
범죄도시 3,"이전 시리즈에 비해 내용 전개의 탄탄함, 쫀쫀함은 다소 부족하지만 야쿠자가 등장함으로서 한층 분위기는 깊어짐"
범죄도시 3,주성철 캐릭터가 아쉽다 아는 맛일 거라고 생각하고 본 거지만 너무 아는 맛이라 덤덤해진 느낌
범죄도시 3,범죄도시 전편 재밌게 봤다 !! 악역(이준혁)의 임팩트가 다소 아쉬운 시즌이었음. 그래도 범죄도시는 마동석이 다 한다 속시원하고 재밌음 !
범죄도시 3,시리즈가 더해갈수록 왜 흥미가 떨어질까. 개그를 위한 씬? 매력 없는 악역? 예상 가능한 스토리? 시리즈의 어쩔 수 없는 현상일까. 마석도의 시원한 한방을 더 오래보고 싶은데..
범죄도시 3,곧 4 온다 ㄷㄷ
범죄도시 3,시리즈 물로 만들거면 양산하지말고 최소한의 성의는 보여야 하지 않을까?
범죄도시 3,역시 마동석 배우의 액션영화는 믿고본다
범죄도시 3,빌런이 영~
범죄도시 3,두드러진 장점도 단점도 없는 무난한 타임킬러
범죄도시 3,이제 변화가 필요할 시점.
범죄도시 3,이준혁씨 장첸의 그늘에 지나친 부담감을 느끼셨남 자꾸 눈을 부릅뜨셔서 화면이랑 낯가리면서 봄
댓글부대,임상진 기자는 과연 진실이었을까?
댓글부대,진실이 섞인 거짓은 진실이 된다
댓글부대,"스토리가 신선하고 박진감있는 전개, 정확한 메시지, 생각하게하는 결말. 끝까지 몰입하고 볼수있었고 네 주연배우들의 연기가 자연스럽고 캐릭터 그 자체로 보였다. 거짓이 섞인 진실이"
댓글부대,지금부터 하는 이야기는 ‘실화’라고 시작했다가 ‘원작소설 <댓글부대>’로 끝나는 구조가 이 영화의 주제이지 않을까.
댓글부대,어느 것이 진실이고 어는 것이 가짜였는지 곱씹게 되는 영화
댓글부대,내가 사는 현실은 현실인가?
댓글부대,.
댓글부대,완전한 진실보다 거짓에 진실을 더 한 것이 더 진실 같을 수 있다. 어디까지가 진실일까?
댓글부대,거짓이 섞인 진실이 진실보다 더 진실같을 때 우리는 거짓과 진실 무엇을 가려낼 수 있을까
댓글부대,익숙한 배우들의 놀랍도록 생경한 얼굴. 그들이 키보드 위에서 만들어 낸 세상으로 끌어들이는 힘이 대단하다.
댓글부대,상업영화답지 않게 흘러가는 구성과 편집이 이색적인.
댓글부대,무엇이 진실이고 무엇이 거짓인지 구분이 되나요? 댓글부대를 보기 전과 후 세상을 보는 관점이 달라집니다. 요즘 시대 꼭 많은 사람들이 보길 바람
댓글부대,완전한 진실이라고 정의할 수 있는 것이 존재할까
댓글부대,몰입감 높고 재밌어요 왜 결말이 논란인지 모르겠네요 이거만큼 현실 반영한 확실한 결말은 없을듯
댓글부대,약간 손석구만 보이지만 그래도 살아남는 다른 배우들의 열연! 결말은 어쩔 수 없는 이것이 최선이다
댓글부대,생각이 많아지게하는 영화입니다. 그리고 다시 관람하면 또 다르게 느껴질 수 있어요
댓글부대,스포일러 포함을 안할 수 없게 만드는 영화
댓글부대,가짜가 섞인 진실이 더 진짜처럼 보인다
댓글부대,탄탄하게 쌓아올린 전개들이 후반 30분에 주는 밀도 높은 회오리
댓글부대,"속고 속이고 속는, 여기에 진실은 있을까? 현실 같은 이야기와 배우들의 명연기로 지루하지 않음 이렇게 끝난다고?! 결말이 의아했지만 곱씹을수록 많은 생각을 하게 하는 영화"
댓글부대,배우분들의 연기를 보러갔다가 연기뿐만 아니라 연출에 반해서 나온 영화였습니다!
댓글부대,내가 진실이라 믿는 기준이 무엇인가
댓글부대,"어디부터가 진실이고, 어디까지가 거짓인가."
댓글부대,"손석구, 김성철, 김동휘, 홍경의 환상의 케미 조합! 기대보다 더 재미있고, 연출과 편집도 넘 좋았다 캐릭터들도 매력만점!! 더욱 흥했으면🥹"
댓글부대,심란해짐
댓글부대,주말에 가족들과 편하게 보려고 틀었는데 너무 재미있어서 완젼 몰입해서 봤습니다. 추천!!!
댓글부대,어디까지 진실이고 어디까지 거짓이었을까?
댓글부대,처음 10분 보자마자 앤딩을 알아버림 너무 뻔한 전개
댓글부대,"반전과 의도한 결말에 만족. 영리한 각색, 똘똘한 연출, 액팅 앙상블이 좋다. (손석구, 김동휘, 김성철, 홍경, 이선희) 안국진. 2024. 4.0"
댓글부대,조사를 많이 한 티가 난다. 감독의 차기작을 기다리게 만들 정도는 된다고 생각한다...라고 썼는데 입봉작이 아니라 '성실한 나라의 앨리스' 감독님이셨구나. 죄송합니다.
댓글부대,사실인 듯 거짓인 듯 그러나 있을법한 그리고 아직도 진행되는 진실에 갸까운. 영화가 말하고 싶은 것을 알 듯 모를 듯 하다
댓글부대,삼성새끼들이 정말 나쁜새끼들이었다!!
댓글부대,기대 안 했는데 너무 재밌음
댓글부대,그 누구도 믿을 수 없다
댓글부대,"우리 주변 어딘가에선 일어나고 있을지 모르는 이야기를 잘 묘사한 영화. 시대를 앞서간다는 생각도 들지만, 처음으로 내발로 n차 관람을 위하 영화관으로 향하게 만든 영화"
댓글부대,한국이라는 나라의 정치적 경제적 수준을 보여주는 영화 가진자가 더 하고 힘 있는 자에게는 상식이 통하지 않는 나라.
댓글부대,생각이 바뀌는 것도 한순간이네.
댓글부대,2번 보는 것이 의미있는 영화. 흥미로운 각각의 에피소드와 매력있는 캐릭터.
댓글부대,"광우병 촛불집회 부터 모 대기업 관련 실화를 바탕으로 제작한 영화 댓글부대, 마지막 열린 결말이 좀 아쉽긴 했지만 손석구, 김성철, 김동휘, 홍경의 연기 모두 좋았다"
댓글부대,관객에게 애매하게 와닿은 뭉툭한 교훈의 외침
댓글부대,매불쇼 안국진 감독보고 오늘 봤어요! 기대이상! 강추! 분명 입소문 날것!!!
댓글부대,이걸 안봤다구? 헐... 안타깝다...
댓글부대,”거짓이 섞인 진실이 더 진짜같다“ 무엇이 사실이고 무엇이 거짓인지 많은 생각이 들게하는 영화였습니다. 무엇이 진실일까요? 지금 이순간에도 댓글부대가 어디선가 활동하고 있진 않을까
댓글부대,오랜만에 2탄이 나왔으면 좋겠다고 생각이드는 영화다. 댓글부대2 기대해본다.
댓글부대,실화라고 처음에 소개되는데...소설원작 영화...진짜 실화인지 진짜 궁금하다...바이럴 마케팅이 더 심해질 듯...
댓글부대,"거짓이 섞이 진실이 더욱 진실 같다. 우리가 판다의 귀여움의 홀려 있을 때, 뒤에서는 이런 일이 벌어지고 있었다니!"
댓글부대,거하게 판만 벌려놓고 김빠진 사이다만 주네 ㅜㅜ
댓글부대,독특한 화법과 강렬한 실화가 주는 강렬함
댓글부대,거짓과 진실 사이에서 잃어버린 방향
댓글부대,음모론 좋아하면 재밌게 볼 영화!
찰리와 초콜릿 공장,난 왜 아이들처럼 안 재미나지? 어른맘으로 이미 물든게야
찰리와 초콜릿 공장,화려한 상상 속 달콤함이 가득한 영화!!
찰리와 초콜릿 공장,세월이 지나고 나서 보니 더 다채로운 영화. 상상력 가득한 어른들을 위한 동화
찰리와 초콜릿 공장,21-008 어른이 되어서 아이의 꿈을 꾸는 기분. 움파룸파들의 공연이 너무 재밌고 인상적이었다.
찰리와 초콜릿 공장,서양식 권선징악 영화같은 느낌! 부모와 자식이 함께 보면 좋은 영화 ! 줄거리외 재밌는 영상들이 인상적이다
찰리와 초콜릿 공장,동심과 동심파괴 속 아슬아슬한 물욕주의를 비판한 영화
찰리와 초콜릿 공장,어른이 되어도 초콜릿을 좋아한다 이 영화도
찰리와 초콜릿 공장,계속 예상할 수없는 전개속에 기묘하고 긴장되는 캐릭터와 상황들... 조니댑이 조니댑했다 👍
찰리와 초콜릿 공장,초콜릿 공장에 가기 전까지가 더 여운이 남는다.
찰리와 초콜릿 공장,로얄드 달 소설 좋아했는데 추억이네
찰리와 초콜릿 공장,어릴때 신선한 충격과재미를 주었다
찰리와 초콜릿 공장,영화가 달콤해요
찰리와 초콜릿 공장,"상상력이 가득 함유된 수제 초콜릿 같은 영화이다. 신비로운 영화속의 환상적인 배경과 초현실속에서도 캐릭터와 스토리로 읊어내는 문제의식, 사고의 깊이는 달콤쌉사름한 초콜릿을 그대로 ..."
찰리와 초콜릿 공장,명작은 영원하다
찰리와 초콜릿 공장,너무 재밋엉👍🏻👍🏻👍🏻👍🏻
찰리와 초콜릿 공장,모르겠다 분명 그런 내용이 아닌것같은데 왜 거부감들고 기괴한지
찰리와 초콜릿 공장,따듯한 가족 영화.
찰리와 초콜릿 공장,섬뜩하면서도 달달한 팀 버튼 표 초콜릿 세상.
찰리와 초콜릿 공장,언제봐도 기분 좋아지는 초콜릿같은 영화!
찰리와 초콜릿 공장,달콤쌉싸름한 초콜릿 같은 영화
찰리와 초콜릿 공장,찰리와초콜릿공장 그 상상력을 펼치는 놀라운 이야기 진짜 웡카보고난후 알겠다 대단했습니다
찰리와 초콜릿 공장,어릴 적 책으로 먼저 접했던 스토리를 영상으로 구현해주셔서 너무 재밌게 봤어요
찰리와 초콜릿 공장,옛날 옛작 향수와 지금의 웡카를 비교할수 있는 영화!!
찰리와 초콜릿 공장,팀 버튼이기에 가능한 환상의 나라
찰리와 초콜릿 공장,"인물들의 특징, 스토리, 색감 등 모든 것이 마치 가장 좋아하는 놀이동산에 온 것처럼 황홀했다."
찰리와 초콜릿 공장,내심 부러워지는 찰리네 할아버지의 따뜻한 미소.
찰리와 초콜릿 공장,초콜릿 살때마다 기대하게 했던
찰리와 초콜릿 공장,인생은 초콜릿보다 달콤하다
찰리와 초콜릿 공장,팀 버튼이 선사하는 충격적 달콤함
찰리와 초콜릿 공장,나에게 웡카는 당신뿐이야 조니뎁
찰리와 초콜릿 공장,무해하고 순수하고 달콤한 영화
찰리와 초콜릿 공장,달콤 쌉쌀한 맛 나는 초콜릿
찰리와 초콜릿 공장,나쁜아이는 벌받고 착하고 정직한아이는 행운을 받는다.그래서 착하게 살아야한다는 교훈을 주는 스토리지만 ~ 그냥 어린이들의 꿈의 세계를 엿본듯 신기하고 흥미롭다
찰리와 초콜릿 공장,초콜렛 공장에 대한 환상을 그려냄. 만화속 세계같은 멋진 영상 스토리와 노래 모두 좋았다
찰리와 초콜릿 공장,상상하는 것을 영화 속에 옮겨놓은 듯 영상과 음악이 감동적인 영화
찰리와 초콜릿 공장,나의 동심
찰리와 초콜릿 공장,초콜릿처럼 달콤한 영화
찰리와 초콜릿 공장,초콜릿 별로 안좋아하는데도 먹고싶었음
찰리와 초콜릿 공장,신선하다
찰리와 초콜릿 공장,나도 황금티켓 뽑아서 공장가보고 싶다. 창의력이 대단한 듯. 찰리야 초콜릿 평생만들자!
찰리와 초콜릿 공장,팀버튼의 상상력
찰리와 초콜릿 공장,비주얼과 스토리의 괴리가 기괴함을 만들었고 내 취향은 아니다.
찰리와 초콜릿 공장,흥미롭다 팀 버튼
찰리와 초콜릿 공장,달콤 씁쓰름한 성장에 대하여
찰리와 초콜릿 공장,팀버튼냄새나는 작품
찰리와 초콜릿 공장,언제 봐도 몇 번 봐도 기발하고 재밌다
찰리와 초콜릿 공장,"달콤한 판타지, 하지만 이면은 달콤하지 않을 수도."
찰리와 초콜릿 공장,어른들의 달콤 쌉사름한 초콜릿 영화
찰리와 초콜릿 공장,로얄드 달의 스타일과 팀 버튼의 스타일의 찰떡궁합
찰리와 초콜릿 공장,팀버튼과 조니 뎁 조합은 말모!! 기발하고 다채로운 색채로 내내 즐거운 영화
슈퍼배드 2,1편보다 미니언비중이 아주아주아주아주 늘어났다 ㅋㅋ 귀여움으로 먹고 들어가려는듯한 수작 근데 통함ㅋㅋㅋㅋㅋㅋㅋㅋ
슈퍼배드 2,이정도면 ㄱㅊ
슈퍼배드 2,완전 귀엽고 영화도 귀엽고 깔깔대며 봐도 무방해서 흥겹게 봤었다. 130915
슈퍼배드 2,미니언으로 너무 푹 끓였다
슈퍼배드 2,"새로운 캐릭터의 등장에 본 스토리가 무너지거나 하지 않을까 했는데, 새로운 재미가 생겨서 오히려 좋았다."
슈퍼배드 2,왁자지껄.
슈퍼배드 2,전편보다 더 좋은 후속작
슈퍼배드 2,익숙한 설정 속 진부한 이야기에도 아직까지는 유효한 매력적인 캐릭터들의 힘.
슈퍼배드 2,240501 2 넷플
슈퍼배드 2,미니언 프리퀄 나와라.
슈퍼배드 2,노랑 미니언과 보라 미니언이라니.
슈퍼배드 2,미니언의 마력...
슈퍼배드 2,1탄의 신선함은 없는 평타
슈퍼배드 2,쿨한 매력이 사라졌다
슈퍼배드 2,성공적인 가족의 확장
슈퍼배드 2,캐릭터로 흔한 스토리를 꾸미다
슈퍼배드 2,요 영화는 귀여움이 다인 영화
슈퍼배드 2,일루미네이션 만화들은 뇌빼고 보면 다 재밌다
슈퍼배드 2,전작을 괜찮게 보았다면 이것도 괜찮다
슈퍼배드 2,슈퍼악당과 미니언즈들의 작품2
슈퍼배드 2,캐릭터들이 굉장이 귀엽고 재미있다 미니언 캐릭터는 어디 내놔도 뒤지지 않을 마스코트 캐릭터!!
슈퍼배드 2,미니언 때문에 그나마 3점.
슈퍼배드 2,이 영화를 보고 유튜브 미니언 편집본 보면서 미니언즈 기다리는중
슈퍼배드 2,스토리 - ★★ 더빙력 - ★★★★ 몰입도 - ★★ 그냥 미니언 친구들 보려고 봤음
슈퍼배드 2,미니언의 미니언을 위한 미니언에 의한
슈퍼배드 2,가족이 되는 일은 참 멋진 일이지. 보라색 괴물이 원상복귀될 때의 쾌감이 있다. 마치 뽁뽁이 터트리는 느낌
슈퍼배드 2,재밌고 귀여운 미니언 군단 납시오~
슈퍼배드 2,미니언즈 귀여워서 봐줬더니 애들은 다 곰팡이로 만들고 나오는 여자캐릭터마다 대상화 오지고 주인공이 착해지더니 감독이 악당이 됨
슈퍼배드 2,미니언즈에게 묻히는 그루(3.0)
슈퍼배드 2,독보적인 캐릭터의 매력.
슈퍼배드 2,1편이 더 잼났어!!
슈퍼배드 2,"깜찍이들 내가 너네 굿즈만 몇개를 샀는지 아니,,"
슈퍼배드 2,악당과 요원 이 소재도 참 재밌는 소재라.
슈퍼배드 2,"비중이 늘어난 미니언들 때문에 인간들의 이야기가 흐지부지, 전개도 지지부진."
슈퍼배드 2,결국 영화가 흥행할 수 있었던 일등 공신은 미니언들이었다! 하지만 미니언들에게 의존하는 경향은 영화의 장점이자 단점이다!
슈퍼배드 2,전작의 좋은 점과 안 좋은점 모두를 답습한 후속작.
슈퍼배드 2,"미니언들의 마력, 누가 분석 좀!"
슈퍼배드 2,미니언들이 더욱 더 날뛰는 모습들이 보기 좋다.
슈퍼배드 2,주인공보다 빛나는 조연의 향연. 눈하나 있는 몬스터한테 완벽하게 꽂힐 수 밖에 없게만든다. 결국 스토리보다는 캐릭터의 힘에 의존한 일루미네이션의 선택이 타율높은 유머코드와 볼거리와...
슈퍼배드 2,한줄평 - 평범한 작품에 미니언즈 뿌리기
탈주,이렇게 SEXY한 구교환 처음 봄
탈주,구교환의 말처럼 거기라고 다를게 없을지라도 성공하기 위해서가 아닌 실패할 기회라도 얻고 싶다는 이제훈의 말이 영화가 끝나고도 오래 기억에 남는다
탈주,구교환 연기에 박수치면서 양화대교를 자연스레 흥얼거린다
탈주,"""실패할 자유""에 머리가 띵했다. 임규남의 ""희망합니다""에는 눈물도 핑돌았고..🥲 싹싹 빌면서 본 영화ㅠㅠㅋㅋㅋ"
탈주,실패할지도 모를 내일로 질주하며 살아있다는 것의 의미를 되새기다.
탈주,이런 3류 영화에 구교환이 출연했다는 게 너무 놀랍다.
탈주,너무 억지 설정으로 지루했어요
탈주,임규남씨 사는동안 많이 도전하고 많이 실패하고
탈주,코메디도 아니고 액션도 아니고 사건전개도 이해불가 허접그자체
탈주,극장 탈주 마렵네.
탈주,북한의 낡은 모습을 뒤집어썼지만 스타일 좋은 탈주극.
탈주,영화계 어렵다는 말 하지 마라 이런영화가 투자 되고 만들어지는데 누가 극장가냐??
탈주,초반의 스퍼트를 이어갔다면 좋았을 뜀박질
탈주,와 개빡친다 내시간 별 한개도 아깝
탈주,구교환 연기 너무 좋다.. 다 필요없고 범죄도시4 보다 재미있음. 반신반의 했지만 돈이 아깝지 않았음. 추천... 별4개
탈주,탈주 정보 출연진 시사회 리뷰 후기 무대인사 스포 쿠키 결말 한국 추격극 영화 추천
탈주,공감하기힘든 억지 전개. 배우만 고생
탈주,"소재와 개연성을 희생시키더라도 말하고 싶었던 ""현실과 상황에 안주하지 말고 마음껏 실패하며 조금씩 나아가자""는 바램과 응원"
탈주,"오랜만에 삶에의미 미래를 주재로한 좋은 영화를 보았네요. 아직 안보신분 꼭 보시고, 어린 자녀가 있다면 같이가서 보여주면 좋을 듯 해요. 우리집은 내일 초딩데리고 같이 또봐요"
탈주,긴장감 넘치고 연기는 훌륭하나 너무 많은 생략………짧게 치거 빠지는 영화(?) 내 길은 내가 정합니다
탈주,세상에서 가장 퀴어스러운 탐험이자 탈주
탈주,"사운드를 효과적으로써서 서스펜스 효과를 극대화했고, 그러는 와중에 이따금씩 등장하는 유머 또한 좋다. 또한 목표만을 향해가는 전개 또한 늘어지지않고 시원시원했다. 하지만"
탈주,좋은 영화의 기준?
탈주,실패할 자유를 위해 죽을 각오로 탈주!
탈주,구교환 배우님 악역도 소화 진짜 잘하시고 너무 슬프고 감동적인 영화
탈주,억지 설정에 뻔한 얘기
탈주,총알이 주인공을 피한다;
탈주,이제훈을 보러 갔는데 구교환의 매력에 빠져서 나왔다.
탈주,구교환 매력 넘친다. 긴장감 폭발.
탈주,뻔한 스토리 공감 안 되는 북한 탈출 스토리
탈주,초반의 긴장감보다 후반의 긴장감이 더해졌으면 더 몰입해서 볼 수 있지 않았을까...배우들의 케미는 말해 뭐해..
탈주,체제에 막혀 자유롭게 살지 못하는 것을 견디지 못하고 실패라도 할 수 있는 삶을 살고싶어했던 규남의 탈출기가 애처로웠다.
탈주,'영화는 목줄 묶인 코끼리를 보여주고 싶었지만 실상은 개그 코너 DP다'
탈주,어떤 운명이든 내가 결정해!
탈주,연기가 좋아요….
탈주,영화 탈주 후기: 인물을 중심으로
탈주,킬링타임용으로 꽤괜
탈주,중간까지 전개가 예상하지 못한 방향으로 흘러가는 재미가 있었음. 결말은 예상이되어 김이 새는 느낌.
탈주,단순 액션 영화인줄 알았는데 생각치 못한 핵심주제가 후반부에 갈수록 또렷해져서 더 큰 감동으로 왔다. 많이 봐왔던 형식으로 한국 청년들의 시대상을 반영해 연출한 것이 돋보였다.
탈주,구교환이 기가 막히고 탁월하다는 증명. 현재의 선택이 틀리지 않았음을 증명하라. 배우를 하고 있는 당신의 선택이 틀리지 않았음을 거의 모든 작품에서 매번 증명하고 있는 구교환.
탈주,결국 실패할 자유를 얻은 임규남의 대단한 용기. 도전과 실패를 끊임없이 반복하다 보면 더 많은 자유를 얻을 수 있지 않을까
탈주,가라. 가서 맘껏 실패하라.
탈주,이제 북한 소재 이야기 지겨워 라고 생각했는데 그 생각을 뒤집어준 영화입니다.
탈주,브레이크 고장난 트럭처럼 묵직하게 탈주만을 보고 달리는 주인공. 곁가지 이야기는 최대한 슬립하게. 작품의 호흡만큼은 매우 격렬하다. 주연 두 배우의 연기는 보너스!
탈주,실패할 자유. 지금의 나에게 너무나 와닿았던 메시지.
탈주,연기짱
탈주,이렇게 복합적이고 정신 나갈 것 같고 아름다운 캐릭터는 처음 본다..
탈주,배우들 연기에 비해 여러 상황 해결에 설득력이 없어 아쉽다
탈주,그러니까 이거 코메디죠?
탈주,행복을 향해 달리는 규남이 반면 행복을 포기하고 정해진 억압된 노선에서 수긍하지만 한편 행복을 그리워하는 현상이 서로 바라보는 눈빛은 전율이 흐른다
마법의 성,혼나!
마법의 성,포스터에 적힌대로. '절대 웃지 않을 수 있는 무지 심각한' 영화.
마법의 성,잘 봤습니다.
마법의 성,베끼기 싫으시면 새로 만드세요~~~
임영웅│아임 히어로 더 스타디움,팬들을 생각하는 마음이 진심이라는걸 다시 한번 느끼고 감동 받았어요~ 지금도 좋은 점이 차고 넘치는데 더 좋아졌어요. 앞으로도 좋은 공연 기대하며 응원합니다!!!^
임영웅│아임 히어로 더 스타디움,이름처럼 산다. 엄마의 청춘을 알아주는 임영웅이 너무좋더라 진정한 히어로
임영웅│아임 히어로 더 스타디움,영화관내 모든 연령의 엄마들을 소녀로 만들어주는 영화 진짜 영웅 히어로였다
임영웅│아임 히어로 더 스타디움,임영웅 아임히어로더스타디움 공연 영화는 팬들을 향한 진심과 아티스트 로써 전심을 합해 감동과 전률을 느끼게 해준다. 눈과 귀가 즐겁고 가슴을 울리는 영화
임영웅│아임 히어로 더 스타디움,임영웅 최고입니다 .... 영화 다시 보겠습니다
임영웅│아임 히어로 더 스타디움,임영웅의 노력과 진심이 느껴졌다
임영웅│아임 히어로 더 스타디움,팬들을 사랑하는 마음이 진심이라는 마음이 느껴지고 영화를 보고 감동을 받았어요.
임영웅│아임 히어로 더 스타디움,임영웅은역시임영웅이라는걸영화보며다시한번확인~ 라이브실력영상미그리고멋진아티스트준비과정 모든게퍼팩트
임영웅│아임 히어로 더 스타디움,최고의영상ㆍ감동입니다
임영웅│아임 히어로 더 스타디움,명품가수 임영웅의 아임 히어로 더스타디움은 볼때마다 행복하고 볼때마다 놀라움이네요 하나하나 섬세하지만 철저한 준비로 행복을주려 노력한 모습에 또 반합니다 모든날 모든순간 사랑합니다
임영웅│아임 히어로 더 스타디움,몇번을 봐도 또 보고싶은 영화 현장에서 느끼지 못했던 무대 뒷이야기 콘서트에서 놓쳤던 장면들 그날의 기억이 생생합니다 음향을 뚫고 나오는 가창력 모두 최고입니다
임영웅│아임 히어로 더 스타디움,너무너무 감동입니다 역시 임영웅👍
임영웅│아임 히어로 더 스타디움,보는내내 감동받고 행복 가득한맘 안고 돌아왔습니다 임영웅 건행ㄱ
임영웅│아임 히어로 더 스타디움,임영웅 상암콘서트와 스토리 영화로 보니 대단했다. 광대한 스케일 하며 상암 경기장 트랙을 뛰어다니며 노래하는 팬서비스가 감동적. 호흡은 안정적 열정은 폭발적 설렘은 관객의 선물
임영웅│아임 히어로 더 스타디움,"상암콘서트 제작과정과 임영웅의 노력과 의지를 더 자세히 알 수 있었고, 좋은 음향과 화려한 무대를 재현해 놓은 것 같아서 좋았읍니다"
임영웅│아임 히어로 더 스타디움,영화 보는 내내 감동이었어요. 임영웅 최고의 아티스트라는걸 새삼 더 느끼게 되네요
임영웅│아임 히어로 더 스타디움,임영웅 정말 대단한 아티스트 영화 보고 다시 한번 감동입니다 콘서트도 꼭 다 보고 싶어요 응원합니다
임영웅│아임 히어로 더 스타디움,영상미 구성 가수의 진정성 무엇보다도 라이브 목소리 미쳤다 우리 모두를 히어로로 만드는 마력 감동입니다 임영웅 춤선이 이쁘고 카리스마까지 발전해나가는 모습 굿입니다
임영웅│아임 히어로 더 스타디움,상암콘에서의 감동을 영화로 볼수있어서 넘 감동이었습니다 봐도봐도 또 보고싶은 임영웅 재미있게 잘 봣습니다
임영웅│아임 히어로 더 스타디움,두시간이 이렇게 짧았나~^ 감탄의 연속이었다♡ 임영웅 하길 잣했다
임영웅│아임 히어로 더 스타디움,임영웅 아임히어로 더 스타디움 영화 무대가 올림픽 경기 보는것처럼 스케일도 대단하고 혼자서 3시간을 이끌어간 콘서트 불구하고 라이브 진짜 미쳤다 마지막곡은 내인생을 되돌아보는
임영웅│아임 히어로 더 스타디움,현장의 생생함과 감동이 다시 재현되는 목소리가 근사한 임영웅 또 한번 반하고 갑니다 🩵
임영웅│아임 히어로 더 스타디움,임영웅 아임 히어로 더 스타디움 1년여동안 준비해온 상암콘서트 감동 그 자체~
임영웅│아임 히어로 더 스타디움,임영웅 가수가 정말 노래를 잘하며 왜 그가 최고로 평가받는지 알수있었다 콘서트 못보신분 꼭 보시길 추천
임영웅│아임 히어로 더 스타디움,임영웅 처럼 알차고 품격있는 영화
임영웅│아임 히어로 더 스타디움,"영화를 좋아하지 않는 사람도, 노래를 좋아하지 않는 사람도 한번은 호기심으로라도 꼭 봐야 하는 영화 강력 추천합니다 결코 후회하지 않는 선택이 될것입니다 설렘 감동 힐링 다되는"
임영웅│아임 히어로 더 스타디움,콘서트때의감동이 생각나고 다시봐도 즐거운 영화 잘봤어요 몇번을 봐도 또다시 감동입니다
임영웅│아임 히어로 더 스타디움,임영웅 가수 히어로급 최고의 영화였습니다 설레임과 감동으로 다가온 순간순간들 최고였습니다.
임영웅│아임 히어로 더 스타디움,공연의 패러다임을 바꾼 스케일 올림픽이냐!! 감성을 담아내는 때론 흥겨움 폭발 우중 공연 뭉클함 오래오래 기억될 영화 모든 분에 강추요
임영웅│아임 히어로 더 스타디움,스타디움 에서 공연하는 화려하고 멋진 모습이 넘ᆢ 감동이었어요 임영웅의 노래는 정말 내 가슴에 아직도 남아있네요
임영웅│아임 히어로 더 스타디움,임영웅 =영웅시대 임영웅은 사랑입니다 그래서 응원합니다 영웅시대와 언제까지나 함께 걸어가보아요
임영웅│아임 히어로 더 스타디움,아티스트가 팬을 얼마나 사랑하고 위로를 주고 싶어 하는지 느껴진다
임영웅│아임 히어로 더 스타디움,역시 임영웅 역대급 무대에 감동 입니다
임영웅│아임 히어로 더 스타디움,너무너무 좋아요 최고의 영화에요
임영웅│아임 히어로 더 스타디움,임영웅 빛나는 내가수 빛나는 내일을 응원합니다 사랑합니다 너무너무 좋아요 언제까지나 응원합니다
임영웅│아임 히어로 더 스타디움,임영웅 믿고 보는 영화 너무 감동입니다 극장에서 보니 또 다른 매력이 넘쳐요
임영웅│아임 히어로 더 스타디움,임영웅 역시 듣던대로 최고의 가수입니다 너무 멋졌어요
임영웅│아임 히어로 더 스타디움,임영웅 아임 히어로 더 스타디움 그날의그감동 그대로 또 보고싶어요
임영웅│아임 히어로 더 스타디움,이보다더좋을수는없다~ 최고의영화^^ 임영웅사랑해 ♡
임영웅│아임 히어로 더 스타디움,왜 임영웅 인지를 보여주는 고퀄의 영화 . 음향 영상 내용까지 감동감동~ n차 관람하렴니다^^
임영웅│아임 히어로 더 스타디움,임영웅 완벽한 무대 준비와 퍼포먼스 그리고 뛰어난 가창력은 물론이고 어디 하나 흠잡을데가 없는 최고의 아티스트라는 걸 이 영화를 보고 더 많이 느끼고 보는 내내 감동이었어요
임영웅│아임 히어로 더 스타디움,영상도멋지고 음향도 최고 주인공은 천상계였어요
임영웅│아임 히어로 더 스타디움,"라이브 완전 대박 흔들림없는 라이브에 어마어마한 스케일이 흥분과 감동, 기대감을 줌 다음공연이 기다려집니다"
임영웅│아임 히어로 더 스타디움,"오감만족 입니다. 콘서트에 직접간 그 느낌 그대로, 1년간 차별화된 콘서틀 만들어가는 아티스트와 제작팀의 제작 과정과 고뇌가 잘 나타나 있어 더욱 감동입니다."
임영웅│아임 히어로 더 스타디움,임영웅의 영웅시대를 사랑하는 마음이 고스란히 느껴지는 영화내요 .콘서트가 또 기대되네요
임영웅│아임 히어로 더 스타디움,손짓하나 몸가짐에서 그의 따뜻한 성품과 삶을 살아가는 올바름이 느껴진다. 노래는 물론 최고이고 이렇게 멋진 가수를 만난 우리는 최고의 행운아임이 틀림없다.
임영웅│아임 히어로 더 스타디움,임영웅가수에 한계없는 도전 너무 멋찌고 재미있었어요
임영웅│아임 히어로 더 스타디움,아임히어로더스타디움 상암경기장 10만 영웅시대와 임영웅이 함께한 콘서트를 현장에서 보는 듯한 실감나는 넓고 크고 현장감 있는 생생한 느낌 다시 한번 느끼고 왔어요 넘넘 좋아요
임영웅│아임 히어로 더 스타디움,임영웅 언제나 빛나는 별
임영웅│아임 히어로 더 스타디움,다시보고싶은영화 최고의 무대
