﻿movie_title,review
킹스맨: 시크릿 에이전트,미중년 콜린퍼스가 보고싶으면 찾아봐요 너무 재밌어요
킹스맨: 시크릿 에이전트,독창적이고 강렬하며 세련된 매튜 본의 약
킹스맨: 시크릿 에이전트,"한때는'나폴레옹 솔로'도 있었고 '레모'도 있었다.그동안 숱하게 봐왔고, 앞으로도 꾸준히 봐야 할 제임스본드도 있다. 그 외에도 셀수 없는 많은 스파이 들은 제각각의 임무를 마치고..."
킹스맨: 시크릿 에이전트,21-002 상상력 넘치는 장면들과 치밀한 설정을 통해 죄책감 없이 카타르시스를 느끼게 한다.
킹스맨: 시크릿 에이전트,배째지게 웃고옴 한 3.8 주고싶은데 별점이 없네 그리고 포스터 누가만들었냐ㅋㅋㅋㅋㅋㅋㅋㅋㅋㅋㅋㅋㅋㅋㅋㅋㅋㅋㅋㅋㅋㅋ 퍼그가 왜 여드름처럼 나와있냐고ㅋㅋㅋㅋㅋㅋㅋㅋ
킹스맨: 시크릿 에이전트,촌스러움과 우아함이 공존한다.
킹스맨: 시크릿 에이전트,만화같은 영화 B급같은 A급 세상에 어쩜 이렇게 독특한 표현방식을 가질 수 있을까
킹스맨: 시크릿 에이전트,이 b급 영화가 이렇게 잘될 줄 누가 알았을까
킹스맨: 시크릿 에이전트,웰메이드 삐끕 감성
킹스맨: 시크릿 에이전트,톡톡 튀는 스파이 영화의 한 획을 그은 작품
킹스맨: 시크릿 에이전트,역시 1편이 최고
킹스맨: 시크릿 에이전트,B급 감성을 세련되게 녹여낸 킬링 타임의 정석
킹스맨: 시크릿 에이전트,매너가 사람을 만든다. 오락영화를 또봐도 좋은 것으로 <극한직업>을 뽑는데 영국식 코미디론 이게 으뜸이다.
킹스맨: 시크릿 에이전트,이건 그냥 여기서 끝냈어야함 1편만 수작인 영화
킹스맨: 시크릿 에이전트,잔인하고 엄청나게 가학적이고 오락적이지만 싫지 않다. 아니 오히려 너무 좋았던 영화
킹스맨: 시크릿 에이전트,명작입니다.
킹스맨: 시크릿 에이전트,꽃중년이란 이런거지 그리고 개그코드도 내취향!!
킹스맨: 시크릿 에이전트,"'Manners, Maketh, Man.' 이걸로 설명 완."
킹스맨: 시크릿 에이전트,콜린퍼스가 하니까 다르다
킹스맨: 시크릿 에이전트,각각의 적당함과 뛰어난 연출이 만나 최고를 만든다.
킹스맨: 시크릿 에이전트,뻔뻔
킹스맨: 시크릿 에이전트,상상도 못한 재치있는 코미디와 잔혹하고 화끈한 독창적인 액션들이 합쳐진 매튜 본 식 스파이 영화
킹스맨: 시크릿 에이전트,!!!
킹스맨: 시크릿 에이전트,스파이물의 혁명!
킹스맨: 시크릿 에이전트,콜린퍼스 수트 전형적인 타임킬링
킹스맨: 시크릿 에이전트,약을 제대로 빨았고 콜린 퍼스는 섹시하다 Manners Maketh Man 김경빈님과 함께.
킹스맨: 시크릿 에이전트,촌스러움과 우아함의 공존.
킹스맨: 시크릿 에이전트,헤드숏은 정말 기발한 장관. 세대를 타지않는 맛나는 첩보물. 효도한 것 같아 기쁜 영화 ^^* 2014년
킹스맨: 시크릿 에이전트,근사한 B급. bbbbb
킹스맨: 시크릿 에이전트,처음부터 끝까지 오락성하나로 깔끔하게 완성한다. 쓰잘데기없는 주제의식이나 선민의식도 느껴지지 않으며 영화 그자체로의 매력을 마음껏 뽐낸다.
킹스맨: 시크릿 에이전트,유치해도 잘짜여졌다
킹스맨: 시크릿 에이전트,잼씀
킹스맨: 시크릿 에이전트,매력있어 배우도 내용도
킹스맨: 시크릿 에이전트,"아아아아 속편따위, 노친네 해리가 없는 킹스맨은 존재하지 않는다고!"
킹스맨: 시크릿 에이전트,위대한 전설의 시작
킹스맨: 시크릿 에이전트,첩보 장르에 영국 문화가 섞여 매력적으로 변함 코미디도 좋고 위트있는 첩보 액션 영화
킹스맨: 시크릿 에이전트,나를 비밀요원의 세계로
킹스맨: 시크릿 에이전트,뭐 더이상 할말이 있나.. 킹스맨은 최고
킹스맨: 시크릿 에이전트,B급 감성을 이렇게 세련되게 살릴 수 있는 영화라니.. 교회의 원테이크 씬과 후반부에 몰아치는 액션의 향연은 눈을 뗄 수가 없는 장관이었다.
킹스맨: 시크릿 에이전트,역시 1편이 재닜고 신선했다.
킹스맨: 시크릿 에이전트,킬링타임용~좋아요
킹스맨: 시크릿 에이전트,다소 어이없는 전개가 있긴 했지만 에그시라는 캐릭터 맘에 든다 판단능력도 신체능력도 좋고 무기사용도 잘함 총격씬 넘 재밌음
킹스맨: 시크릿 에이전트,B급 감성이 충만한 A급영화
킹스맨: 시크릿 에이전트,젠틀한 스파이가 잔인한 배경으로 웃음을 선사한다.
킹스맨: 시크릿 에이전트,화려한 액션 눈과 귀가 즐겁다
킹스맨: 시크릿 에이전트,"복잡한 세상과 온갖 골치거리는 뒤로하고 단순한 마음가짐으로 그저 즐기기만하면 모든 것이 완벽해지는 유쾌한 영화. 콜린 퍼스의 재발견, 그리고 태론 에저튼의 발견."
킹스맨: 시크릿 에이전트,역사를 왜 배우냐는 질문에 답하는 장면이 나오는 영화가 수도 없이 많은데 그걸 보고도 그냥 지나치는 자칭 영화광이 어떻게 이 영화를 보고 열광하지? 저스트 감독의 존경 고백 영화
킹스맨: 시크릿 에이전트,개인적으로 너무 재밌었던 액션코미디 스파이물
킹스맨: 시크릿 에이전트,유쾌함은 걸작을 만든다.
킹스맨: 시크릿 에이전트,미친듯이 쿨한 액션의 신세계
반지의 제왕: 반지 원정대,여기서는 단연 레골라스 ㅋㅋ 이런 영화가 나오다니 라며 놀랬던 기억이
반지의 제왕: 반지 원정대,무려 4시간 가까이 되는 긴 시간이 짧게 느껴지는 판타지.
반지의 제왕: 반지 원정대,뛰어나고 웅장한 영상미에 이야기의 구성은 치밀하고 탄탄하다.
반지의 제왕: 반지 원정대,잊을 수 없는 판타지 세계를 열어준 작품. 약간의 지루함을 곁들인
반지의 제왕: 반지 원정대,"엘프말로 친구를 '멜론'이라 한다. 주어진 사명, 주어진 시간. 악의 유혹을 견뎌 끊어내라. 인생을 채색하는 신의 손길. OST가 '끝내준다'. 피터 잭슨. 2001. 4.0"
반지의 제왕: 반지 원정대,#반지의제왕 #반지원정대
반지의 제왕: 반지 원정대,무슨말이 더 필요할까? 판타지 영화의 바이블.
반지의 제왕: 반지 원정대,장엄한 스토리의 판타지를 절대 반지라는 아주 명확한 소재 하나로 이끌어 낸 점이 놀랍다. 다만 영화는 지루하지 않은데 3시간이라는 시간이 지루하기는 하다.
반지의 제왕: 반지 원정대,빌드업
반지의 제왕: 반지 원정대,옛날 작품이라 그런지 너무 장대하고 광활해서 읽기엔 좀 지루하고 구식이었는데 영화가 오히려 너무 흥미로웠다!
반지의 제왕: 반지 원정대,어쨌거나 판타지 원정대는 정말 화려한 서막을 열어줬다.
반지의 제왕: 반지 원정대,그렇게 전설은 여정을 떠났다.
반지의 제왕: 반지 원정대,한줄평 - 역대 가장 웅장한 서막
반지의 제왕: 반지 원정대,흥미진진한 스토리와 매력적인 캐릭터. 판타지 영화의 새로운 기준을 제시한 걸작.
반지의 제왕: 반지 원정대,한 편의 교향곡을 들은 듯한.. 이제는 실제로 고전이기도 하군
반지의 제왕: 반지 원정대,위대한 걸작 시리즈의 시작
반지의 제왕: 반지 원정대,이토록 거대한 스토리에 등장인물 하나하나 생기를 불어넣은 판타지 대서사시의 서막.
반지의 제왕: 반지 원정대,위대한 모험의 장대한 프롤로그.
반지의 제왕: 반지 원정대,반지의 제왕 이야기의 서막
반지의 제왕: 반지 원정대,위대한 소설의 위대한 영화화다. 삼부작 중 단연코 최고의 완성도
반지의 제왕: 반지 원정대,.
반지의 제왕: 반지 원정대,"판타지 영화의 교과서이자 전설의 시작. 보통 시리즈 영화의 첫 편은 조금 지루하기 마련인데, 전혀 그렇지 않다. 재밌고, 흥미진진하며, 스펙터클하다."
반지의 제왕: 반지 원정대,노잼...
반지의 제왕: 반지 원정대,판타지 대서사시의 교과서. 위대한 여정의 시작.
반지의 제왕: 반지 원정대,앞으로 이보다 뛰어난 판타지 영화가 나올 수 있을까?
반지의 제왕: 반지 원정대,전 시대를 아우르는 잔혹 동화 판타지의 시작.
반지의 제왕: 반지 원정대,요정들 너무 이쁘다...
반지의 제왕: 반지 원정대,말이 필요없다
반지의 제왕: 반지 원정대,24.8.29 - 지루한 발걸음도 가볍게 만드는 수려한 자연경관과 휘몰아치는 OST
반지의 제왕: 반지 원정대,다봤는데도 그냥 그렇던데 개인의 취향을 매도하지마시져?ㅡㅡ
반지의 제왕: 반지 원정대,판타지의 시작
반지의 제왕: 반지 원정대,재미있게 봤어요
반지의 제왕: 반지 원정대,판타지 영화의 전설
반지의 제왕: 반지 원정대,삼부작의 시작으로 이 작품보다 더 훌륭하게 시작하는걸 본적이 없다.
반지의 제왕: 반지 원정대,이렇게 긴 상영시간을 가졌는데도 시간 가는 줄 몰랐다..
반지의 제왕: 반지 원정대,판타지는....힘들다.....ㅠ 뉴질랜드의 경치와 영상미는 좋았다 23.3.26
반지의 제왕: 반지 원정대,가장 웅장한 블록버스터 시리즈의 서막. 3시간이 지루할 틈 없이 흘러간다. 엔딩의 여운은 왕의 귀환보다도 좋은 듯.
반지의 제왕: 반지 원정대,광활한 여정의 시작
반지의 제왕: 반지 원정대,30년이 흘러도 여전히 명작일 영화
반지의 제왕: 반지 원정대,강렬한 시작
반지의 제왕: 반지 원정대,시작부터 완벽했던 판타지 영화 시리즈의 레전드
반지의 제왕: 반지 원정대,마법사는 늦지 않아 프로도 베긴스
반지의 제왕: 반지 원정대,분명 세시간이 엄청 긴건데 짧은거처럼 느껴지는 영화
반지의 제왕: 반지 원정대,5.0
반지의 제왕: 반지 원정대,평화를 위한 여정의 시작.
반지의 제왕: 반지 원정대,진정한 판타지란 무엇인가를 보여줬다. 전설의 시작.
반지의 제왕: 반지 원정대,"오크, 트롤, 절대 반지, 골룸.. 그 시절을 휩쓸던 단어들"
반지의 제왕: 반지 원정대,웅장한 판타지의 문을 연 시리즈.
반지의 제왕: 반지 원정대,기억에 남는다. 거대한 영상의 흔적들
반지의 제왕: 반지 원정대,너무 재밌다 보고 또 볼 명작
여고추리반 3,늘 똑같은 맛있데 맛집이어서 늘 줄서게된다. 정종연이없어도 장맛은 어디 안가는구나 ㅎ
여고추리반 3,시즌1부터 꾸준히 챙겨보고 있습니다!! 계속 해주세요~~
여고추리반 3,4회가 찐
여고추리반 3,"아직 1화밖에 나오지않아 1화만 봤는데도 너무 재밌어요.. 시즌 1,2도 즌3 때문에 복습왼..💕"
여고추리반 3,종연씨 우리 평생 여추반 만들기로 해요
여고추리반 3,"재밌었다!! 시즌 1, 2도 나중에 봐야지!! :)"
여고추리반 3,추리는 언제나 즐겁다.
여고추리반 3,재밌자 시즌4빨리 나왔으면
여고추리반 3,케미가 좋았던 시즌.
여고추리반 3,너무 재밌어
여고추리반 3,.
여고추리반 3,메인 pd가 바뀐 이 시즌이 최애
여고추리반 3,아 다음 시즌 내 놓으라구요. 제작진 가두고 여고추리반만 만드시라구요!!!!!!
여고추리반 3,역시나 내 인생예능 믿고본다
여고추리반 3,끝으로갈수록 힘빠짐
여고추리반 3,추리에 예능을 적절히 섞어줘서 재미있었다. 추리는 물론 간식타임까지 소소한 재미를 주었기에 집중하면서 볼 수 있었다.
여고추리반 3,계속 봐서 식상한 면도 있는데 그래도 또 보겠지
여고추리반 3,확실힌 pd변경으로 몰입도나 전개가 아쉬운 면이 있다...
여고추리반 3,"1,2만큼 몰입도가 있지는 않았지만 전체적인 내용은 재밌었다"
여고추리반 3,"시즌 1,2에 비해 보다 현실성 있고 개연성 높다. 올라가는 난이도만큼 멤버들의 추리 실력이 늘어가는 걸 보는 맛!"
여고추리반 3,"매 시즌 재밌었지만, 메인 프로듀서가 바뀌면서 예능적 요소보다 더 추리적 요소에 집중한 것 같아 여러 상황을 더 추측하며 볼 수 있는 몰입도가 한층 높아졌다. 오히려 좋음"
여고추리반 3,좀 더 현실적인 요소들로 접근하고 차근차근히 쌓아가다 터뜨리는 것이 가장 재밌던 1픽 시즌! 👍
여고추리반 3,메추리반의 대활약. 벼룩의 피를 빼먹어라!!
여고추리반 3,2화만 더 있었더라면… 뭐가 너무 훅훅훅이야 후반으로 갈수록..
여고추리반 3,정의구현! 악당퇴치! 메추리반!
여고추리반 3,"시즌 1,2의 노련함이 사라진 느낌 NPC들을 제작진에서 철저히 통제해버린 느낌이 들정도로 추리반 학생들(출연진) 의 행동이 허술해 졌다는게 느껴짐 그래도 유일무이라 응원함"
여고추리반 3,시즌을 거듭할 수록 더욱 흥미진진에 재밌다
여고추리반 3,여추반 최고❤️ 오래기다림 ㅜㅜㅜㅜ 케미 너무 좋고 재밌어요~~
여고추리반 3,1화는 재미없다.
여고추리반 3,아직 1화는 아쉬운 느낌이지만 여추반 못잃어…
여고추리반 3,벌써부터 8화까지라는게 아쉽다.
여고추리반 3,앞으로가 더 기대됩니당
여고추리반 3,정종연 유니버스 신작 여추반3 진짜 너무 기다렸는데 나타나줘서 감사하네요 1화부터 무슨 내용일지 너무 흥미진진해요
여고추리반 3,어서나와라 어서나와ㅠㅠ 팀 정종연 파이팅!!!
카지노,"환장의 나라로 오세요, 베가스랜드로."
카지노,화려함과 욕망의 끝엔 파멸과 후회만 고요히.
카지노,로버트드니로와 조페시 멘탈도 털어버리는 샤론스톤의 트롤링.
카지노,미치지 않고서야 볼수없는 돈과 제국의 흥망성쇠.
카지노,너무 길지만 한번 정도는 볼 만한 작품이다.
카지노,"돈, 권력, 그리고 인간의 욕망이 뒤엉킨 어둡고 강렬한 이야기. 스코세이지 감독 특유의 스타일과 연출력이 돋보이는 작품."
카지노,아이리시맨 하위호환 같았다. 샤론스톤의 연기는 좀 어색한거 같다.
카지노,이제는 이런 호화로운 성공 서사를 볼 때면 막판에 어디까지 추락할지 기대가 될 정도다. 라스베이거스의 불야성에 눈이 멀 것 같다.
카지노,갱스터의 파란만장한 일대기가흥미롭게 펼쳐지는군
카지노,"가장 미국적인 이야기를 만드는 감독. 아름답고 휘황찬란하고 추함을 모두 담은 영화. 마티, 그는 이야기 만큼이나 아름다움을 만드는데 장인이다."
카지노,한 판의 도박처럼 나타났다 사라진 그들의 역사
카지노,카지노는 그들만의 세계. 건강한 돈이 난 좋아.
카지노,마치 눈 깜짝할 새에 새어나가는 돈 같이 미끄러지듯 흐르는 스콜세지표 화술.
카지노,두 내레이션이 말해주는 자신들의 흥망성쇠 그리고 라스베이거스의 역사. 결국 어떤 사람을 만나는지가 가장 큰 도박이 아닐까.
카지노,제일 잘 하는 이야기라 맨날 똑같아도 재밌다
카지노,"우정, 사랑, 돈보다 중요한 판단력"
카지노,"스콜세지의 금빛 화술은 언제나 요술, 예술."
카지노,조페시 마지막 내레이션의 비명이 엄청 웃겼던 기억.
카지노,포스터에서 기대했던 것과 달라서 살짝 아쉽네.
카지노,마틴 스콜세지 로버트 드니로 조 페시
카지노,마틴 스콜세지의 도박 개론
카지노,.
카지노,"브루클린 뒷골목을 허무함과 냉소가 가득한곳으로 표현한데 비해, (벌어지는 일은 별반 차이가 없음에도) 라스베가스를 낭만적인 보물섬으로 그려낸것이 인상깊다."
카지노,마틴 스콜세지 감독의 범죄영화는 범죄자들에 대한 어설픈 동정과 미화를 하지 않아서 더 좋다.
카지노,"낙원 속 흙구덩이, 돈다발로 파헤치고 친구들로 채우다."
카지노,"영원한 승자는 없고, 영원한 사랑도 없고, 영원한 우정도 없다"
카지노,돈이 모여드는 카지노. 불나방처럼 달려드는 불한당.
카지노,마틴 스콜세지 - 로버트 드 니로 - 조 페시 좋은 친구들 - 카지노 - 아이리시 맨 30년짜리 대장정의 2부.
카지노,"하물며, 그리 떳떳하지 않은 일을 하는 사람이라도 선을 넘지 않고, 냉철하고, 철두철미해야 살아남는다."
카지노,스콜세지의 리얼리즘적 표현은 보기에 의심할 여지가 없다.
카지노,"마틴 스코세이지의 라스베가스 배경의 갱스터 영화, 말이 필요없다 이미 마틴 스코세이지의 갱스터영화는 예술이다."
카지노,"화려하지만 허망함이 가득한 카지노의 모습처럼, 인간의 덧없는 욕망을 그려내었다."
카지노,역시나 스콜세지 감독의 작품
카지노,아따 고놈 참 재밌네. 이게 영화지.
카지노,천의무봉의 솜씨로 찍어낸 흥망성쇠!
모아나 2,역시 모아나! 히피펌을 하고싶어졌어요 내가 하면 헤그리드겠지..
모아나 2,'무난하게만 만들자!'하고 만든 듯한 속편
모아나 2,화려했던 디즈니의 모험도 이젠 정말 끝인가 보다.
모아나 2,생각만큼 기대치에 미치지 못 했지만 화려한 영화.
모아나 2,이런 나이브한 속편 제작 계획이라면 곤란해
모아나 2,[시스템 : 불가능한 업적을 달성했습니다. (난이도 하)]
모아나 2,1편이 디즈니의 온고이지신이었다면 2편은 디즈니의 속편 활용 감각 실력 뽐내기로.
모아나 2,몰입을 위한 특별한 선악 구도없이 인생의 지침만 알려준 다소 슴슴한 후속편
모아나 2,모아나 각본가 뭐하나
모아나 2,이걸로 3편도 만들겠다고?
모아나 2,이다지도 흥미롭지 않은 모험이라니
모아나 2,1편만큼의 임팩트가 없고 모아나와 마우이간 케미가 식은듯하다
모아나 2,게으른 플롯 재탕과 후속작 빌드업이 전부. 양심이 없네.
모아나 2,너무기대했나보다….
모아나 2,현실에 안주한 디즈니의 항해를 모험이라 부르기 민망하다.
모아나 2,영화 모아나2 리뷰: 1편과의 비교를 중심으로
모아나 2,모아나2
모아나 2,난 코코넛 군단이 가장 마음에 들더라
모아나 2,되새김질도 나쁘지 않은 압도적인 눈호강
모아나 2,ㅇㅇ
모아나 2,"전작만큼 훌륭하진 않지만, 속편을 기다렸던 팬들의 욕구를 채워줄 영화! 3편도 존버중!"
모아나 2,"""우린 답을 찾을 것이다. 늘 그랬듯이(We will find away. We always have)"" - 영화 '인터스텔라' 인용 -"
모아나 2,우리의 길은 정해진게 아니야! 그 길에 정답이 없듯.
모아나 2,디즈니가 암흑기 끝에 선택한 건 속편의 무난함과 흥행성.
모아나 2,형만한 아우는 없었다
모아나 2,여타 디즈니 세계관과 다르게 아쉬운 점이 많은 여정
모아나 2,딸래미 보여주고 싶네
모아나 2,2시간짜리 뮤직 비디오.
모아나 2,모아나의 희생으로 이루어낸 해양 대통합의 길🏝️
모아나 2,고민은 적어도 매끈하고 즐거운 여정.
모아나 2,화려해보이지만 그 속은 텅 비어있다. 대신 오락성은 높은
모아나 2,끝내주는 그래픽으로 눈의 즐거움을 선사한다
모아나 2,3편을 위한 예고편이라는 말이 딱 들어맞는 듯.. 디즈니 특유의 영상미는 있지만 그게 다인걸
모아나 2,1편의 감동만큼은 아니여도 나는 모아나의 세련된 ost와 퀄리티있는 영상미를 사랑하는것같다.
모아나 2,3편으로 가는 이야기 느낌이 강해서 아쉬웠다
모아나 2,많이 실망. 내용 오스트 모두 다
모아나 2,전편보다 못한 속편. 그럭저럭 봐줄만은하다.
모아나 2,"덩치는 커졌지만 알맹이는 더 이상 나올 수 없는 내용물을 억지로 짜내려는 모습이 보여 안쓰럽기까지하다. 이야기,CG,사운드트랙 어느하나 전작보다 매력적인것이 없는 속편"
모아나 2,아는 맛이 즐겁다.
모아나 2,화려하기만 한 실속이 없는 위태로운 항해.
모아나 2,똑같은 내용물에 포장지 바꾸기
모아나 2,개봉 첫주에 만난 영화.. 기대만큼은 아니긴 해도 무난하긴 했다
모아나 2,“인생이란 바다에서 방황하는 길잡이들에게”
모아나 2,"1편 못봐서 이해하지 못할까 걱정했지만 돼지와 치킨? 친구 ,가족과의 유대, 모아나가 더 성장하는 이야기를 재미있게 봐서 1편을 못봤어도 극장가서 큰화면에 보라고 추천하고 싶다."
모아나 2,시즌 3를 위한 빌드업... 아쉽
모아나 2,디즈니와 세상은 공주가 아닌 영웅을 위한 준비가 덜 된 것 같기도 하지만.. 모든 모험이 완벽하게 준비된 채 시작하는건 아니니까요.
모아나 2,조금 흔해져버린 모험이지만 다시 봐서 반가웠다.
모아나 2,전편보다 못하긴 함
모아나 2,"또 다시 반복되는 절망의 길에 허우적거리는 좌절 속에서도 잃지 않는 용기와 희망으로 나아가는 항해에 함께하는 너 그리고 나, 우리의 끝나지 않을 드넓은 바다같은 성장 이론."
모아나 2,원피스가 슬쩍 보여
가여운 것들,모든 인생의 시작은 남에 의해 창조된 비극이어도 그 내용을 동화로 채우는 것은 나 자신이다
가여운 것들,‘가여운 것’에서 ‘가여움을 아는 자’가 되기까지
가여운 것들,"최고의 작품이란 평가. 많은 상을 받은 것과 별개. 작품의 주제는 매력적 서사로 그려졌는가? 기괴,거북,불편."
가여운 것들,이걸 본 내가 가여운 듯. 이게 뭐야......
가여운 것들,"독특한 소재와 뛰어난 연기, 아름다운 영상미로 만든 기괴한 성장 동화"
가여운 것들,매춘을 빼고서는 여자 이야기를 못하는 남자들의 세계란...
가여운 것들,"창조된 벨라, 자신의 삶을 창조하다"
가여운 것들,벨라의 성장은 만족할 만한 서사이지만 섹스와 성매매를 도구로 사용하는 방식은 굳이 싶음.
가여운 것들,자아와 세계에 대한 물음이 파격적인 연출과 창의적인 풍경을 만나 반짝인다.
가여운 것들,요르고스 란티모스의 냉소적인 시선이 일견 거둬지니 나오는 인간에 대한 찬미.
가여운 것들,타고난 본성과 천성은 있어도 정해진 운명은 없다.
가여운 것들,이런 졸작일 줄. 얇다. 가볍다. 말초적이다. 재미 없다. 이 모든 허접은 얕게 가려 한 각색과 연출 때문. 142분 중 132분을 낭비한다. 요르고스 란티모스. 2023. 1.5
가여운 것들,"여러모로 밍숭맹숭. 기존 란티모스의 독한맛이 빠진만큼 새로운 것들이 더 차오르길. 송곳니, 더 랍스터에서 위선과 가식의 규칙에 기괴함을 느끼던 아이가, 자신을 낳은 세상과 화해하기"
가여운 것들,"괴랄한 잔혹동화. 온갖 더럽고, 추잡한 것들로부터 성장하는 것과는 대비되는 시각적 아름다움. 엠마 스톤은 왜 아카데미 여우주연상 강력한 후보인지 누구든 인정하게 될 연기를 보여줬다"
가여운 것들,가여운 것들 정보 출연진 평점 줄거리 결말 후기 해석 노출 수위 스포 엠마 스톤 역대급 연기력
가여운 것들,독특하고 기괴한 내용과 연출은 취향이지만 요즘 시대가 원하는 이야기를 담으려고 노력한 느낌. 뒤로 갈수록 남성 감독이 담은 여성의 독립 이야기 그 뻔한 스타일로 변하는 게 아쉽다.
가여운 것들,진주는 찾을 수 없지만 행복하구나
가여운 것들,이 영화를 본 내가 가엽다
가여운 것들,일생 일대 한 인간의 성장을 일련의 사건들로 압축한다. 1. 이를 하나의 특징-치우쳐진 성적 이야기로만 전개시킨 부분은 다소 아쉽다 2. 색감이 손에 꼽을 정도로 아름다운 영화
가여운 것들,천하고 아리따운 전장에서 연신 울려대는 벨라의 승전보.
가여운 것들,가여운것들
가여운 것들,자유와 경험을 향한 기괴하고 아름다운 모험
가여운 것들,순수이성으로부터 나온 벨라가 인간적 욕구에 따라 다양한 본인만의 자극과 반응으로 이루어진 경험 속에 유영하다 비로소 온전한 인간다움을 갖추는 아름답고도 건조한 이야기
가여운 것들,.
가여운 것들,"해석된 관찰자의 시선에서 규칙, 즉 나를 뺀 세상의 바깥에 이미 존재해 온 것들의 의미를 뒤집어 생각하게 만든다."
가여운 것들,"아기의 뇌를 가진 성인 여성, 괴물이 되고서야 주체적인 인간이 되다. 엠마 스톤 연기가 끝장남. 이런 미장센은 어떻게 구현하는건지 궁금.."
가여운 것들,나는 내가 만든다. 놀랍게도 문자 그대로.
가여운 것들,어느순간 느껴지는 메일게이즈에 영화의 좋았던 모든 점들이 흐려졌다
가여운 것들,수위높은 동화를 읽은 느낌. 흥미로웠지만 한번 더 보고싶은 마음은 안 든다
가여운 것들,꿈보다 해몽인 포르노
가여운 것들,"21세기, 우리는 이제 겨우 걸음마 단계를 마쳤고 여전히 진짜 가여운 게 무엇인지 모르고 살아간다."
가여운 것들,보지 말 걸 그랬다. 굿바이 엠마.
가여운 것들,"몸은 성인, 정신연령이 어릴때 쾌락에 빠지면 얼마나 위험한지 소름돋게합니다"
가여운 것들,현시대적 고민도 새로운 시각도 없는 해방 서사 지루하다
가여운 것들,벨라가 세상의 틀에 맞춰져가는 과정을 보는 불편함과 그와 반대로 편안함이 찾아오는 기이한 경험.
가여운 것들,가엽지 않은 놀라운 연기력에 놀랄 뿐!
가여운 것들,창조물 벨라의 매력적인 성장동화
가여운 것들,비틀린 욕구를 타고난 신생아의 정신 해부학 일기.
가여운 것들,시간이 빨리 지나가게 생각될정도로 재미나게 봤습니다. 미장센과 음악 역시 최고구요. 연기는 뭐 말할것도 없어요 취향에따라서 불편하게 느껴질 장면이 많아서... 싫어할 사람도 있겠요
가여운 것들,Poor Things
가여운 것들,ㄱㅇㅇ것들
가여운 것들,"모든 것의 창조와 종말을 비트는 감독의 역설, 그리고 그것들을 관객의 실험체로 만들어버리는 방울같은 냉소."
가여운 것들,세상은 둥그니까 둥글게 바라봐야지
가여운 것들,엠마 스톤의 열연과 독특함을 무기로 불쾌함 마저 넘어서며 펼쳐내는 굳건한 성장스토리
가여운 것들,"기괴한 스토리, 그걸 지켜보는 가여운 나?"
가여운 것들,태초로 회귀해 형상화한 인간들의 본질적 의문들과 끝없는 모순들의 탐구.
가여운 것들,독특한 아이디어지만 소재만큼 스토리를 잘 풀어내지 못하는 느낌. 배우들의 연기와 색채가 아름답다
가여운 것들,요르고스 영화 중에 제일 직관적이다. 그래서 개성이 가장 떨어진다.
가여운 것들,"기괴함과 아름다움으로 꽉 찬, 매우 합리적인 그녀의 세계"
가여운 것들,오래 기다려왔던 란티모스의 영화. 기대를 져버리지 않았다. 2차 3차 관람 예정. 원작 도서도 궁금해진다.
인터스텔라,이제는 새로운 영화 장르 : 크리스토퍼 놀란
인터스텔라,놀란이 자기 자신에게 바치고도 '놀란' 최고의 선물
인터스텔라,경이롭다. <아바타>가 당대 영화의 기술적인 면이 도달할 수 있는 정점에 달했다면 <인터스텔라>는 영화라는 매개체를 통해 인간의 상상력이 도달할 수 있는 정점에 도달했다는 감상이다...
인터스텔라,"중력, 블랙홀, 거대한우주 그 모든 것을 이기는 것이 인간의 '사랑' 이라는 감정"
인터스텔라,"<인셉션>의 환상, <메멘토>의 기억, <다크 나이트>의 인간성 모두를 갖춘 영화가 탄생하다"
인터스텔라,아이맥스로 봤던 우주공간 장면과 해일은 잊을 수가 없다
인터스텔라,우주의 끝없는 매력으로 블랙홀처럼 빨려들어가는 영화
인터스텔라,놀란 감독이 나의 마음을 놀라게했다. 예습 차원에서 <콘택트>와 <2001: 스페이스 오디세이> 그리고 <그래비티>를 보고 온다면 확실해진다. 놀란은 SF 장르의 신이다.
인터스텔라,"거대한 시간과 차원, 우주의 시계바퀴에 사랑이라는 힘이 비록 미약해보일지라도 / 사랑이라는 교향곡에 과학이라는 소주제로"
인터스텔라,책장 넘어의 세계에 손을 뻗는 모든 인류를 응원하고 싶어진다.
인터스텔라,결국 사랑이지만 어려운 건 어려운 것
인터스텔라,영화로 구현한 고등과학의 결정체
인터스텔라,시공간을 넘나들며 기적을 가능케 하는 위대한 사랑에 관하여
인터스텔라,가히 위대한 영화이다
인터스텔라,인터스텔라를 뛰어넘을 우주영화는 아직 안나온거 같다..
인터스텔라,아찔한 경외감의 시공간을 넘어 솟아 오르는 사랑의 구원
인터스텔라,최고로 압도적인 상상과 철학
인터스텔라,"매트릭스, 아바타, 인터스텔라"
인터스텔라,사랑이라는 가장 강력한 중력
인터스텔라,인생작
인터스텔라,처음부터 끝까지 완벽한영화
인터스텔라,더 공부하고 다시 보고 싶을 정도로 인상 깊었던 영화.
인터스텔라,영화관에서 봤다는 것만으로도 만족한다. 시간이 꽤 지났지만 여전히 그때의 기억이 남아 있다. 나도 모르게 입이 벌어졌기에 새롭고 경이로웠다는 말이 적합하지 않을까 싶다.
인터스텔라,인터스텔라 ost만 수백번 듣게 됨 모스 부호 찾아낸 장면과 옥수수 밭 장면은 아직도 떠오름 긴 영화이지만 하나도 지루하지 않았던 인생 영화
인터스텔라,10년된 영화라니...나 아직 여기 나오는 우주도 이해를 못했는데.....
인터스텔라,창의력과 상상력은 정말 인정하나 '인셉션'에 비해 완성도가 확실히 떨어져 보인다.
인터스텔라,뭘봤는지 모르겠음 내가 시간 속으로 빨려들어간건가 내 머리가 나빠서 이해를 못한건가 러닝타임 너무 길어서 2번 자다깼다....
인터스텔라,이과생 만만세. 내가 꿈꾸는 과학 영화는 이런 거. 그 이성적인 학문을 문학적으로 풀어냄.
인터스텔라,"와,,,,,"
인터스텔라,매우 짧은 단어지만 그 무엇보다도 긴 의미 '사랑'
인터스텔라,사랑의 과학적 정의
인터스텔라,경이롭다. 이 영화를 본 후 다른 우주 영화들은 뭔가 부족하게 느껴진다
인터스텔라,가장 우주적인 우주 영화
인터스텔라,형제는 대단했다. 각본을 쓴 동생 도너선 놀란은 명문대에 가서 상대성 이론 수업까지 들었다고 한다. 형인 크리스토퍼 놀란의 연출이야 두말해서 무엇하랴? 그저 감동하고 고마울 뿐!
인터스텔라,이거 망작이잖아 내 인생에 희망작 ㅎㅎ
인터스텔라,처음봤을때 느낌을 다시 느껴보고 싶을 정도. SF는 취향이 아닌데 명작은 취향을 안 타는 것 같다
인터스텔라,"알 수 없는 우주, 상상 속에서나마 그 신비함을 보여준다."
인터스텔라,이런 생각은 어떻게 하는 건지 우주 여행.. 무료로 갈 수 있는 거였군요
인터스텔라,환상적 스펙타클의 체험과 드라마까지 모두 충족시키는 놀란 영화
인터스텔라,광활한 탐험을 한 기분..
인터스텔라,Murphy의 소생
인터스텔라,팽창하는 동시에 끊임없이 수축하는 인간 지평과 같이. 내면의 위대함이 저 밖의 창대함을 정복함의 예언.
인터스텔라,몇 번을 보아도 마음이 움직이는 바가 있다 / 20141213
인터스텔라,블랙홀의 모습이 상상하는 것과 달라서 찾아봤을때 고증에 의한 것을 알고 얼마나 놀랐던지...... 최고의 SF 영화가 아닐까?
인터스텔라,짱
인터스텔라,영화를 꼭 사실에 기반을 둘 필요는 없다. 우리가 보고 있는 거의 모든 영화들은 '논픽션' 이기에더 재미있고 더 흥미로운 것이기 때문이다. 크리스토퍼 놀란의 SF 영화<인터스텔...
인터스텔라,가볼 수 없는 저 먼 우주를 다녀와 본 느낌
인터스텔라,딸을 향한 매튜 맥커너히의 모습은 정말…
인터스텔라,"우주를 향한 기약없는 여정도, 지구에서의 끝없는 기다림도 결국은 사랑에서부터..."
인터스텔라,크리스토퍼 '매우 놀란'
악마는 프라다를 입는다,"갓 대학생이 된 나에게 멋진 커리어우먼의 꿈을 심어준영화, 여주도 너무 매력적이고 진짜 영화자체도 너무 매력이었음 안보신분들은 추천합니다!"
악마는 프라다를 입는다,이 영화를 처음 봤을때의 신선함이 아직도 기억에 남는다. 볼거리가 많은 영화. 그리고...그녀는 예뻤다!! 주인공에 홀릭되서 보게됐던 영화.
악마는 프라다를 입는다,앤드리아(앤해서웨이) 옷이 계속 바뀌는 장면 제일 짜릿
악마는 프라다를 입는다,얻는 것이 있으면 잃는 것도 있는 법
악마는 프라다를 입는다,중학교때는 해서웨이랑 메릴 스트립만 이해하지 못했지만 나중에 다시보면 해서웨이랑 메릴 스트립만 이해되는 영화
악마는 프라다를 입는다,패션에 대해선 문외한이지만 영화를 보는 동안은 안목이 올라간 듯한 느낌이 들었다.
악마는 프라다를 입는다,명품을 모르던 시절에도 이 영화는 명품이었다
악마는 프라다를 입는다,두 여배우의 환상적인 호흡과 명품 조연들이 이끌어가는 영화. 삶이 아무리 힘들고 더러워도 자신의 본질은 잊지 말자.
악마는 프라다를 입는다,커리어우먼의 꿈을 꾸게 됨
악마는 프라다를 입는다,각자의 삶의 가치를 찾아가는 여자들
악마는 프라다를 입는다,내 모든 걸 바꾸고 싶더라도 초심은 잃지 말자.
악마는 프라다를 입는다,"몇 몇 평론가들이 스토리가 너무 예상된다. 엔딩이 찜찜하다 그러지만, 이 영화는 분위기가 미쳤다. 예측되고 찜찜하면 어떤가 그냥 이 분위기를 즐기면 되는 것을"
악마는 프라다를 입는다,앤 해서웨이가 다함
악마는 프라다를 입는다,한때는 동경했던 패션에대해 이 스토리가 과장인지 진실인지는 모르지만 그 세계를 대리만족 시켜주는 화려한 영화
악마는 프라다를 입는다,"일과 사랑 사이에서 고민될 때 도움 될 만한, 참고서 같은 영화."
악마는 프라다를 입는다,덧없이 화려함 속에는 보이지 않는 스트레스가 뒤따르는 법.
악마는 프라다를 입는다,재밌다 재밌어
악마는 프라다를 입는다,"예쁘고 멋있고 자극되는, 매번 봐도 안 질리는 영화!"
악마는 프라다를 입는다,그건 그냥 블루가 아니야. 정확히 세룰린 블루야!
악마는 프라다를 입는다,메릴스트립 멋지다
악마는 프라다를 입는다,어떤 옷이 맞는지는 직접 입어봐야 아는 법
악마는 프라다를 입는다,"코미디인 줄 알았는데, 휴머니즘이었다."
악마는 프라다를 입는다,앤 헤서웨이 배우야 연기 잘하고 눈크고 예쁜것 다 알았지만 메릴 스트립님.............. 진짜 연기갓
악마는 프라다를 입는다,배우들의 연기가 명품이었던 영화.
악마는 프라다를 입는다,악마는 ...
악마는 프라다를 입는다,몇번을 봐도 질리지 않는 트렌디함
악마는 프라다를 입는다,프라다를 입는 사람은 앤디의 친구들. 이 영화에서 가장 이상하고 가장 무서운 사람은 앤디의 친구들임이 틀림없다. 그들이야말로 지옥에서온 악마다. 그치만 이 영화는 내 사골국물이지
악마는 프라다를 입는다,지금봐도 재미있는영화
악마는 프라다를 입는다,"누군가는 바쁘고, 누군가는 나쁘며, 누군가는 예쁘다."
악마는 프라다를 입는다,영어공부하려고 여러번 본영화. 이거 고른이유는 편안한 일상대화가 많고 다양한 연령대 대화 들을수 있고 OST 오프닝때 너무 좋다.
악마는 프라다를 입는다,미란다와 에밀리의 밀당 사랑스러운 영화
악마는 프라다를 입는다,여자가 봐도 메릴스트립에게 반하겠음
악마는 프라다를 입는다,언제쯤 촌스러워 보일까?
악마는 프라다를 입는다,아무것도 모르고 입사해서 초짜가 울분을토하다 작정하고 적응해 나가는 우리의 사회 초년생 모습이 보여 응원하는 마음으로 보게되는 영화
악마는 프라다를 입는다,신입이 사회생활을 헤처나갈때 저런 편집장 스타일을 만나게 돼있음. 슬기롭게 풀어가는 게 답
악마는 프라다를 입는다,패션과 비즈니스에 대한 주인공의 성장 영화. 화려한 옷들과 배우진에 감탄만이 남았다
악마는 프라다를 입는다,입금전.입금후 변화는 당연한 시장논리
악마는 프라다를 입는다,소신껏 살자
악마는 프라다를 입는다,아 뭔가뭔가 아쉽다..
악마는 프라다를 입는다,소설이랑 영화랑 느낌이 비슷하면서도 다르네
악마는 프라다를 입는다,삶의 길엔 많은 결정권들이 있는데 진정 내가 무엇을 원하며 포기를 하더라도 뭘 포기할 것인지를 정하고 살자.
악마는 프라다를 입는다,역시나 역작. 그러나 시대 감성이 제법 강한.
악마는 프라다를 입는다,"꿈, 열정과 현실 초월"
악마는 프라다를 입는다,카리스마를 뽐내는 노회한 마녀.
악마는 프라다를 입는다,멋진 여자가 좋다
악마는 프라다를 입는다,재미있게 봤어요
악마는 프라다를 입는다,제목이 유명해서 봤음 그것 뿐
악마는 프라다를 입는다,메릴 스트립이 찰떡같이 소화해낸 악마
악마는 프라다를 입는다,"에밀리 파리에 가다 다음 시즌을 기다리다 생각나 다시본 영화, 다시봐도 재미있고 세련됐다. 다시 태어난다면 앤 해서웨이로 태어나고 싶을만큼 그녀는 너무 사랑스럽고 예쁘다."
악마는 프라다를 입는다,"생각보다 기억에서 쉽게 잊혀질, 흘려야할 것이 많은 영화. 그래도 적당한 교훈과 지혜 혹은 배워야할 것이 있긴 하다."
세븐,<세븐>은 스릴러의 신전에서 <양들의 침묵> 옆에 앉아 영원히 빛을 발할 것이다.
세븐,현대인들에게 메시지를 던지는 영화
세븐,나는 참을 수 있을까
세븐,"""You can't afford to be this naive."""
세븐,이 작품은 재미는 떨어지지만 영화를 다보고 난 뒤에 드는 생각이 강렬하다
세븐,현대사회와 7대 죄악을 계속 떠올리고 생각하게 만들며 반전으로 인한 충격과 여운이 상당히 오래 남는다
세븐,인간의 7대 죄악으로 풀어가는 이야기. 내 인생에 이 영화만큼 마음에 들었던 추리 영화가 없다.
세븐,수십 년이 지난 지금에서야 봐도 전혀 낡지 않은 범죄 스릴러 미스터리물.
세븐,"“인간이기에 겪을 수밖에 없는 7개의 죄악과 인간이 만들어낸 8번째 죄악, ’무관심‘”"
세븐,핀처는 이미 인간이란 하찮은 존재를 간파한 신이 아닐까... 후반부 세 명의 대화씬을 위해 서사를 쌓았다고 해도 과언이 아니다
세븐,범인의 말을듣고도 가만히 있는다면 그건 성인군자를 능하는 자일 것이다.
세븐,"'세븐', 죄악을 말하는 숫자이자 행운의 숫자인데, 영화 결말까지 세븐은 행운의 숫자가 되지는 못했다."
세븐,"스릴러 영화의 정점, 모든 미장센/연출/스토리 완벽하지 않은 점이 없다"
세븐,영화가 전하는 바가 무엇인지 잘 모르겠다
세븐,영화 속 살인마의 계획처럼 치밀한 연출과 플롯. 넓은 들판 위에서 외치는 브래드 피트의 포효는 몇번을 다시봐도 소름돋는다.
세븐,감정적인 밀스의 한마디가 일으킨 나비효과. 내가 밀스였다면 참을 수 있었을까?
세븐,안본 눈과 뇌가 부러운 영화
세븐,디테일하고 세련된 연출이 돋보이는 범죄 스릴러의 정석
세븐,죄의 무게란
세븐,최고!!! 다시봐도 섬세한 연출 세련된 영상 최고의 배우들. 아니 요즘은 왜 이런영화 안만드냐고요
세븐,범인의 계획대로.
세븐,고전명작을 찾아 보는 이유. 명확한 목적을 바탕으로 잘 짜여진 스릴러는 꾸준히 회자되는 명작이 되나보다. 스릴러의 정수라는 말이 정확하다는 걸 느꼈다.
세븐,분노가 남는다
세븐,기독교의 징벌로 만들어진 스릴러가 이미 너무 많았다. 세븐은 단정하고 정돈된 존 도우를 닮은 완성본이었다. 왠지 유치한 리핑이 그리워졌다. 2014년
세븐,쏠까말까
세븐,인류가 고대에서 교훈을 얻었다면 이 죄는 없었어야 한다.
세븐,악의 세상에서는 악이 곧 정의인가?
세븐,"7가지 죄악을 모티브로 한 연쇄살인 사건을 추적하는 두 형사의 이야기. 암울하고 습한 도시의 분위기와 함께 긴장감을 조성하며, 범죄 현장의 잔혹함과 섬뜩함을 생생하게 보여준다."
세븐,진짜 마지막…
세븐,믿고보는 핀쳐 이야기.
세븐,Seven
세븐,잡은 것 같았는데... 고생 끝에 멋지게 사건 해결해서 맘놓고 은퇴할 수 있을 것 같았는데... 7대 죄악에 맞춘 살인의 아이디어와 사건 현장의 미술이 매우 인상적이었다.
세븐,8. 포기.
세븐,모건 프리먼의 육성이 참 좋게 들리네요. 다는 기억이 안나도 봤었는데 다시 봐도 긴장되고 스릴있네요.
세븐,"오물이 가득한 도시속에 벌어지는 처절한 사투, 빗방울 속의 눈물처럼 흘려보내리"
세븐,무슨 말이 필요
세븐,"반복되는 7가지 죄악, 그리고 7일의 삶. 벗어날 수 없으니, 뭣 같더라도 일단 싸워야 한다."
세븐,내 취향은 아니었지만 정말 잘 만든 영화라는 사실은 변하지 않는다.
세븐,240721 1 넷플
세븐,내용은 나쁘지 않았으나 분위기가 나와 맞지 않았던 영화
세븐,숭고함 마저 느끼게 만드는 끔찍한 스릴러물. 엔딩에서 희망과 절망의 사이를 오게하는 영화. 죄악의 존재만으로는 세상의 가치를 판단하기 어려운 것.
세븐,충격적인 연출과 스토리의 스릴러. 뭔가 쏘우의 느낌도 들었지만 훨씬 정교하다.
세븐,그저 경이롭기만한 미친 영화
세븐,천재 연쇄살인마를 쫒는 두 경찰의 이야기
세븐,와 옛날영화데 전혀 뻔하지가 않다니 대단한 작품이다.
세븐,Netflix
세븐,스릴러의 교본
세븐,어두운 분위기의 암흑같은 스토리
세븐,마치 직조를 짜듯 정교한 플롯의 정수.
세븐,.
한 사람만,티빙으로 처음봤었는데 진짜 너무 슬프면서 약간 따뜻한 느낌의 드라마ㅠ 진짜 아들이고 꼭봤으면ㅠ
한 사람만,재밌음.. 시간 엄청빨리감
한 사람만,잔잔한 분위기인데 몰입됨 우울한 분위기인데 위안됨 - 2022.02.08.
한 사람만,기대없이 봤는데 결국 끝까지 정주행
한 사람만,정주행중... 꽤 흥미롭고 아름다운 이야기.
한 사람만,의외로 수작이네요~ 재미요소가 다 녹아있어요
한 사람만,"사전정보 전혀없이 보기 시작했는데, 추추선생 연기 너무 좋네요."
한 사람만,김경남 재발견. 가슴이 미어지는 연기가 일품
한 사람만,호스피스에 시한부 무거운 이야기면 안봤을텐데 나름 깨알웃음에 술술 잘 봤어요
한 사람만,호스피스 병동에서 처음이자 마지막으로 생긴 우정과 사랑이라는 점이 인상깊었다 언제 죽을지 모르는 사람들이 여행을 가고 사랑을 하는 게 더욱 애틋하게 느껴졌다
한 사람만,기대 0에서 시작해서 인지 초반부는 너무 재밌었다. 따듯하고 힐링드라마인데 약간의 스릴러?도 포함되어 있는게 재밌다. 근데 후반부는 모든 캐릭터 스토리 욱여 넣어서 지루해졌다 아쉽
한 사람만,"처음에는 뭔가 있겠지 기대하는 마음으로 보다가, 갈수록 이상해져서 하차… 케릭터 이입하는 시간 없이 이해하는데 시간이 너무 많이 필요함…"
한 사람만,"나는 사라질까, 남을까."
한 사람만,미도 인생이 너무 기구해서 눈물이 난다… 이왕 죽을 거 좀 더 행복한 생 살게 해주지ㅜ
한 사람만,지루한데다 이상함
