﻿movie_title,review
메기,‘믿음’이라는 ‘의심’ 속에 빠진 우리에게 던지는 경고
메기,"재기넘치는 연출에 메시지도 챙겼는데, 시퀀스들이 서로 어우러지지 못하고 겉도는 느낌이랄까."
메기,"[메기] ⠀⠀⠀⠀⠀⠀⠀ 누군가의 창작물을 한줄로 깎아내리고 싶진 않아서 굳이 굳이 나열해본다. 좋은 점은 촬영, 음악, 조명 그리고 배우들의 연기다. 그러니까 스토리 외에 대부..."
메기,<메기>의 구덩이는 무엇을 역설하는가?
메기,"빈번히 뜨는 소제목 만큼이나 온갖 아이디어를 이어붙인듯한 느낌의 단편덩어리 장편이다. 그 중심을 의심과 자아중심적 사고라는 개념이 관통하는데, 해결책은 끝내 제시하지 않는. 촬영이..."
메기,영화 더 내주세요.
메기,진실은 중요하지 않다. 세상은 어쩌면 무엇이길 믿고싶고 의심하는지로 만들어지는지도 모른다
메기,구교환 × 이옥섭 콤비야 말해 뭐할까 가벼운 마음으로 시청했다가 깊은 생각에 잠기게한 영화
메기,"신선했다. 믿음, 의심, 불신 굳건해지고 깨어지는 것들을 다양한 이야기로 풀어나간 영화 참신하고 좋았다."
메기,마지막 5분을 위해 러닝타임 내내 끊임없이 의심해야 하는 영화
메기,믿음의 아스팔트 속 자라나는 의심의 싱크홀
메기,솔직히 이옥섭은 인디영화팬들과 영화입시생 사이에서 매우 과대평가 된 감독이 아닌가 싶음
메기,그저 이야기는 흘러간다.. 독립영화만이 선보일 수 있는 스토리라인이 아닐까
메기,.
메기,구교환 찌질함의 정석 2022.02.19 넷플릭스 관람
메기,의심과 믿음으로 투합한 펑키 저글링.
메기,지난해 부산국제영화제에서 4관왕을 기록하며 화제의 중심에 섰던 영화 <메기>가 약 1년여의 기다림 끝에 관객들과 정식으로 만나게 되었다. 기상천외한 아이디어를 선보이는 이 작품은 ...
메기,펼쳐놓은 진실에 의심을 덧대어 믿음으로 재단하다
메기,불신의 싱크홀을 기똥차게 표현하는 연출에 경의를 표하며.
메기,메기
메기,"지상이란 ""믿음""과 구덩이란 ""의심"" 속 당신은 어느 곳을 택할 것인가"
메기,"마지막의 싱크홀 의미는 뭘까? 의심이 사실로 확인될 때, 꺼져내리는 마음의 구멍? 그런데 지금은 그것이 사싷인지 아닌지 나에게 관계없잖아."
메기,무질서한 구조 안에서 통통 튀는 전개.
메기,"감독이 ""답은 내가 정해놨으니 너는 공감만 하면 돼"" 라는 듯 하다."
메기,나름 신선하다
메기,독립영화 특유의 마지막 연출이 좋다 공드리를 봤을 때도 마지막 부분이 좋았고 메기를 봤을 때도 그랬다. 상업 영화에선 볼 수 없는 것이 있다
메기,불신과 폭력의 구렁텅이에서 명랑하게 빠져 나오기
메기,의심이라는 구덩이에 빠지면 얼른 빠져나오자
메기,독특한 아이디어
메기,따뜻하고 엉뚱한 색깔의 ‘곡성’ ”사실이 완전히 존재하는 곳은 어디에도 없데요. 사실은 그것과 관계된 사람에 의해 정의되는거라고 아빠가 그랬어요.” 200302
메기,"A급과 B급을 넘나드는 감성에 ab형의 미친매력을 탑재했지만, 민감한 주제를 기분나쁘지 않게 전달하는 대단한 영화"
메기,"믿음은 얼마나 생기기 어려운지, 의심은 얼마나 생기기 쉬운지."
메기,그냥 이옥섭이 좋다
메기,믿음에 대한 이야기를 굳이 이렇게 표현해야 했을까?
메기,구교환 던밀스 이주영때문에 봤는데 개인적으로 너무 불호였다... 익숙하지 않은 특이한 스토리와 전개때문에 아쉬웠음.
메기,인권영화의 라이트함을 위한 시도였던만큼이나 우려되는 점이 많았지만 각 장면의 함의나 장면들은 웃겼던만큼 씁쓸함도 배가 된다.
메기,"현실에 ‘메기’가 있다면, 펄떡펄떡 튀어오르다 탈진으로 죽어버릴지도 모른다. 아마 싱크홀로 전세계는 아틀란티스가 되겠지."
메기,메기가 보는 우리 세상. 당혹스러울 정도로 적나라한 상징
메기,무거운 메시지를 전하는 통통 튀는 연출력과 깜찍한 상상력
메기,메기는 모든 걸 안다
메기,앞으로 작품을 지켜 보고싶다.
메기,또다른 재치를 가진 충무로 감독의 탄생.
메기,"결국 중요한 것은 무엇이냐, 우리가 믿을 수 있는 사회인가? 믿을 수 있는 사람인가? 개인적으로 나는 이런 한국독립영화에서 한국영화의 기대를 갖게 된다."
메기,의심의 구덩이에 빠졌을땐 진실을 찾아서 빠져나와야한다.
메기,귀여우면서 재밌는 영화. 다양한 발상들로 하여금 이런 영화를 만들 수 있는거 같다. 의심과 현대인들.
메기,난... 사회 고발물이 좋다... 죄지은 사람을 용서하지 않는 윤영이가 좋다 자기가 사랑한 사람이라도
메기,일단 감독의 독특한 시각과 생각이 영상으로 펼쳐져 있어 매우 만족했다. 배우들도 한명한명 매력적이고 호감가는 연기를 보여준다. 의심의 구멍 그리고 청춘의 현실을 신선하게 그려낸다.
메기,"내 취향은 아니지만, 섬세함에 빠져들게 만드는."
메기,믿음은 강하지만 그 믿음이 의심되는 순간 무너지는건 한순간.
메기,의심이라는 어항에 퐁당
레블 리지,넷플릭스의 몇 없는 보석함 안에 일등으로 넣어주길
레블 리지,돌아가세요. 여러분의 시간은 소중하잖아요 ㅠㅠ
레블 리지,"잔잔한 부위기로 몰입의 밀도를 높여주는, 처음의 분위기가 끝라지 가서 마지막엔 훌륭한 결말을 맞는 맥주 한 켄과 어울리는 영화. 추천 합니다"
레블 리지,"드니 빌뢰브를 따라하고 싶었던 것 같은데, 실패. 너무 지루하고, 너무 식상하다."
레블 리지,히로인이 발암임. 무난한 스토리. 그나마 액션만 볼만함
레블 리지,지능적이고 현실적이고 생생하다. 흔해 빠진 장르에 빗겨 섰다.
레블 리지,마지막에 참... ㅋㅋ. 요즘 우리나라 정치판 같다. 아니 똑같다.
레블 리지,B급 영화인줄 알았다가 생각을 바꿨다. 스토리 빌드업이 훌륭했다. 화려한 액션씬은 없었지만 더할 나위 없이 기승전결 전개가 깔끔했다.
레블 리지,잘 못된 권력.. 열불 터진다.. 근데.. 뜬금 없이 왜 ?? 니들 한편 이었잖아??
레블 리지,추석연휴가 낀 이번 주에 보기에 나름 신선한 전개에 과하지 않은 액션에 느슨하지 않은 스토리.
레블 리지,"전형적인 3막 구조의 람보형 영화, 2막까지만 잘 참는다면 폭발적이고 집중도 높은 3막을 감상할 수 있음"
레블 리지,시간 잘가고. 몰입도 좋음. 잼쟘
레블 리지,"뻔하지 않게 잘 짜여진 액션 스릴러, 흔한 전개로 흘러가지 않아서 긴장감 있게 몰입된다. 결국 영웅은 자기 일에 충실한 사람이고, 악당은 자기 일을 저버린 사람이다."
레블 리지,액션으로 시작해서 정치 스릴러로 갔다가 다시 액션으로 막을 내리는 길고 긴 복수극.
레블 리지,지루해요.
레블 리지,몸과 머리의 협업 액션.
레블 리지,음 동생죽고나선 텐션확떨어지는데 내용도 어려워져서 흐지부지봄
레블 리지,두시간 순식간에 녹아버린다. 긴박했다. 그리고 주인공은 사촌동생이랑 어떤 관계이기에 이렇게....
레블 리지,첨 끝발이 개끝발이야 긴장감 좋았는데 과정은 좋았는데 결말이 좀 그랬어
레블 리지,"난 진짜 류사장님의 칸롱 식당이 존윅의 콘티넨탈 호텔 같은 곳이고,"
레블 리지,부패한 공권력이 가질 허영의 정당성을 경계하며.
레블 리지,긴장감과 서사 쌓는 연출들이 잘된 영화였다. 액션장면이 좀 더 좋았다면 굉장히 좋은 영화였을거라고 생각된다.
레블 리지,스토리 라인이랑 플롯 빼고는 등장인물의 외적형태 그리고 액션은 최고였다. 아론 피에르 축구선수인데 연기도 너무 잘하네요! 주제는 뭔가 뻔했지만 다시금 나라의 비리이 대해 각인시켜줌
레블 리지,적당한 터치감으로 변주한 액션극
레블 리지,120분짜리 화끈한 액션을 기대했는데 12화분량의 드라마를 보는듯한 느려터진 전개에 미적지근한 액션
레블 리지,항상 조심하자
레블 리지,이거 왜 18세임 액션신 별로 없어서 아숩 그래도 넷플릭스 영화중엔 볼만함
레블 리지,"보다가 암걸리겠네요. 지루하고 뭔가 보여줄듯 안 보여주고, 절반쯤 보다가 포기했습니다."
레블 리지,영화의 엔딩을 보기까지의 과정이 너무 어려웠다. 영화의 내용보단 찾아오는 졸음을 쫓아내는데 더 신경을 써야했다. 이 영화를 보기 전에는 충분한 휴식을 취하고 보기를 추천한다....
레블 리지,생각보다 묵직한 이야기. 엔딩 장면이 오래 남는다.
레블 리지,넷플 오리지날중에서는 그래도 좀 정상적인 편이네 ㅋㅋ
레블 리지,정의는 죽지 않았다
레블 리지,영화의 무드는 차가운 편인데 장르물 색채가 강해서 조화롭지가 않은 느낌 이야기도 조금 복잡하고 갸우뚱한 전개. 뭔가 속 터지게 만들어 놓고 시원한 사이다를 주려다가 미지근한물만주는
레블 리지,넷플릭스 오리지널 영화중에서도 수작!
레블 리지,현실에 나타난 배트맨적인 긴장감과 반란
레블 리지,초반 흥미와 몰입도는 좋으나 재미가 터질듯 터지지 않는 답답함..
레블 리지,긴장감을 끝까지 유지시키는 마성의 연출
레블 리지,레블 리지 정보 출연진 관람평점 리뷰 결말 후기 인종차별 부정부패 이슈 소재 넷플릭스 액션 범죄 영화추천
레블 리지,S.크레이그 찰러의 영화들이 생각나는 묵직한 맛이 있다. <창살 속의 혈투>에서 비슷한 역할을 맡았던 돈 존슨이 출연해서 더 그런거 같기도.
그레이의 50가지 그림자,그레이 씨는 정신을 좀 차리시길 바랍니다.
그레이의 50가지 그림자,주옥같은 ost만 남기고 그림자 속으로 사라졌다.
그레이의 50가지 그림자,SM인지 SF인지.
그레이의 50가지 그림자,첫 장면을 보는 순간 엔딩까지 맞춰버린 영화. 영화의 질이 흥행과는 관계 없다는 것을 다시 이 영화가 내게 일깨워줬다.
그레이의 50가지 그림자,어필만가득해
그레이의 50가지 그림자,개인의 성적 취향은 존중해 줘야지.
그레이의 50가지 그림자,소설로도 유명한 <그레이의 50가지 그림자>. 이렇게 멋진 남성과 아름다운 여성이 만나는 이야기인데 이렇게 섹시하지 않게 만들기도 어려울 거 같다.
그레이의 50가지 그림자,그다지 선정적이지도 않고 유치하고 앞뒤 안맞는 귀여니 연애소설같다 비웃었다. 근데 왜 나는 아랫입술을 깨물며 끝까지 집중한거지? 2014년
그레이의 50가지 그림자,난 둘의 몸의대화 외 생각나는게 없다.
그레이의 50가지 그림자,싫어
그레이의 50가지 그림자,ost만 남기고 갔다
그레이의 50가지 그림자,으이구.. 치명적인 척 좀 그만해요 그레이씨
그레이의 50가지 그림자,.
그레이의 50가지 그림자,일단 트와일라잇 팬픽에서 시작했다는거에서 쓰레기.
그레이의 50가지 그림자,8~90년 니뽕의 로망뽀르노 상위호환 ?
그레이의 50가지 그림자,그냥 볼만했어요.
그레이의 50가지 그림자,그레이가 그저 그래요. OST는 매우 좋아요.
그레이의 50가지 그림자,..?
그레이의 50가지 그림자,새삼 영화 한 편을 보는 일이 얼마나 힘든가를 느낄 수 있다.
그레이의 50가지 그림자,하기 싫으면 헤어지면 될 것을.
그레이의 50가지 그림자,막장드라마와 중2병 소녀 팬픽의 헐리우드 성인물화 이해도 못하겠고 하고싶지도 않고 그렇다고 수위가 엄청 높은 것도 아니고 오.. 좀 뭔가... 오.. 오... 오.......? 끝
그레이의 50가지 그림자,뭐 회색처럼 이도저도 아니긴하네
그레이의 50가지 그림자,이 영화는 무엇을 말하고 싶은건가
그레이의 50가지 그림자,"직접적으로 섹스판타지를 드러내는 것을 통해 섹슈얼한 영화를 만들려는 건 알겠지만, 그뿐입니다. 그래도 소재 덕에 영화 이름은 많이 알렸네요."
그레이의 50가지 그림자,감정을 빼던가 플레이를 빼던가
그레이의 50가지 그림자,내 2시간을 뺏어간게 짜증나는 영화
그레이의 50가지 그림자,그레이의 50가지 그림자
그레이의 50가지 그림자,끝내주는 사운드트랙 명반. 그게 전부
그레이의 50가지 그림자,이런 성적취향 두번 다시 보고 싶지 않다.
그레이의 50가지 그림자,악평이 많아 큰기대를 안하고 봤는데 생각보다 나쁘지 않았다. 타코다 존슨때문인가..
그레이의 50가지 그림자,정말 신기하단 말이야.... 이런 영화를 만들 용기가 있다니.
그레이의 50가지 그림자,뭘 보여주려고 하는건지 모르겠음
그레이의 50가지 그림자,"영화도 못 되었고, 음란물조차 못 되었다."
그레이의 50가지 그림자,아예 로맨스로 가던가 변태성욕 판타지로 가던가 선택했었어야 했다 이도저도 아닌 느낌의 배드씬만 왕창 집어넣음
그레이의 50가지 그림자,결국 보고 말았네
그레이의 50가지 그림자,뇌색적이지만 끌리진 않는
그레이의 50가지 그림자,여성의 판자티라는 것이 이런 것인가?
그레이의 50가지 그림자,ㅇㅁㅇ?????????????? 저세상각본
그레이의 50가지 그림자,자극적인 장면들로 꾸며진 값비싼 성인물.
그레이의 50가지 그림자,"감독은 관객을 벌주고 있다. 근데 그 벌이 정말 시시하다. 영화를 못만드는 것도, SM을 모욕하는 것도 정도껏이다."
그레이의 50가지 그림자,구간 탐색마저 사치스럽다.
그레이의 50가지 그림자,이게 뭐람
그레이의 50가지 그림자,멍청하고 또 멍청하다.
그레이의 50가지 그림자,결말이 최악이야! SM물품은 많지만 제대로 사용한건 대체 뭐얏 2022.03.16 넷플릭스 관람
그레이의 50가지 그림자,오글거림
그레이의 50가지 그림자,보고 몇개 해보이 여친이 좋아하긴 하더라
그레이의 50가지 그림자,80년대 나왔으면 비디오로 흥행 했을 법한
그레이의 50가지 그림자,소설에서 그쳤어야 했다
그레이의 50가지 그림자,이걸 볼 바에야 차라리 야동을 봐라
그레이의 50가지 그림자,어떤 쪽의 쾌감도 없어 나오는 50번의 한숨
타오르는 여인의 초상,"시선, 연대, 그리고 심리적 동화"
타오르는 여인의 초상,"감탄스런 완성도, 이입하지 못한 로맨스"
타오르는 여인의 초상,예술과 사랑의 전제는 평등이다
타오르는 여인의 초상,억압과 금기가 가득한 시대를 뛰어넘는 사랑과 예술의 불꽃 같은 이야기
타오르는 여인의 초상,눈빛만으로 알 수가 있는
타오르는 여인의 초상,이 영화를 한문장으로 가장 잘 표현한 제목이 아닌가 싶다. 그녀들의 불꽃같은 사랑이 예술로 남았고 그 예술은 이 작품으로 남았다.
타오르는 여인의 초상,"5.0! 한여름의 폭풍 속에서도 도망치지 않겠어요. 그대여, 뒤를 돌아보아도 돼요. 영화가 보여주는 예술적 성취의 끝. 고상하고 아름답다. 셀린 시아마 감독. 2019. 5.0."
타오르는 여인의 초상,운명을 파괴할 권리도 나한테 있는 것 매씬이 프랑스 고전 작품을 보는것 같이 가슴떨리고 아름다운 영화
타오르는 여인의 초상,한 편의 예술 작품을 본 것 같았다. 호불호가 많이 갈리겠지만 극호!
타오르는 여인의 초상,마리안느가 옳았다. 세상에는 말로 설명할 수 없는 것이 있다.
타오르는 여인의 초상,진짜 타오르네
타오르는 여인의 초상,착취하지 않는 응시로 고양된 예술
타오르는 여인의 초상,그림은 단순히 존재의 시각적 재현에 불과한 것일까? 결혼을 위해 보내지는 초상화에는 시대적 억압과 박제된 젊음이 담겨있고 접혀진 책에 그린 낙서에는 짧았던 사랑과 긴 추억이 담겨...
타오르는 여인의 초상,한 순간 감정선의 타오름은 인정
타오르는 여인의 초상,"오랜만에 극장에 갔다. 명절 연휴에는 자주 가는 카페가 문을 닫는다. 두번째로 자주 가는 카페도, 세번째로 자주 가는 카페도 문을 닫아서 극장에 갔다. 명절에는 종종 집 말고 영화..."
타오르는 여인의 초상,사랑으로 점차 채색되는 러브스토리
타오르는 여인의 초상,오르페우스를 소환하여 재현해내는 영화는 순리라는 금기의 영역을 깨어내기 위한 동적인 몸부림으로 정적인 규율을 벗어나려 한다. 세밀한 감정의 움직임을 포착하려는 감독의 선택은 때로 ...
타오르는 여인의 초상,'타오르는 여인의 초상' 초간단 리뷰
타오르는 여인의 초상,타오르는 여인의 초상
타오르는 여인의 초상,"신화와 신화화. 완벽하게 세팅된 시간과 지위, 관계를 바탕으로 두 인물은 스크린 위에 붓이 닿는대로 그림을 그릴 뿐이다. 캔버스를 통하며 스크린을 통한다는 것은 대상에게 어떤 의미..."
타오르는 여인의 초상,"그림속 28페이지,그리고 엔딩에 나오는 음악과 주인공들의 눈빛을 잊을 수 없다."
타오르는 여인의 초상,잔잔함 속에서 불타오르고 있었다. 그들만 알게.
타오르는 여인의 초상,찰나의 사랑을 후회하지 말고 평생을 기억해
타오르는 여인의 초상,"함께 한 시간을 기억하도록 뜨겁고, 아름답게 그려내는 한 폭의 풍경화처럼."
타오르는 여인의 초상,"타오르는 감정과 시선으로 억압 당하던, 진실된 너를 발견하다"
타오르는 여인의 초상,"벽난로처럼 서서히 타올랐던, 그을음처럼 짙게 남아있을, 그녀들의 감정."
타오르는 여인의 초상,대상과 인상
타오르는 여인의 초상,섬세하지만 편의적이다
타오르는 여인의 초상,미술관을 거닐다 음악 속에 묻어두다. 주체로서의 선택
타오르는 여인의 초상,짧지만 뜨거웠던 사랑. 마지막 장면이 너무 좋았다.
타오르는 여인의 초상,눈부시게 아름답고 처절한 불꽃안에....
타오르는 여인의 초상,"사랑의 시선, 선명한 초상, 뜨거운 기억."
타오르는 여인의 초상,음악과 함께 나오는 마지막 장면. 잊혀지지 않고 계속 기억에 남는다. 제일 인상적이고 좋았다.
타오르는 여인의 초상,미학적 완성도가 엄청난 작품. 짧은 기간 깊게 사랑에 빠지고 평생 추억하며 살아가는 두 여인의 이야기를 담고 있음. 시대와 성별이란 장벽을 넘지 못함. 마지막 신이 인상 깊게 남음
타오르는 여인의 초상,기억할게요. 타오르는 불과 직결된 당신의 생명력의 아름다움을.
타오르는 여인의 초상,"당신이 날 볼때, 난 누굴 보고 있겠어요?"
타오르는 여인의 초상,2024.12.18.
타오르는 여인의 초상,애틋한 추억을 뒤로하고 작별해야만 하는 슬픔이란
타오르는 여인의 초상,.
타오르는 여인의 초상,배우 연기와 영상은 좋았으나 스토리는 글쎄...
타오르는 여인의 초상,나는 지금 얼마나 편하고 안락한가 하지만 그래서 배부른 돼지가 되어가는 것도 모른채 산다.
타오르는 여인의 초상,"관찰하다, 그리다, 사랑하다. 억압과 금기를 거스르며 타오르는 불꽃."
타오르는 여인의 초상,"그 <여름>의 28📖. 우리를 아름답게 잘 기억하자고, 마지막 아침이 밝아오지 않기를 바라는 작별. 200615"
타오르는 여인의 초상,우리의 사랑은 타오르다만...으로 끝났다.
타오르는 여인의 초상,브로크백 마운틴 만큼은 아니지만 그래도 사랑을 사랑으로 만드는 영화
타오르는 여인의 초상,아름다운 미장센에 매혹되고 수려한 서사에 압도되다 28페이지에 무너졌다
타오르는 여인의 초상,사랑의 '기억'만 허락된 애절함에 끝내 공감된다.
타오르는 여인의 초상,모든 요소가 말그대로 예술적이었다.
타오르는 여인의 초상,압도적인 영상미 많은 질문을 던지는 사랑 분명 지지하면서 봤는데 정작 기억에서 점점 사라져버렸다니
타오르는 여인의 초상,시선에 사로잡힌 에우리디케 이야기의 각색 영화.
쇼생크 탈출,이영화는 몇번을 봤는지 모른다. 볼때마다 반전과 감동이 함께한다
쇼생크 탈출,저 탈출의 감동은 주인공만이 알고있을것같다
쇼생크 탈출,Hope is a good thing.
쇼생크 탈출,"“두려움을 너를 죄수로 가두고,희망은 너를 자유롭게 하리라”"
쇼생크 탈출,앤디가 독방에서 나왔을때 힘들지않았냐는 죄수의 질문에 음악과 함께여서 괜찮았다는 말을 이해못하는 죄수에게 음악은 내 여기(머리)와 여기(가슴)에 있다는 대사는 아직도 기억에 남음
쇼생크 탈출,90년대 영화인데도 위화감이 없다.
쇼생크 탈출,"이 영화는 ‘희망’이기에, 영원히 내 안에서 사라지지 않을 것 같다."
쇼생크 탈출,"다시 보면 볼수록 그 가치가 찬란해지는, 삶의 의미와 희망이 가득히 담겨있는 걸작."
쇼생크 탈출,희망을 믿는 사람. 희망을 쫓는 사람. 희망을 전파하는 사람.
쇼생크 탈출,쌉꿀잼영화 보고나면 깨운~하다
쇼생크 탈출,"누구나 쇼생크에 갇혀 살아가는 것이 아닐까. 예측하는 방향으로 흘러갔음에도 만점을 준 이유는, 나레이션 하나하나에서 인생의 철학이 느껴졌기 때문에. 한 순간에 만들어진 영화가 결코..."
쇼생크 탈출,쇼생크 탈출법 전국민 교과서
쇼생크 탈출,엄마와 함께 극장에서 본 기억이 있는 영화. 아리아가 흐르던 장면이 아직도 제일 손에 꼽는 장면!
쇼생크 탈출,명작은 시대를 불문하고 감동을 준다.
쇼생크 탈출,이명작을 나는 이제야보다니... 오랜 세월이 흘러도 명작은 역시 명작 옛감성이 전혀 느껴지지 않는다
쇼생크 탈출,나는 세상의 빛이니 나를 따르는 자는 어둠에 다니지 아니하고 생명의 빛을 얻으리라 -요한복음 8장 12절-
쇼생크 탈출,다른 말 필요없이 레전드!!
쇼생크 탈출,"옥상에서 맥주를 먹을 때, 운동장 스피커에 음악을 틀었을 때,탈출해서 프리덤을 외쳤을 때, 모건이 화장실을 물어 보고 갈 때, 해변에서 둘이 조우 할 때…. 모든 것이 생각난다."
쇼생크 탈출,고전은 고전인 이유가 있다
쇼생크 탈출,"스릴있고 낭만적인 영화. 지금까지 여러매체에 모티브가 되며, 안 본 사람에게는 꼭 추천해주고 싶은영화다."
쇼생크 탈출,다들 아시나요? 이 영화의 감독 프랭크 다라본트는 미스트와 워킹 데드 시즌 1을 연출했습니다
쇼생크 탈출,"내 인생 최고의 영화. 몇 번을 다시 봐도 질리지 않으며, 몇 번을 다시 봐도 완벽하다."
쇼생크 탈출,"영화란 이런 것이다, 를 느끼게 됨. 정말 큰 감동과 여운을 받음."
쇼생크 탈출,과장없는 즐거움이 계속해서 알려준다. '희망은 가장 좋은 것이고 좋은 것은 절대 사라지지 않는다.' 20년 동안 앤디가 쇼생크에 해준 말이 나에게도 와 닿는다. 140302
쇼생크 탈출,"짧은 영화 안에 다양한 인물과 희노애락, 그리고 반전까지. 이보다 더 좋을 수는 없다."
쇼생크 탈출,가끔씩 채널을 돌리다 티비에 다시 나와도 어느새 빠져들고 있다. 명작.
쇼생크 탈출,#🪽 인간의 마음 속엔 그 누구도 뺏어가지 못하는게 있다.
쇼생크 탈출,‘탈출’이라 쓰고 ‘귀환’이라 읽겠다
쇼생크 탈출,영화의 교과서를 보여주는 것 같았다.
쇼생크 탈출,"인생의 끝에 마주한 희망, 다시 시작하는 인생"
쇼생크 탈출,모건 ‘Free Man’ 과 팀 로빈스.. 둘은 체스를 두며 어떤 얘기를 나눴을까.
쇼생크 탈출,"기대한 만큼은 아니었지만, 이 걸작을 스크린에서 처음 만났다는 것이 자랑스럽다."
쇼생크 탈출,희망은 좋은 것이죠. 아마 가장 좋은 것입니다. 좋은 것은 마음 속에서 사라지지 않아요 ... 일상 속 숨겨진 자유와 희망의 가치를 되새김해 줄 영화
쇼생크 탈출,자유와 희망. 그 아름답고도 두려운 것들에 대해...
쇼생크 탈출,아무리 어둡고 탁한 곳이라도 빛으로 향하는 희망은 언제나 존재한다
쇼생크 탈출,'자유'라는 새를 풀어주는 건 누구도 아닌 '나'
쇼생크 탈출,모건 프리먼의 나레이션이 영화에서 큰 역할을 한다고 생각한다. 나긋하면서도 철학적이라 뇌리에 잘 박혔던 것 같다. 진한 감동이 느껴지는 영화.
쇼생크 탈출,변화를 두려워하는 나에게 뼈 때린 영화
쇼생크 탈출,자신의 벽에 맞서는 용기가 자유를 가져다 준다
쇼생크 탈출,정신과 육체를 가두는 감옥에서 탈출하는 그날이 나에게도 오길.
쇼생크 탈출,이 영화의 포스터 액자가 한동안 내방에 걸려있었지
쇼생크 탈출,아무도 쉽게 공감하지 못할 내용을 가지고 많은 사람을 감동시키는 이것이 진정한 영화의 힘인 것 같다.
쇼생크 탈출,"""희망은 좋은 겁니다. 아마 가장 좋은 것일지도 몰라요. 그리고 좋은 것은 절대 사라지지 않아요."""
쇼생크 탈출,인간의 구원과 삶을 다룬 영원한 감동작
쇼생크 탈출,"희망, 레드와 브룩스 사이를 가르는 얇은 선"
쇼생크 탈출,평점에 대한 기대가 너무 큰 탓인가.. 중간에 살짝 지루한거 빼면 중상위권^^
쇼생크 탈출,이 영화를 싫어하는 사람은 없을 거 같다. 나이 좀 더 먹고 보면 좀 더 와닿을거 같은 작품.
쇼생크 탈출,킹의 영화중 최고의 수작 다라본트의각색은 전율이다
쇼생크 탈출,벗어남을 감당할 수 있는 인생은 아름답다. 그저 바라보기만 할 때는 더더욱.
쇼생크 탈출,불굴의 집념과 의지의 앤디의 희망
그랜드 부다페스트 호텔,당신의 그리움
그랜드 부다페스트 호텔,완벽한 케이크 한 조각을 먹은 느낌.
그랜드 부다페스트 호텔,"웨스 앤더슨 감독을 이야기할 때 내가 가장 아끼고, 사랑하는 작품은 뭐니 뭐니해도 <로얄 테넌바움>이다. 하지만 그의 작품 중 색감이나 데칼코마니 수준의 대칭 구조를 이루는 대표적..."
그랜드 부다페스트 호텔,너무 재미있습니다 연출이 예술이예여
그랜드 부다페스트 호텔,그 시절이 그립다. 살아본 적은 없지만.
그랜드 부다페스트 호텔,예술성을 깊이 느낌
그랜드 부다페스트 호텔,"화면 하나하나를 빈틈없이 채운, 움직이는 어른 그림동화책. 잃어버린 동심으로는 아직 모두 이해하기 어려운."
그랜드 부다페스트 호텔,영화가 참 동화같으며 영상미는 정말 아름답고 동시에 연출은 웨스 앤더슨만이 할 수 있는 연출이기에 더욱 빛이 난거 같다
그랜드 부다페스트 호텔,"영화의 색감에 빠져 내내 집중했다. 영상미, 연출이 정말 좋다."
그랜드 부다페스트 호텔,한 사람의 강박이 만들어낸 신선한 시트콤
그랜드 부다페스트 호텔,아름다운 한 남자의 인생 이야기
그랜드 부다페스트 호텔,연출력 좋아서 잔잔하지만 끝 날 때 까지 집중하게 됨.
그랜드 부다페스트 호텔,생소하고 빠른 전개방식으로 이야기 한 편 뚝딱
그랜드 부다페스트 호텔,"비현실적인데 느껴지는 생동감이, 마치 동화를 관람하는 것 같다"
그랜드 부다페스트 호텔,정면으로만 보여주는 화면과 아름다운 영상미만으로도 충분히 눈이 즐거운 영화!!! 정말 추천합니다.
그랜드 부다페스트 호텔,웨스 앤더슨 최고의 작품이다. 아름다운 영상미는 다시봐도 엄청나다
그랜드 부다페스트 호텔,"이 영화를 보자마자 든 생각은 '동화같다' 였다. 익살스러운 과장된 캐릭터, 파스텔톤의 따듯하고 매혹적인 색감, 완벽한 대칭을 추구하는 카메라, 계속해서 변하는 이상한 화면비까지."
그랜드 부다페스트 호텔,"이쁘고, 재밌긴 한데.. 과하다는 생각은 나만 들어??"
그랜드 부다페스트 호텔,그랜드 부다페스트 호텔의 영원한 투숙객인 나
그랜드 부다페스트 호텔,"이 영화는 관람이 아니라 ,'감상'하기 위해 본다. 먼지 냄새가 은은하게 느껴지는 유럽의 한 낡은 도서관에서, 분홍색 커버부터 맘에 쏙 드는 두꺼운 동화책을 마주한 느낌."
그랜드 부다페스트 호텔,나는 이 영화 감독의 치밀함을 사랑한다.
그랜드 부다페스트 호텔,복잡한 형식과 강박적인 미장센
그랜드 부다페스트 호텔,동화보다 더 동화같은 아름다운 시절을 추억하다
그랜드 부다페스트 호텔,몽환적이고 영화고유의 색채가 뚜렷한 영화로는 이 영화만한게 없다. 이런 장르의 영화가 더 많아졌으면 한다.
그랜드 부다페스트 호텔,"색체와 영화의 스토리, 그리고 영상미는 정말 죽여주는 영화. 마지막의 여운까지......."
그랜드 부다페스트 호텔,핑크색 렌즈로 세상을 보는 기분.
그랜드 부다페스트 호텔,웨스 앤더슨 감독의 영화중 이 영화가 내가 처음 보는 영화라 생각했는데 필모그래피를 보다가 이미 그의 1998년작 <맥스군 사랑에 빠지다>를 봤었다는 것을 깨달았다. 그 영화는 내...
그랜드 부다페스트 호텔,"출연진, 영화구성, 영상미, 이야기, 어느 하나 부족함 없이 골고루 훌륭하다."
그랜드 부다페스트 호텔,아름다운 것은 그 자체로도 가치가 있다
그랜드 부다페스트 호텔,스토리 전개가 군더더기 없이 깔끔하고 여운도 있음. 웨스앤더슨의 색감과 카메라 워킹이 아름다움. 감독 특유의 담담하게 소개하는 이야기 진행방식이 스토리와 잘 어우러짐.
그랜드 부다페스트 호텔,인형의 집을 선물받은 소년이 상상하는 모험활극
그랜드 부다페스트 호텔,그 쨍한 분홍빛을 떠올리고 있노라면.
그랜드 부다페스트 호텔,"아름다운 색감 속 벌어지는 사건들, 보기만 해도 신비롭다"
그랜드 부다페스트 호텔,죽을 때까지 봐도 질리지 않을 아름다운 영화
그랜드 부다페스트 호텔,만화를 보는듯한 전개
그랜드 부다페스트 호텔,웨스 앤더슨이라는 전무후무한 장르의 정점.
그랜드 부다페스트 호텔,블랙 코미디의 진국
그랜드 부다페스트 호텔,"독특한 화면비, 독특한 연출, 독특한 구성. 하지만 모난 부분이 없다."
그랜드 부다페스트 호텔,색감은 예쁘지만 루즈하다.
그랜드 부다페스트 호텔,필름에 파스텔 - 웨스 앤더슨
그랜드 부다페스트 호텔,연출외에 내용은 아쉬웠음
그랜드 부다페스트 호텔,대칭과 색감이 미학적으로 아름다운 블랙코미디.
그랜드 부다페스트 호텔,눈이 즐겁다
그랜드 부다페스트 호텔,"가장 고전적인 것이, 가장 현대적인 것이다."
그랜드 부다페스트 호텔,분명 아주 재밌는 영화는 아닌 것 같은데 한번 보기 시작하면 빠져들어서 보게 됨..의외로 유명한 배우들도 많이 나오고 동화같은 이야기같았다.
그랜드 부다페스트 호텔,우리들은 모두 부다페스트장
그랜드 부다페스트 호텔,눈으로 보는 것이 영화라지만 진짜 보는게 전부잖음
그랜드 부다페스트 호텔,내용도 내용이지만 색감이 너무 예쁘다.
그랜드 부다페스트 호텔,눈이 즐겁고 잔재미로 빼곡한 좌충우돌 질서정돈 모험활극. (2차 관람 2022.11.25.)
그랜드 부다페스트 호텔,아름다운 미장센과 함께하는 상상의 세계에 대한 환상적인 추억 이야기
칠드런스 트레인,정말 감동적이고 길지 않지만 좋은 작품이에요! 영화보고 이렇게 펑펑 운 거 오랜만이네요..
칠드런스 트레인,전쟁의 참상이 일상을 망가뜨릴뿐 아니라 부모와 자식마저도 갈라놓는 현실을 잘 보여준 영화다. 배경은 제2차 세계대전이 끝난 직후. 빈곤한 남부 이탈리아와 비교적 부유한 북부다.
칠드런스 트레인,2차 대전으로 삶이 피폐해진 지역인 이태리 남부 나폴리의 어린 소년 아메리고는 형편이 그나마 나은 북부의 위탁 가정에서 1년 정도 생활하게 하는 집권당 정책에 따라 북부로
칠드런스 트레인,이탈리아의 모순적 이산 가족
칠드런스 트레인,전쟁을 겪은 아이들도 부모들도 각자에게 사랑의 방식이 있었음을. 마음 아픈 영화
칠드런스 트레인,부모는 결국 자식을 위한다 그것이 힘든 선택일지라도
트루먼 쇼,내가 살아온 세상이 모두 가짜였다고 하면 난 과연 진짜 세상을 살고싶어할까? 아님 그럴리없다고 이 세상이 진짜라고 고집부릴까? 하는 생각이 들었다
트루먼 쇼,나를 만들어 낸 모든 것이 거짓이었대도 내 마음은 오직 진실만이 가득하니 결국 헤치고 나아갈 수 밖에
트루먼 쇼,텔레비전에 내가 나왔으면!
트루먼 쇼,굿 모닝 굿 애프터눈 굿 나잇!
트루먼 쇼,"영화와 방송, 그리고 인간의 관음주의를 잔인하게 파헤치다"
트루먼 쇼,굿모닝 굿애프터눈 굿이브닝 굿나잇 이 4단어로 모든게 끝나고 전율이 돋습니다!! 짐캐리 배우는 진짜 정말 연기를 잘하시네요
트루먼 쇼,명작은 언제 다시 보아도 좋네요
트루먼 쇼,"굿 모닝, 굿 에프터눈, 앤드 굿 나잇"
트루먼 쇼,형언할 수 없는 감정이 느껴지게 되는 영화
트루먼 쇼,고난과 역경 후 마주한 거대한 벽이 이렇게 희망찬 영화는 처음이다
트루먼 쇼,많은 철학적 고민을 하게 한 영화
트루먼 쇼,진실을 향한 인간의 본능이 가짜 세계를 부수는 순간. 영화는 강렬하게 묻는다: 당신의 삶은 진짜인가?
트루먼 쇼,이 영화가 개봉했을 때는 그 누구도 리얼리티 프로그램이나 관찰 예능이 대세가 될 줄은 몰랐을 듯. 영화적 상상력이 시대를 예언할 수도 있다는 걸 알게한 작품.
트루먼 쇼,최고의 배드엔딩.
트루먼 쇼,말이 필요없는 완벽한 명작
트루먼 쇼,마지막에 트루먼쇼가 끝나자 사람들이 이제 뭐 보지하는 장면이 소름끼쳤다
트루먼 쇼,"모든게 연극일지라도 , 달라질게 무엇이랴"
트루먼 쇼,자유의지와 감시하는 미디어
트루먼 쇼,"In case I don't see ya, good afternoon, good evening, and good night."
트루먼 쇼,"인생 , 사랑 , 자유... ready action!!"
트루먼 쇼,"In case i don't see ya, Good afternoon, good evening, and good night."
트루먼 쇼,진짜 인생을 찾아가는 트루먼. 화이팅!
트루먼 쇼,트루먼 쇼를 보고 나서 다음에 볼 영화를 찾는 내 모습까지도 트루먼 쇼
트루먼 쇼,가끔씩 다시 봐도 재밌는 명작 영화
트루먼 쇼,"삶의 주최는 나인가, 짜여진 틀에 넣어줄 사회인가"
트루먼 쇼,"대중의 관음증으로 완성되는 미디어의 절대적 폭력, 그것에 저항하는 한 개인의 자유의지."
트루먼 쇼,인생 영화
트루먼 쇼,편안함보단 자유를 그보단 진실을
트루먼 쇼,가짜로 가득한 세상에서 우리는 무엇을 찾는가.
트루먼 쇼,내 인생이 트루먼이었다면 과연 견딜 수가 있을까
트루먼 쇼,어릴적 많이 하던 상상 ‘이 세상은 나를 중심으로 돌아간다‘ 바보 같은 상상이 현실이라면.. 이 영화 같을 것이다
트루먼 쇼,다시 못 볼지도 모르니
트루먼 쇼,정말 재밌고 아직도 엔딩의 여운은 짜릿하다
트루먼 쇼,사냥이 끝나면 사냥개는 잡아먹는다
트루먼 쇼,나도 데려가 피지섬
트루먼 쇼,가짜여도 상관없지
트루먼 쇼,1. 평점과 한 줄 평 9.0 이렇게 재밌는 인식론이라니 2. 트루먼이 시 헤븐에서 행복할 수 있을까? 트루먼은 크리스토프 PD가 만든 스튜디오 “시 헤븐(Sea Heaven)”...
트루먼 쇼,짐캐리였기에
트루먼 쇼,‘짐 캐리’여서 더욱 증폭되는 작품의 매력과 의미.
트루먼 쇼,명작이 명작인 이유
트루먼 쇼,"""물고기를 사랑하는 사람은 어항속에서 키우지 않는다."" 바다에서 자라는 물고기는 역설적으로 생선이 아니다."
트루먼 쇼,진짜 트루먼의 성장기. 그리고 그 과정을 오롯히 표현해내는 짐캐리
트루먼 쇼,명작! 한번쯤 생각해봤을 내용..이지만 여운이 남는다
트루먼 쇼,명대사가 많아서 좋아요!
트루먼 쇼,혹시 나도..?
트루먼 쇼,"지금 당신은 진짜 인생을 살고있나요? 이 메시지가 주는 힘은 크다. 나는 타인이 정한대로 사는지, 진정한 행복을 얻기 위해 자신이 주체가 삶을 살고 있는지"
트루먼 쇼,신박하고 재밌었음
트루먼 쇼,처음 이 영화를 본 이후 한동안 주위에 카메라가 설치되어 있는 지 두리번 거렸습니다
트루먼 쇼,굿나잇 굿바이
트루먼 쇼,신선한 소재. 잘 짜여진 스토리. 훌륭한 연기. 명작의 모든 요소가 들어있다.
