﻿movie_title,review
해리포터 20주년 기념: 리턴 투 호그와트,이 한마디로 설명 끝 'Always'
해리포터 20주년 기념: 리턴 투 호그와트,"trinity, 작품이 삶이 되었다는 것은 이들이 함께한 시간 그 추억이 증명하고 그 시간은 영원히 흘러 갈 것이다."
해리포터 20주년 기념: 리턴 투 호그와트,"오랜만에 봐도 어색하지않고 달라진 모습에 웃음지을 수 있는것, 오래된 친구를 만났을때 느꼈던 것"
해리포터 20주년 기념: 리턴 투 호그와트,....비상이다
해리포터 20주년 기념: 리턴 투 호그와트,"함께 성장해온 영화. 역사에 남을 시리즈. 해리포터. ""Always"""
해리포터 20주년 기념: 리턴 투 호그와트,본편을 좋아하지는 않지만 행복했던 어린 시절을 함께한 영화라는 것은 부정할 수 없다.
해리포터 20주년 기념: 리턴 투 호그와트,댄이 헬레나한테 고백편지 보낸 거 넘 웃김.ㅋㅋ
해리포터 20주년 기념: 리턴 투 호그와트,나의 어린시절 노스탤지아
해리포터 20주년 기념: 리턴 투 호그와트,추억은 되풀이된다. 영원히
해리포터 20주년 기념: 리턴 투 호그와트,배우와 제작진들이 공식적으로 모여 도란도란 해리포터 이야기를 나눴다는 의의가 있다. 좀 솔직해지자면 프렌즈 리유니언 쪽이 내용이 더 알찼던 건 안 비ㅁ..
해리포터 20주년 기념: 리턴 투 호그와트,새로 찍은건 많이 없어보여
해리포터 20주년 기념: 리턴 투 호그와트,여전히 해리포터를 사랑하고 아끼는 수많은 사람들의 이야기를 함께할 수 있어 기쁘다.
해리포터 20주년 기념: 리턴 투 호그와트,해리 포터 원작과 영화를 동시대에 보면서 컸다는 건 Z세대에게 꿀리지 않는 이유ㅎ
해리포터 20주년 기념: 리턴 투 호그와트,많은 사람들의 추억을 풀이해줘서 좋았다.
해리포터 20주년 기념: 리턴 투 호그와트,Always.
해리포터 20주년 기념: 리턴 투 호그와트,after all this time? always.
해리포터 20주년 기념: 리턴 투 호그와트,"“After all this time?"" ""Always."""
해리포터 20주년 기념: 리턴 투 호그와트,추억을 나누는 것은 배우들만이 아니다.
해리포터 20주년 기념: 리턴 투 호그와트,깊은 여운을 남기는 떠났지만 언제나 남아있는 해리 포터의 마법.
해리포터 20주년 기념: 리턴 투 호그와트,괜히 눈물나는 동창회. ㅠㅠ 다니엘이 연서를 썼었다는게 대박이라고 생각한다.
해리포터 20주년 기념: 리턴 투 호그와트,Awwww..
해리포터 20주년 기념: 리턴 투 호그와트,나의 처음이자 마지막 인생영화! #인생영화 #해리포터
해리포터 20주년 기념: 리턴 투 호그와트,어렸을 때 봤던 해리포터 시리즈의 비하인드와 다 큰 성인들이 나누는 토크들이 너무 와닿는다
해리포터 20주년 기념: 리턴 투 호그와트,"동생이랑 둘이서 세로자막으로 된 마법사의 돌을 영화관에서 봤던게 엊그제 같은데, 벌써 20년이라니! 나의 십대 시절을 함께 해줘서 고마워:)"
해리포터 20주년 기념: 리턴 투 호그와트,근황올림픽
해리포터 20주년 기념: 리턴 투 호그와트,It was a very good ten years. Always.
해리포터 20주년 기념: 리턴 투 호그와트,다시는 만나지 못할 줄 알았던 나의 어릴적 환상
해리포터 20주년 기념: 리턴 투 호그와트,.
해리포터 20주년 기념: 리턴 투 호그와트,영화 해리포터 팬으로써 너무 잘 만들었다고 생각해요!!!
해리포터 20주년 기념: 리턴 투 호그와트,해리포터 팬들을 위한 종합선물 세트구나. 보는데 나도 모르게 울컥...
해리포터 20주년 기념: 리턴 투 호그와트,해리 포터여 영원하라!
해리포터 20주년 기념: 리턴 투 호그와트,예고편만 봐도 눈물 광광이었다
해리포터 20주년 기념: 리턴 투 호그와트,슬퍼요
해리포터 20주년 기념: 리턴 투 호그와트,영원히 기억될 이름
해리포터 20주년 기념: 리턴 투 호그와트,내가 사랑했던 그리고 사랑할 사람들에게
해리포터 20주년 기념: 리턴 투 호그와트,보고 싶었다. 다시 만나서 반가웠고 다음에 시간되면 또 보자. 그때까지는 과거를 회상하며 살아갈 수 있을 것 같아.
해리포터 20주년 기념: 리턴 투 호그와트,나의학창시절과 함께
해리포터 20주년 기념: 리턴 투 호그와트,추억은 방울방울
해리포터 20주년 기념: 리턴 투 호그와트,Always
해리포터 20주년 기념: 리턴 투 호그와트,같은 시대에 자라서 행복하다 내 인생에 이런 시리즈는 더 없을 듯
해리포터 20주년 기념: 리턴 투 호그와트,언제봐도 반가운 얼굴들.
해리포터 20주년 기념: 리턴 투 호그와트,90년대 생에게는 인생 그 자체
해리포터 20주년 기념: 리턴 투 호그와트,그들도 캐릭터와 함께 얽힌 채로 성장했다. 그리고 우리도 그러했다.
해리포터 20주년 기념: 리턴 투 호그와트,더없이 소중하고 애틋한 홈커밍
해리포터 20주년 기념: 리턴 투 호그와트,흘러온 시간이 벌써 이렇게 되었음에도 해리포터를 향한 열광이 식지 않았음을 상기시켜준다.
해리포터 20주년 기념: 리턴 투 호그와트,"옛날 이 영화 개봉을 기다리고, 영화를 보면서 느꼈던 향수를 느끼게 하는 고마운 작품"
해리포터 20주년 기념: 리턴 투 호그와트,After all this time? Always.
해리포터 20주년 기념: 리턴 투 호그와트,그저 보기만해도 행복한 기억들의 모음집
해리포터 20주년 기념: 리턴 투 호그와트,처음부터 마지막까지 시리즈의 모든 영화를 팬이라면 한 번쯤 생각했을 내용을 잘 배치해 반가운 다큐
해리포터 20주년 기념: 리턴 투 호그와트,그들의 20년인 동시에 나의 20년이기도
원라인,반전의 반전. 참 재미있게 봤어요. 각 인물들의 성격이나 상황도 좋았고 사기가 무엇인지를 엿볼 수 있었어요.
원라인,뻔하지만 재미있는 영화. 주인공의 입체적인 모습에서 많은 생각이 담긴 영화라는 것을 알 수 있었다. 스토리나 연출이나 정말 잘 맞았던 영화. 대배우들 많이 나오는 거 안 비밀.
원라인,개봉시기보다 이후에 입소문으로 빛을 발한 영화 원라인
원라인,"기대안하고 봤는데 끝까지 한 눈 안팔고 보게됨. 권선징악 결말이 좋았고 감동, 스릴 다 잡았다 봄."
원라인,나쁜놈들이 더 나쁜놈을 벌주는데 묘하게 쾌감이 있다ㅋㅋㅋ저들은 어쨌든 반성을 했어...그치만 나빠...
원라인,킬링타임으로 딱 좋은 영화!
원라인,무거운 내용도 있지만 경쾌한 느낌의 영화
원라인,기대 안하고 봤는데 재밌게 봄. 배우들의 연기가 좋았음.
원라인,좀 무거운 스토리도 있는데 나쁘진 않았다
원라인,끝까지 자기 몫은 챙긴 민재의 마이웨이를 응원합니다
원라인,정말 재밌게봤습니다. 지능캐가 어울리는 임시완!
원라인,임시완에게 흥미를 갖게한 작품 재밌게봤다
원라인,"사람들을 가장 윤택한 삶을 살게 해주는 확실한 도구이자, 동시에 헛디디면 악의 구렁텅이로 떨어지게 만드는 썩은 동아줄, 돈. 우리는 이 돈의 굴레에서 조금이라도 편하게 살아보고자 ..."
원라인,"지금도 트위터로 이 영화 제목을 검색하면 무수히 나오는 '알 계정'을 보며, 그 이면의 시스템을 고발하고자 노력한다. 직접 취재를 통해 얻은 내용을 바탕으로 만들어 낸 결과물은 유..."
원라인,모든게 어설프다
원라인,"시완 배우님의 연기 변신이 돋보였던 작품, 맑은 눈의 광인의 시초가 아닐까"
원라인,권선징악+교화 엔딩만 아니었더라도
원라인,intersting
원라인,"잘만든 오락영화라고생각함 재밌으니까,, 의외로 모르는 사람이 많아서 가볍게 볼 영화 추천해달라면 자주 말하는 영화임. 임시완 또라이 연기는 여기서가 시작인듯 이걸 봐야함"
원라인,面白かった
원라인,참신함으로 포장된 익숙한 맛.
원라인,기대 안하고 봤는데 시간가는 줄 몰랐다. 킬링타임용으로 좋아요!
원라인,대출사기라는게 왜 벌어지고 어떻게 피해를주는지 잘 알려준 영화 팝콘무비같이 봄
원라인,😁
원라인,재밌게 봤습니다.
원라인,잘 만든 밍밍한 영화
원라인,영화 02
원라인,신선한 범죄오락을 바라는데 계속 자가복제만 한다. 흥미로운 소재만 날려먹음.
원라인,임시완 배우님의 연기는 이제 믿고 보는 것같다
원라인,조금 어색해지만 끝까지 힘있게 나아간다
원라인,박병은이 돋보인 영화
원라인,"박종환 배우 연기에 반해서, 기태가 나한테 막 너는 내가 우습지? 그러면서 윽박지르는 꿈도 꿨었다. 그리고 하... 영화 보면서 사기꾼이 되고 싶었던 경험은 또 처음이었네."
원라인,메세지를 던지려고만 하니 불순해보이기까지
원라인,군대에서 생활관 동기가 신교대에서 조교이던 임시완을 원라인으로 놀렸다고 한다
원라인,.
원라인,좋아 한국영화가 스토리와 연출이 평균적으로 탄탄해질 즈음부터 나온 영화. 아주 좋었었음.
원라인,꽤 괜찮은 양산형 영화
원라인,생각보다 짜임새있는 모습과 시나리오가 좋았지만 선과 악의 경계가 없는 모호한 신(scene)의 장난
원라인,킬링 타임용 오락영화... 임시완 사기꾼 연기는 덤
원라인,"좋은 메시지, 평범한 내러티브."
원라인,왜 감독은 괜찮은 조연들을 제대로 써먹지 못하지??
원라인,남을 도와준다는 이름의 사기들.
원라인,뻔한 사기에는 이제 안 속지(2.5)
원라인,임시완이 영화 속에서 날아다니는 걸 보는 게 이 영화의 재미. 배우들의 연기에는 스토리를 개연성 있는 것처럼 만드는 힘이 있다. ....그렇게 홀리는 거다.
원라인,전형적인 한국오락영화
원라인,난 재밌었는데 다들 평점이 왜 이렇게 낮지..? ㅠㅜ
원라인,사기꾼이 사기꾼이지 선행한다고 뭐 바뀌는가?
원라인,임시완이 이미지를 탈피하려고 선택한 것 같다. 그러나 아직 능글맞고 꾀를 부리는 연기를 하기엔 아쉬움이 많이 남는다.
원라인,사람은 쉽게 변하지 않는다.
원라인,시대상을 사용한 독특한 소재를 유쾌하게 풀다
돈 룩 업,"<빅쇼트>, <바이스>를 만들었음에도 미국이 이 모양 이 꼴이라 여긴 아담 맥케이 감독이 자신만의 인장으로 정치 풍자에 나선다."
돈 룩 업,살벌한 풍자쇼.
돈 룩 업,소문난 잔치에 먹을 것 없었다
돈 룩 업,<돈 룩 업> 진짜 문제는 커뮤니케이션의 부재야
돈 룩 업,겁쟁이의 풍자극
돈 룩 업,소재부터 결말까지 풍자적인 미국의 웰메이드 블랙 코미디
돈 룩 업,"이성적인 과학과 ""우리들의"" 과학이 부딪힐때."
돈 룩 업,느린 종말에 대한 인간의 안일함
돈 룩 업,유쾌하면서도 신랄하게 인간이라는 존재를 다양한 각도로 풍자해낸 지구종말 코미디
돈 룩 업,풍자는 풍잔데….어설퍼요
돈 룩 업,"“쿨”해보이려 애쓰는 연출, 입이 아플정도로 말해도 지나치지 않을 너무나 따분한 플랏. 최악중 그나마 마지막 10분덕에 별 1개는 면함."
돈 룩 업,내용적이나 주제적이나 유쾌한 풍자영화
돈 룩 업,거침없이 담아내는 풍자를 쥐고 화끈하게 휘갈겨 쓴 묵시록
돈 룩 업,땀이 안 말라서 죽을 거래. 너무 무서워
돈 룩 업,갓벽한 블랙코미디
돈 룩 업,발@기 랑 섹@스 가 나오네요 ㅎㅎ; 가족들이랑 볼때는 조심ㅎ
돈 룩 업,보라고 할 땐 봅시다
돈 룩 업,반타블랙코미디 ! 대사 한 줄 한 줄에서 위트가 흘러넘친다
돈 룩 업,"신선하고, 재미있고, 감동적이다"
돈 룩 업,어디를 가리키든 손가락 말고 가리킨 걸 좀 봐라(4.0)
돈 룩 업,샤인머스캣으로 만든 3천원짜리 에이드
돈 룩 업,기본적으로 좋아하는 소재의 이야기이니 결말까지 다 보고 좋았는지 나빴는지를 따지자면 좋았지만 초반의 노골적인 풍자는 억지스럽고 저질스러워 불쾌했다
돈 룩 업,지구멸망이 확정되었고 그걸 소수만 안다면 세상에 알려야하는가 말아야하는가. 지구멸망이 코앞인데 각자 자기 볼일보느라 바쁘다. 할 수 없이 다같이 죽는 수밖에.
돈 룩 업,화려한 배우들의 출연에 기대가 컸던 만큼 아쉬움도 크다. 소재도 괜찮은데 블랙코미디 장르라니...
돈 룩 업,"세상을 멸하게 만드는 힘, 주술."
돈 룩 업,.
돈 룩 업,재밌음 러닝타임이 너무 긴게 흠
돈 룩 업,난 이 영화에 나오는 과학자들과 같은 말을 내뱉고 있지만 나의 내면 속에서는 영화속 정치인들과 다를바가 없었다.
돈 룩 업,일론머스크가 운석충돌을 못 막아주지 못 한다면
돈 룩 업,"분명 재밌는데, 한편으론 한숨 쉬는 품격 있는 풍자극."
돈 룩 업,넷플릭스 영화중에서는 탑급
돈 룩 업,볼만했던 영화
돈 룩 업,지구를 향해 날아오는 운석마냥 대차게 달리는 블랙코미디 그리고 우리네 현실
돈 룩 업,계속 보게 된다
돈 룩 업,과학자의 예측과 나의 생각이 부딪힐 때
돈 룩 업,지루했음 결말은 트와이스 시그널 같았음
돈 룩 업,“영화의 편집점의 신기함.”
돈 룩 업,아담 맥케이 감독의 풍자와 유머가 등골이 오싹하게 다가온다. 우리나라에서는 도통 볼 수 없는 블랙코미디 장르라 더욱 재미있다. 블랙코미디 영화인데... 정말 공포스럽다.
돈 룩 업,아담맥케이 풍자극은 너무 쌔끈하다 오늘의 장면 “권력 놀음”
돈 룩 업,아리아나 그란데 음색 개 쩐다
돈 룩 업,2021을 보내고 2022를 맞이하며 보기에 좋았던 영화 아주 유쾌하고 생각할 거리가 많았다
돈 룩 업,"현대식 블랙코미디의 정점. 눈 가리고 아웅식의 날조도 종종 사실이 되며, 진실은 때론 선동과 조롱의 대상이 된다."
돈 룩 업,우주의 색깔은 '블랙'
돈 룩 업,또 다시 어리석은 실수를 반복하는 인간들의 우매함을 설파 하는 영화
돈 룩 업,돈 룩 업
돈 룩 업,픙자와 블랙 코미디 그 간극 어디쯤.
돈 룩 업,올해의 홈무비
돈 룩 업,내일이 없어야하는 오늘을 살고있는 뻔뻔하고 바보같은 원숭이들의 노래 230123
돈 룩 업,블랙코미디 . 딱 그정도의 가치. 좋은 풍자를 한다고해서 반드시 재밌는건 아니라서 영화로써는 글쎄...
돈 룩 업,같은 말도 여러번하면 질린다.
더 배트맨,누아르 리바이벌 배트맨
더 배트맨,2년 차 히어로의 고민과 혼란의 성장기
더 배트맨,비 오는 날 이 영화 항상 생각나서 너바나 노래 들음.
더 배트맨,빌런보다 배트맨 캐릭터에 집중하는 스토리가 맘에 들었다. 3시간의 서사를 지루하지 않게 만든 것도 인정.
더 배트맨,"특출난데 없는 연출을 메꾸는 진중한 각본, 매력적인 연기, 그리고 복수라는 양날의 주제."
더 배트맨,중2병 걸린 배트맨이라니.
더 배트맨,어둡고 축축한 고담 속 서투른 배트맨. 필름 느와르적 분위기에 압도 되었다.
더 배트맨,새로운 스타일의 다크나이트.. 기대되는 어둠의 출발
더 배트맨,후까시가 과하면 중2병이 됩니다
더 배트맨,가장 현실적이고 가장 이상적인 배트맨
더 배트맨,다크나이트의 여러 장면을 복사 붙여넣기 했음에도 엉성한
더 배트맨,전형적인 히어로 내러티브를 버리고 장르적인 방식을 택한 것이 유효했던 것 같다
더 배트맨,액션이 적어 지루해서 아쉽다
더 배트맨,복수귀에서 영웅으로의 진득한 진취.
더 배트맨,"팀버튼, 크리스토퍼 놀란 감독의 배트맨과 어깨를 나란히 할 맷 리브스의 더 배트맨"
더 배트맨,복수에서 희망이 되는 다크나이트
더 배트맨,"스크린을 태우는 붉은 빛은 어둠 속에서 분노와 복수를 상징하며, 고담의 부패를 꿰뚫는 적외선이자 희망을 비추는 빛으로 다가온다."
더 배트맨,"재밌음, 긴장감, 감동, 심오함, 철학적, 박진감, 타격감.. 이런걸 찾아 왔다면, 이 집에는 그런 건 없으니 얼른 가세요. 안타까움만이 있답니다."
더 배트맨,"잭 니콜슨,히스 레저,호아킨 피닉스를 기억하며 이 작품의 리들러를 본다면 어이없어 실소가 터져나올 것이다. 검거 과정도 어이없는데 잡힌후 하는 행동도 보는 나를 부끄럽게 만들었다"
더 배트맨,고담 버전의 데이빗 핀처 세븐
더 배트맨,<더 배트맨> 자기 자신에 대한 수수께끼를 푸는 탐정
더 배트맨,.
더 배트맨,전반적으론 <조디악> + <세븐> 의 범죄스릴러 느낌. 비오는 고담시의 밤거리를 비추며 나오는 독백 내레이션은 <왓치맨> 의 로어셰크가 떠오르기도 함.
더 배트맨,"축축하고 어두운 세상 속, 미완의 영웅."
더 배트맨,Batman rises. 완벽한 부활. 클래식 다크 히어로의 완벽한 변주와 재해석.
더 배트맨,로버트 패틴슨 비긴스
더 배트맨,배트맨의 가면을 쓴 본격 추리 영화. 후속편이 나온다는 가정 하에 이 작품은 훌륭한 첫 시작.
더 배트맨,새로운 느낌의 배트맨
더 배트맨,"처절하게 성장하는 배트맨, 인간적인 배트맨을 봤던 좋은 영화."
더 배트맨,적당히 어둡고 적당히 배트맨스럽다
더 배트맨,놀란의 다크나이트 시리즈를 한 영화에 3시간으로 이어붙인
더 배트맨,복수라는 명찰을 떼고 희망의 불씨를 들기까지
더 배트맨,두시간 정도로 압축하고 좀 더 스피디하게 진행했으면 좋지않았을까...
더 배트맨,빠가 까를 만든다
더 배트맨,그의 복수가 그들과 다른 이유를 찾아가는 영화
더 배트맨,추리영화라기엔 추리과정이 짧고 액션영화라기엔 액션이 약하다. 근데 만듦새가 괜찮다.
더 배트맨,젊은날의 초상과 시행착오를 보여준 고뇌와 서사의 리부트.
더 배트맨,과감한 선택으로 얻어낸 스타일의 향연
더 배트맨,"장점: 영상미와 음악이 좋다. 그리고 배트맨이 간지난다. 단점: 수수께끼는 유치하고, 악당의 저의 또한 유치하다. 중간중간 멋진신들이 있지만 전체적으론 매끄럽지 못하며 지루하다."
더 배트맨,배트맨이라는 어찌보면 고리타분할 수 있는 소재를 잘 풀어낸 작품. 액션은 확실히 다크나이트보다는 훌륭하다. 공포의 대상에서 희망의 상징으로 나아가는 스토리도 좋았다.
더 배트맨,사골을 이정도 잘우려냈으면 인정
더 배트맨,나쁘지 않았음 이런 것도 좋다
더 배트맨,키티 일기장 쓰던 박쥐 이모 키드는 어떻게 고담을 구했는가
더 배트맨,더 배트맨
더 배트맨,마블과 다른 dc의 다크한 매력을 잘 나타냈다고 생각. 돌비로 보니 아쉽다고 평가되는 부분들이 보완된 느낌
더 배트맨,러닝타임이 긴데 지루하지 않고 재밌었고 배트맨 너무 멋짐
더 배트맨,!
더 배트맨,놀란의 배트맨트릴로지 이후로 배트맨들이 다 좀 현실적이게 되면서 더 배트맨도 비슷한 결을 따라가고있는 것 같다. 불살주의와 탐정 기믹은 유지하면서 배트맨의 탄생기를 적당히 보여준듯
더 배트맨,내가 배트맨을 좋아하게된 이유
더 배트맨,짙은 수묵화처럼 그린 히어로무비. 무게감과 진중함 '<다크 나이트>를 숭배하기 위한' 돌팔매질을 견뎌야 했음에 +0.5점
"그 시절, 우리가 좋아했던 소녀",대만영화 특유의 유치함이 있지만 첫사랑의 감성과 느낌을 잘 살려낸 영화다.
"그 시절, 우리가 좋아했던 소녀",첫사랑이 아름답게 기억되는 이유를 잘 표현했다
"그 시절, 우리가 좋아했던 소녀",대만 감성이 잘 안 맞는 것 같지만 후반부는 정말 좋다
"그 시절, 우리가 좋아했던 소녀",기억 속에 가장 아름답게 남을 모두가 좋아하던 너
"그 시절, 우리가 좋아했던 소녀","결혼 축하해, 나의 청춘."
"그 시절, 우리가 좋아했던 소녀",평행우주에선 소녀도 소년도 유치하게 사랑하길...
"그 시절, 우리가 좋아했던 소녀",초록빛이 나는 풋사과 같은 영화
"그 시절, 우리가 좋아했던 소녀","대만식으로 풀어낸, 유치해 보이는 아련한 첫사랑에 대한 이야기."
"그 시절, 우리가 좋아했던 소녀",대만감성이 다소 유치하게 느껴질 수도 있지만 사랑스러운 두 남녀의 사랑을 응원하게 되는것이 너무나 행복했던 영화
"그 시절, 우리가 좋아했던 소녀","""나도 널 좋아했던 그 시절의 내가 좋아."""
"그 시절, 우리가 좋아했던 소녀",완벽하지 않았기 때문에 완벽했던 그 시절 그 때의 우리.
"그 시절, 우리가 좋아했던 소녀","""原來，當你真的非常非常非常喜歡一個女孩，當她有人疼，有人愛，你會真心真意祝福她，永遠幸福快樂。。"""
"그 시절, 우리가 좋아했던 소녀",청춘만 놓고 보면 꽤 좋았던 영화 (리메이크는 어떨지 기대)
"그 시절, 우리가 좋아했던 소녀",학창시절에는 왜 늘 유치하고 멍청한 남자를 좋아했던걸까. 근데 생각해보니 나도 그랬던 것 같다. 2010년대 초라 가능했던 초반의 저질부분만 빼면 딱 첫사랑 영화의 교본 같은 느낌
"그 시절, 우리가 좋아했던 소녀",유치해서 아름다운 첫사랑
"그 시절, 우리가 좋아했던 소녀",어린 날이란게 그렇다. 알 수 없는 이유로 알 수 없이 불행하려 했다. 시끄럽지 않게 요란한 그 시절의 소중함이 아름답다. 헐벗은 유치한 추억은 결코 부끄럽지 않다. 190831
"그 시절, 우리가 좋아했던 소녀",여주인공의 매력에 첫사랑이 조작되어 버린다.
"그 시절, 우리가 좋아했던 소녀",모두 다른 첫사랑의 대상이 있겠지만 추억하는 모습은 산챠이 아닐까
"그 시절, 우리가 좋아했던 소녀",내 기대가 컸나 답답해 뒤지는줄
"그 시절, 우리가 좋아했던 소녀",대만 영화를 평소에 좋아하지만 이 영환 진짜 왜 좋은 건지 모르겠다.
"그 시절, 우리가 좋아했던 소녀",You are the apple of my eye!
"그 시절, 우리가 좋아했던 소녀",전형적인 남성 위주의 첫사랑 이야기인데 공감되는 부분도 많음
"그 시절, 우리가 좋아했던 소녀","영화의 마지막 10분으로 충분히 느꼈다. 그 시절, 그들의 풋풋했던 청춘을. 그리고 새삼 나의 그 시절의 추억에 잠겨본다.😊"
"그 시절, 우리가 좋아했던 소녀",이런 결말이기에 더 여운이 남은듯
"그 시절, 우리가 좋아했던 소녀",커징텅 이바보 시키야….! 몇번을 봐도 계속 이렇게 이야기하게 되는 영화.. 많이 사랑스럽다..*
"그 시절, 우리가 좋아했던 소녀",평행세계가 살렸다.
"그 시절, 우리가 좋아했던 소녀",<나의 소녀시대>가 풋풋하고 따뜻했다면 이 영화는 선선하다고 생각한다
"그 시절, 우리가 좋아했던 소녀",대만의 학생들의 삶을 간접체험한느낌이 든만큼 몰입도가 높았다.
"그 시절, 우리가 좋아했던 소녀",대만 청춘물의 정석... 뭔가 이상하고 과한 코미디와 어느샌가 마음 한 쪽 아려오는 장면들... 마지막 5분 정도 ost 나사년과 같이 깔리는 추억들은 슬픈 장면이 없는데도 슬프다
"그 시절, 우리가 좋아했던 소녀",대만 첫사랑물 하면 떠오르는 영화
"그 시절, 우리가 좋아했던 소녀",재밌게 봤습니다.
"그 시절, 우리가 좋아했던 소녀",특유의 대만 감성에 스며든다
"그 시절, 우리가 좋아했던 소녀",알다가도 모르겠다. 너의 마음 나의 마음
"그 시절, 우리가 좋아했던 소녀","그 시절, 누군가를 좋아한다는 건 꽤 멋진 추억이지."
"그 시절, 우리가 좋아했던 소녀",첫사랑은 이루어지지 않는다지만 난 이어지길 바랐다
"그 시절, 우리가 좋아했던 소녀",나에겐 와닿지 않던 감성.
"그 시절, 우리가 좋아했던 소녀",왜 그토록 많은 사람들 입에 오르내리는지 보면 안다.
"그 시절, 우리가 좋아했던 소녀",그거 사랑맞아 얘들아 그게 사랑이 아니면 난 사랑해본 적 없어
"그 시절, 우리가 좋아했던 소녀",내가 좋아했던 소녀는 아님
"그 시절, 우리가 좋아했던 소녀",영화 01
"그 시절, 우리가 좋아했던 소녀",결혼 축하해 나의 청춘
"그 시절, 우리가 좋아했던 소녀",왜 대만 영화는 항상 엔딩이 이런가... 했지만 감독의 비하인드를 알고 나니 대단한 작품이었다 커텅처럼 살기
"그 시절, 우리가 좋아했던 소녀",ㄸㄸ이는 진짜 볼수록 웃기넼ㅋㅋㅋㅋ
"그 시절, 우리가 좋아했던 소녀",그시절 성숙하지 못했던 그들을 잘 표현 하고 있다 추억이라고 말할 수 있는 것들만 아름답게 모아둔.
"그 시절, 우리가 좋아했던 소녀",현대 청춘영화 트렌드에 한 획을 그은 레퍼런스 그 이상의 수작.
"그 시절, 우리가 좋아했던 소녀",마지막에 왜인지 막 눈물이 났다.
"그 시절, 우리가 좋아했던 소녀",서툴게 꺼낸 첫사랑의 추억처럼 이 영화도 그냥 예고편으로 묻어둘걸 그랬다.
"그 시절, 우리가 좋아했던 소녀",유치했지만 이상하게 가슴 아리고 여운이 많이 남은 영화. 사랑이 이뤄지지 않았기에 남은 추억이 더욱 아름다워 보이는 영화.
"그 시절, 우리가 좋아했던 소녀","첫사랑에 대한 몇 가지 감정을 잘 포착했지만, 그 방식이 매우 유치하다. 그리운 남색대문, 연연풍진."
"그 시절, 우리가 좋아했던 소녀",어느 부분도 부족하지도 넘치지도 않은 그 시절이 그리운 영화
라라랜드,"단언컨대, 2016년 최고의 영화다. 내가 영화를 사랑하는 이유, 그리고 다른 예술과 달리 영화만이 보여줄 수 있는 모든 것들을 보여준다. 감독의 연출, 카메라 워크, 배우들의 연..."
라라랜드,이 영화는 꿈꾸는 모든 이들을 위한 영화. 인생을 논하는 영화.
라라랜드,너무나 아름다운 작품! 보는 내내 눈을 뗄수가 없었어요
라라랜드,흘러가는 인생에서 사랑과 꿈을 모두 건져낼 수 있다면
라라랜드,젊은 날의 감성 되짚어 준 '라라랜드'
라라랜드,작품이 주는 느낌과 여운에 사로잡힌다
라라랜드,사람들의 평가를 공감하려고 3번이나 봤지만 아직 ost랑 영상미 빼곤 딱히 좋은지 모르겠는 영화..
라라랜드,"지나간 것들, 그 깨고 싶지 않은 황홀함에 대하여"
라라랜드,라라랜드를 세번 보고 알게된 것들
라라랜드,"21세기 최고의 뮤지컬영화이자, 최고로 황홀한 롱테이크. 할리우드의 '영화'(榮華)를 보여주는 '영화'(映畫)이면서 동시에 정형화된 '시네마스코프'라는 틀에서 정형화되지 않은 모든..."
라라랜드,"함께 꿈을 꾸었던 사랑하는 사람을 위하여. 더없이 아름답고, 그렇기에 더없이 마음 아팠던 마지막 시퀀스"
라라랜드,사랑의 기억이 있다면
라라랜드,La를 배경으로 한 아름다운 영화! 세바스찬과 미아는 사랑대신 각자의 꿈을 응원해주면서 헤어졌다! 평생 서로에 대한 애틋한 마음을 가지고 살아갈까? 촬영장소까지 직접가봄
라라랜드,자색 하늘 빛 아래에서 너와 내가 삶이라는 춤을 춘다면. 그 어스름한 달빛 아래에서 스쳐 지나간 그 따뜻했던 품에 눈물 훔치지 않기를.
라라랜드,뮤지컬을 좋아하고 모두가 재미있다고 하는데 생각보다 별로였다. 기대감이 크면 역시 작품의 재미를 덜 느끼게 되는 걸까?
라라랜드,"꿈을 위한 도전이 얼마나 아름다운지, 사랑은 얼마나 짙은지"
라라랜드,내 인생작
라라랜드,전 감성이 메마른걸까요 뮤지컬 연출은 좋으나 초반은 약간 산만함을 느꼈습니다 노래는 좋습니다
라라랜드,두 가지 엔딩을 볼수 있는 장점과 영상미 사운드미의 조화로움ㅠㅜ 가을만되면 이영화를 추천드려요 현실 로맨스입니다 3번째 보는중🥺🥹♥️
라라랜드,처음에는 희망이었고 중간에는 꿈이었으며 끝에는 추억이었던 영화. 마치 재즈를 영화로 만든 것 같았다.
라라랜드,사랑에 ‘만약’은 없으니까 아름다웠다고 기억하겠지.
라라랜드,처음 먹었을 땐 마냥 달콤한 롤리팝캔디 같았지만 씹으면 씹을수록 씁쓸한 민트캔디 같은 영화
라라랜드,너무나 완벽하고 너무나 슬픈 영화
라라랜드,간절히 원하면 온 우주가 돕는다. : ‘라라랜드’의 시공간을 중심으로. 1. 다미앤 차젤레의 두 번째 작품인 ‘라라랜드’ 를 보았다. 영화가 흥행을 하게 된 지점은 어디일까? ...
라라랜드,꿈꾸는 이들의 아름다움
라라랜드,"음악과 미술로 만들어낸 눈부시게 아름다운 세상. 그 곳, 라라랜드."
라라랜드,15세 미만이에요?
라라랜드,남들은 다 좋다는데 그닥..
라라랜드,누구나 한번쯤은 겪어던 사랑이야기
라라랜드,그냥 여주가 쓰레기란 생각밖에 안들음...
라라랜드,사랑의 끝은 꼭 결혼이나 영원히 함께 사는 것이 아니라 각자의 꿈을 찾아가는 것일 수도 있다는 생각을 하게 해준 영화. 유명한 영화라서 별 생각 없이 보려고 했다가 감동 받았다
라라랜드,영화를 사랑한 아이가 감독이 되어 만든 작품. 영화가 담아야 하는 모든 아름다움이 가득하다.
라라랜드,꿈과 사랑을 추억이라는 향신료로 코 끝이 아리도록 매혹시킨다.
라라랜드,"영화가 이렇게 아름답고 현실적일 수 있다니! 보는 내내 귀도 눈도 황홀했던 영화 나의 또 다른 인생 영화임 좋아하는 배우들과 그에 맞는 영상미, 노래는 환상적임"
라라랜드,함께이기 이전에 각자가 단단해야 행복할 수 있다
라라랜드,"고전, 사랑으로 예술을 대하던 할리우드의 낡은 자세를 되새기며."
라라랜드,아름다운 음악과 고풍스런 배경이 합쳐져 자아내는 독특하고 미학적인 아우라와 그 곳에서 일어난 꿈과 연인의 처연한 곡소리
라라랜드,각자의 사정으로 떠내보내야만 했던 사랑과 꿈을 향한 안녕의 메시지
라라랜드,Ost도 분위기도 다살림
라라랜드,"돌고도는 계절처럼 그리고 함께 춤추던 왈츠처럼 꿈이란 영원히 반복되는, 이루어도 이룰 수 없는 동경과 그리움의 세계."
라라랜드,6년전의 나는 이 영화가 재미없었는데.. 나이를 먹으니 감흥이 달라지는구나
라라랜드,인생 영화 재탕 안 하는 내가 액션 느와르만 보는 내가 그 당시 남자친구 때믄에 봤다가 매년 다시 보는 영화 볼 때마다 감상이 달라진다
라라랜드,꿈과 사랑이 드러날 때가 언제냐고? 사위가 검어질 때다.
라라랜드,.
라라랜드,2023.08.25 7년후 4점에서 5점으로
라라랜드,클래식하며 낭만 100%로 떡칠되어있는 영화
라라랜드,"서로가 함께 나눈 순간들의 반짝거림은 영원하지 않지만, 마주 본 눈빛 속에서 찬란한 순간들은 오래도록 일렁이다."
라라랜드,이 영화는 마법이다. 라는 카피에 깊이 공감할 수 밖에 없다. 이 영화는 마법이다.
라라랜드,여운이 계속 남는 이 영화. 언제까지 그 여운이 느껴질까
라라랜드,뮤지컬 영화의 정석 급인 작품.
쉘부르의 우산,스토리는 취향이 아니였으나 음악과 영화의 배경이 너무 이뻤다. 무대가 되는 곳들의 색감과 감성으로도 조금은 힐링되는 느낌
쉘부르의 우산,프랑스 감성 나랑 안 맞아 ㅋㅋㅋㅋ 그렇게 금방 헤어진걸 보니 뭐 대단히 사랑한 것도 아닌가 보구만 뭘 그렇게 가슴절절한 사랑인척 하는거야? 그래도 파스텔톤의 색감은 예쁘다.
쉘부르의 우산,.
쉘부르의 우산,과잉의 장르인 뮤지컬에서 훌륭하게 과잉하는 법을 아는 영화.
쉘부르의 우산,피천득 선생님 감사합니다.
쉘부르의 우산,완전 내 취향 영화인데 이제 보았다. 너무 유명해서 봤다 착각했나보다. 제작년도 고려하면 프랑스의 문화는 넘사벽 수준이군. 사실 어색한 대사 전달인데 불어의 매력에 빨려드는 기분.
쉘부르의 우산,짧은 사랑을 추억으로 남기는 미덕
쉘부르의 우산,항구도시의 원색부터 눈밭의 무채색까지. 이별의 입맞춤부터 재회의 눈맞춤까지.
쉘부르의 우산,영화가 이쁘고 노래도 좋다
쉘부르의 우산,색감이며 음악성이며 배우들의 연기력까지 너무나 완벽한 작품.
쉘부르의 우산,아름다운 미술이 음악을 만났는데 마지막에 휴우
쉘부르의 우산,음악 하나만으로도 볼 가치가 있다
쉘부르의 우산,"정비사와 우산가게 딸, 입대후 딸임신 놀라는 엄마, 보석상 애딸린 여자 결혼, 제대후 주유소 3인가족."
쉘부르의 우산,노답의 불같은 사랑 현실의 씁쓸한 이별
쉘부르의 우산,청춘의 사랑은 보통 그러하니까
쉘부르의 우산,I will wait for you는 뮤지컬무비 역사상 최고의 명곡
쉘부르의 우산,"생경한 대화 기법과 로맨스 전개에도, 결국 황홀한 영상과 음악에 젖어들고 마는 감상."
쉘부르의 우산,색감과 영상미가 아름답다
쉘부르의 우산,2년이라는 세월의 비를 맞으며 그녀는 우산이 필요해졌다.
쉘부르의 우산,아련하게 익숙한 멜로디에 요즘보기에는 좀 흔해져 버린 어긋난 연인 이야기 멜로의 원조 격 영화
쉘부르의 우산,"자막 없이, 가끔 딴 짓도 하면서, 무심한 듯 시크하게. <쉘부르의 우산>을 어떻게 보면 좋을지 고민하는 이에게 추천하고픈 관람법."
쉘부르의 우산,누구나 생각해봤을 기획을 현실로 옮겼다는 데 의의를
쉘부르의 우산,처음부터 끝까지 노래를 하다니~ 이런 영화는 처음이야~🎶
쉘부르의 우산,정교하면서도 부실한 이야기의 완성이 비주얼이 되는 사례.
쉘부르의 우산,똥차를 아름답게 전시하는 법? 모든 화면이 너무 내 취향인데… 그거 빼고 나머지는 전부…
쉘부르의 우산,당신 없이 살아갈 수 없다는 달콤했던 거짓말
쉘부르의 우산,"프랑스어 진짜 낭만 있네. 송스루 뮤지컬이라 당황했지만, 재미있었다"
쉘부르의 우산,"해가 지나며 바뀌는 우리의 삶, 그 속에 우둑히 멈춘 채 영원을 노래하는 시네마의 낭만."
쉘부르의 우산,프랑스 타령총각의 사랑 타령 한마당
쉘부르의 우산,"잔혹한 운명의 장난, 뮤지컬의 교본이 되다"
쉘부르의 우산,분명 평범한 멜로 영화이지만... 라라랜드에서도 배껴간 그 무언가가 이 영화에서도 나타난다.
쉘부르의 우산,알로록달로록 미장센에 거품 낀 러브 스토리.
쉘부르의 우산,넷플릭스에 올라온 건 2013년 리마스터링. 영화 초반에 노래만 나오는 오페라는 왜 보러 가냐는 동료의 대사가 스포였다니.
쉘부르의 우산,영화는 삶의 한 파편을 보여주는 것일 뿐. 그 아름답던 사랑도 청춘의 한 시절일 뿐.
쉘부르의 우산,눈이 즐겁고 듣는 맛이 있는 예쁜 프랑스식 케이크. 먹고 나니 스르르 사라져서 허무함.
쉘부르의 우산,"낭만이 우리의 세계가 되고, 세계가 낭만의 언어로 써지는 그 곳."
쉘부르의 우산,색과 노래로 펼쳐진 라라랜드의 전신.
쉘부르의 우산,je t'aime를 가장 많이 들은 날
쉘부르의 우산,절망 끝의 선택이 아니길 그저 바라면서
쉘부르의 우산,엇갈림 끝에 6년 뒤 서로 달리 가정을 가진 채 재회하는 기와 쥬느비에브를 보며 인연에 대해 생각해보게 된다. 당시로는 획기적이었던 송쓰루 방식의 뮤지컬 영화.
쉘부르의 우산,"총천연색 롤리팝, 영화를 노래하는 ‘필름 오페라’."
쉘부르의 우산,두 명의 프랑수와는 제 이름이 어떻게 지어졌는지 알까
쉘부르의 우산,"화사한 색감과 유사한 그림체, 마구 떠오르는 레퍼런스 (가 된) 작품들로 후루룩 지나가는 1시간 32분."
쉘부르의 우산,"화려하지만 모나지 않은 화면, 단순하지만 부족함이 없는 이야기"
쉘부르의 우산,결국 누군가를 만나 누군가와 사랑하고 누군가와 삶을 약속한다는 것. 그 과정이 얼마나 운명과 우연 같은지. - 그 대사 하나 하나가 왜 샹송으로 꿈과 같이 느껴지는지.
쉘부르의 우산,상남자식 노빠꾸 연출 엔딩을 보고 있자니 Happy Sad
쉘부르의 우산,오페라를 좋아하고 영화는 더 좋아하는 이들을 위해
쉘부르의 우산,"색감도 좋고, 노래도 좋고, 불어도 좋다. 평범한 사랑 이야기라 더 좋은."
쉘부르의 우산,음악과 때깔만으로 조지는 영화인데 이게 너무 세다.
쉘부르의 우산,"프랑스 감성 철철 넘치는 아름다운 뮤지컬. 카트린느 드뇌브와 니노 카스텔누오보의 미모,시종일관 마음을 울리는 미셸 르그랑의 주옥같은 선율이 시대를 초월한다. 라라랜드의 영감"
범죄도시4,범죄도시4
범죄도시4,No Funny No Develop No Action “카레에서 짜장으로 바뀌면 뭐하나 이미 아는 맛인데.”
범죄도시4,차라리 김무열 단독 빌런을 하지 그랬어
범죄도시4,신기하게 같은 느낌인데 새롭다 다만 너무 초심만 지키는 느낌 슬슬 흥미를 잃을지도……….
범죄도시4,이제는 맛없는 아는 맛
범죄도시4,블라인드 시사회로 봤어요. 4편도 기대하셔도 됩니다~! (아직 출시까지 일년정도 남아서 스포는 못해드려요)
범죄도시4,1.2가 그립다 더는 볼 수 없는 걸까?
범죄도시4,"우리의 FDA! 장이수가 다 했다. 개인적으로 2,3편의 빌런보다 훨 인상적이었던 4편의 빌런."
범죄도시4,액션에 더 신경을 쓴 부분이 만족스러웠음 악을 응징하는데서 오는 카타르시스란.. 다 아는 맛이지만 여전히 맛있음
범죄도시4,지금까지 나온 시즌중엔 제일 아쉬웠다 급하게 작업하고 빠르게 편집하다보니 놓친게 많은 것 같은 느낌 그리고 자꾸만 웃기려고 노리고 치는 듯한 대사에 웃음을 잃게 된..
범죄도시4,김무열 섹시해
범죄도시4,더 롱런하려면 변화가 필요한 시리즈이긴 하다.
범죄도시4,갈수록 부실해지는 데는 이유가 있지 않을까
범죄도시4,8월 9일 블라인드 미완성본 시사회를 통해 관람.
범죄도시4,범도가 나랑은 맞지않는구나만 다시금 깨닫고온
범죄도시4,이제그만 범죄도시 보내주자 갈수록 노잼이다~ 1편은 정말 최고 였고 대작이였다~
범죄도시4,범죄도시가 ‘범죄도시‘했다.
범죄도시4,3편보다 액션이나 빌런 매력은 뛰어나지만 스토리가 너무 늘어지는 느낌이들고 필요 없는 인물이 많은것 같다
범죄도시4,현실을 기반한 매력 그 나머지는 공산품
범죄도시4,"빌런이 너무 섹시하잖아 초반 복근에 시선강탈😍 마석도, 장이수 콤비 웃음지뢰. 범도4에서도 역시나 주옥같은 명대사들 쏟아짐. 천만 무난히 돌파하겠어요👏👏👏"
범죄도시4,그냥 볼만한 액션물이 되어버렸다.....
범죄도시4,세번은 안당하지 라고 생각했던 한달전으로 돌아가고싶다.
범죄도시4,"범죄도시1,2편 재밌다고 하는 사람들 많았는데 나는 3편이 제일 재밌었고 (가족들과 다같이 보기 좋았음) 4편에서 느낀게 액션, 연출, 유머 놓친게 없었음."
범죄도시4,3도 진짜 재밌어서 박장대소 하면서 봤는데 4 시사회때보고 뒤집어 졌다. 또 보러가야지! 범죄도시 4 화이팅
범죄도시4,어제 시사회로 보고왔는데 역시 잘끓인 김치찌개는 최고다.. 또 생각나네 먹고 싶어서
범죄도시4,범도3보다는 재밌다!
범죄도시4,호쾌하다. 몰입도가 높다. 킬링타임용으로 좋다. 중간중간 전편의 패러디도 좋다
범죄도시4,이제 그만 멈춰야 한다
범죄도시4,시리즈가 상하기전까진 4점. 아직 유통기한남아있다
범죄도시4,익숙한 맛이지만 마석도의 보석함은 항상 흥미롭다.
범죄도시4,마동석표 액션 언제봐도 통쾌하고 재밌었습니다! 김무열배우님은 조금더 잔인하게 나왔으면하는 아쉬움이 있습니다. 박지환 배우님은 진짜 거의 범죄도시4의 주인공이였습니다👍
범죄도시4,아직까진 맛있는 사골국
범죄도시4,재미없었어. 메가박스에서 조조로 봤는데 아무리 칼질을 해도 긴장감도 없고. 마석두는 무적인거고.
범죄도시4,"매번 비슷한 이야기로 작품이 전개되는데도, 계속 재밌을 수 있다니...언제까지 이럴 수 있나보자. 8편까지 나온다고?"
범죄도시4,분노의 질주와 같이 그 '시리즈'이기에 볼 가치가 있는 영화
범죄도시4,범도 시리즈는 이 미친남성들이 너덜너덜하게 털리는 모습을 볼 수 있는 영화 시리즈라고 생각합니다
범죄도시4,"성공적인 범죄도시만의 흥행공식 위에 마석도와 장이수만이 빛을 발하고, 그 외에 모든 것들이 퇴행하다."
범죄도시4,뭐...무슨 맛인지 아시죠?
범죄도시4,"매번 똑같은 스토리, 똑같은 액션... 이거 진짜 8편까지 만들 생각인가 스토리가 빌런 이름만 바뀌고 다 똑같음 근데 재미도 없어... 액션도 시원한건지 모르겠음"
범죄도시4,시사회 찐 관람 후기
범죄도시4,마동석 범죄도시3에서는 마이크 타이슨 같은 느낌이였는데 범죄도시4에서는 조지 포먼 같은 느낌이 나서 시리즈 마다 다른 복싱 기술 구사하는 마동석 보는 재미가 있음.
범죄도시4,"기대보다 더 찐한 액션! 섹쉬한 빌런 김무열! 마동석은 마동석했고, 장이수는 장이수했다."
범죄도시4,재밌다!! 3편에서 실망을 했기 때문에 더 이를 간듯한 코믹액션!!
범죄도시4,"3보다 낫겠지?, 황야에서 감독과 마동석 조합이 기대를 충분히 낮춰서인지 적당히 즐기기에 이정도만한 영화가 있나 싶다. 이런 한국영화의 시장상황은 차치하더라도.."
범죄도시4,시사회를 통해 봤습니다 강력한 마석도와 살인병기 백창기의 대결 돌아온 장이수의 코믹함 얄미운 장동철의 연기가 돋보입니다 역대급 재밌습니다!!
범죄도시4,"역시 기대하는 웃음과 시원한 사이다를 안겨줌. 게다가 이번에는 액션이 진짜 너무 좋아서, 시리즈 중에 제일 좋았음!"
범죄도시4,기대를 저버리지 않는 시리즈물! 슬슬 더워지는데 시원한 한방! 강력해진 빌런! 돌아온 장이수까지! 아는 맛이지만 아는 맛이 무섭지
범죄도시4,시사회로 보길 잘했다. 다른 시리즈물들과는 확연히 다르게 점점 진화하는 깊은맛. 최고의 프랜차이즈!
범죄도시4,4/15(월) 코엑스 시사회 관람. 일단 첫소감은 와 이걸 또 해내네? 솔직히 4번째니까 기대 안했는데 괜한 걱정이었네요. 개봉하고 나면 한번 더 볼 예정(4D 괜찮을까요?)
범죄도시4,"어제 시사회 다녀왔습니다 이번에도 범죄도시 특유의 사이다 액션과 유머코드를 시원하게 즐기다 보니 어느새 엔딩 크레딧... 미국에 '존윅'이 있다면, 한국은 범죄도시죠!"
와이프라이크,여주인공이 일본 기모노 입었을때는 저세상 미모임. 여주인공 얼굴 몸매 자랑만 하다가 영화가 끝나네.
와이프라이크,여주인공 미모만이 유일하게 이 영화를 빛낸다. 어느새 말콤 맥도웰이 되어 버린 조나단 리스 마이어스가 안타까울 따름.
슈퍼배드 4,가족들과 함께하는 얼렁뚱땅 액션
슈퍼배드 4,기발한 상상력 과 매력적인 미니언즈 를 무장한 채 돌아온 “슈퍼배드 4” 내용은 딱히 임팩트 있는 내용은 아니지만 귀여운 미니언즈를 보는 재미가 그나마 위안.가족나들이용으로좋다.
슈퍼배드 4,"귀여운데, 유치함..."
슈퍼배드 4,미니언즈들이 너무 긔야웡여 ㅜㅜㅜㅜㅜㅜ 역대급으로 많이 울고 웃엇네여 ㅜㅜ 진짜 너무 재밋습니다! 강추! 완전 제 인생 영화 이걸로 바꼇어요 ㅜㅜㅜㅜ 다들 시간내서 꼬옥! 보시길ㅜ
슈퍼배드 4,슈퍼배드 미니언즈는 못 참지.
슈퍼배드 4,이제 진짜 지겹기도 하고..도대체 바선생은 겨우 그거 할려고 빌드업한거임? 교도소에서 처노래는 왜 같이 부르나..
슈퍼배드 4,힘을다한 프랜차이즈 시리즈물
슈퍼배드 4,단맛빠진 크리스마스 막대사탕
슈퍼배드 4,재미가 없단 얘기도 있는데 어차피 애니지 않은가?? 그냥 즐기면 된다. 귀여운 맛으로
슈퍼배드 4,미니언즈들의 언어가 점점 정확해지는 느낌이 드네 일루미네이션만 하던 애들이 간단한 단어들이 들리네ㅎㅎ 그리고 마지막씬은 앞에 본 악당들이 나와서 반가웠다.
슈퍼배드 4,적당히 볼만하지만 어딘가 엉성한 부분이 아예 없지는 않았다
슈퍼배드 4,아무생각 없이 머리 식히기 좋은 등장인물은 귀엽다.
슈퍼배드 4,우유용기 닮은것들 환장파티에 코만남은 악당의흔적
슈퍼배드 4,슈퍼배드4
슈퍼배드 4,어떻게든 시리즈를 이어나가면 어찌 됐든 마지막에는 반갑게 얼굴들이 모이기 마련이다
슈퍼배드 4,"보여주고 싶은 건 많은데, 보여주고 싶은 것만 많네."
슈퍼배드 4,아 망작이다. 맨마지막 빼고는 볼게 하나도 없다
슈퍼배드 4,좀 긴 단편 미니언즈인거지? <슈퍼배드>만의 매콤한 기발함은 없음 240807
슈퍼배드 4,스토리 - ★★★ 더빙력 - ★★★ 몰입도 - ★★★ 참신한 얼굴들과 반가운 얼굴들
슈퍼배드 4,개봉 이틀째날에 본 영화.. 역시 미니언들의 활약에 무난하게 볼만하긴 했다
슈퍼배드 4,나날이 조금 더 나은 사람으로 향해 가는 이들을 보는 재미
슈퍼배드 4,스토리보다는 캐릭터에 집중했네
슈퍼배드 4,애아빠가 된 그루도 많이 순해졌지만 그때를 그리워하는 마음으로 옆집 빌런걸과 함께 열심히 애를 쓰기만 한다.
슈퍼배드 4,서론이 너무 길어요....ㅋㅋㅋ
슈퍼배드 4,95분에 담고싶은 것도 참 많다.
슈퍼배드 4,시리즈중 가장 별로
슈퍼배드 4,슈퍼배드1을 재밌게 해준 악당의 매력이 사라진 이제는 평범한 가족 애니메이션
슈퍼배드 4,계속 이렇게 가볍게 웃을 수 있는 시리즈가 계속 되길.
슈퍼배드 4,이쯤 하면 되겠다는 여유가 보인다.
슈퍼배드 4,여름밤에 아들과 나들이.... 그 이상으로는 힘들 듯 슈퍼배드 첨 본 사람으로 굳이 4편까지 나오는 이유가 뭘까??? 어수선하다....
슈퍼배드 4,이제는 그만보고 싶은 뻔한 스토리
슈퍼배드 4,주인공도 못 살리는 처지
슈퍼배드 4,이젠 미니언들마저 귀엽게 느껴지지 않는다.
슈퍼배드 4,"정신없는 영화, 귀여워서 봐준다!"
슈퍼배드 4,나 찌질한 남주 지겹나 봐
슈퍼배드 4,이젠 귀여운거 말고는 더 이상 없는 건가
슈퍼배드 4,귀여우니 됐어
슈퍼배드 4,그루의 아기는 보스베이비?
슈퍼배드 4,영화가 싫어질때쯤 귀여운 미니언이 나온다. 그 감정을 반복하다 보면 영화가 끝난다. 그거면 됐다. 근데 이번 작품에 유독 개그코드나 패로디가 아재스럽다.
슈퍼배드 4,미니언이 귀엽지 않았으면 4번째 영화는 만들지도 못 했을거라는걸 증명하는 영화
슈퍼배드 4,"최근 들어 영화 시작하고 졸려하는 모습이 없었는데...그리 나쁘지는 않았지만, 그만큼 내가 나이 들었나 보다 싶다. 이번 미니언즈는 귀여움보다 좀 부산하고 시끄러웠던 편이다."
슈퍼배드 4,이게 <미니언즈 3>인지 <슈퍼배드 4>인지... 이 둘을 확실하게 나눌 수 있게 분간을 시켜줬으면.
슈퍼배드 4,익숙한 내용 그러나 이제는 신선함은 사라졌다
슈퍼배드 4,개구진 미니언즈와 함께 웃고 가족의 사랑이 무엇인가 생각해보게 하는 따뜻한 이야기
슈퍼배드 4,"◈ 이제, 점점… 미니언들의 귀여움 파워도 힘에 부치는 느낌이다."
슈퍼배드 4,가족들과 즐기기 좋은 킬링타임용 영화. 미니언즈들은 역시 귀여워..
슈퍼배드 4,순간적 재미 돌려막기에 급급함에도 아직까진 즐거운 시리즈 고유의 오락.
슈퍼배드 4,킬링타임 좋아욥~
슈퍼배드 4,슈퍼배드 시리즈 중 최악
슈퍼배드 4,"시작부터 끝까지 전부 일루미네이션답게, 귀여움으로 무장한 미니언즈의 매력만으로 결말을 향해 정신없이."
