﻿movie_title,review
굿파트너,장나라배우가 이렇게나 연기를 잘했구나.. 새삼 감탄 중
굿파트너,1화 펴은 볼만했으나 설정이너무 뻔해보임 이혼변호사가 남편이 바람을
굿파트너,배우들의 연기도 좋았고 무엇보다 현실감 있는 요즘 부모의 삶의 모습이 반영된거 같아 몰입되는 드라마
굿파트너,"뻔한 설정, 뻔한대사, 뻔한전개... 장나라라 보려했는데 2화를 채 못보겠네;; 볼 드라마가 이리 없냐.. 것만 번드르르하게 꾸미는것만 늘었어"
굿파트너,매주 기다리기 너무 힘드네요...장나라 배우님이 너무 좋네요..
굿파트너,우영우의 대박느낌이 강하게 난다. 장나라 남지현 피오 배우의 그림체가 잘어울리고 얼굴합 보는 재미도 굿. 이것저것 클리셰도 많지만 그래도 주말이 기다려지는 정주행 드라마 !!!!!
굿파트너,작가가 회사생활을 안 해본 게 분명하다.
굿파트너,맛있게 맵다 🌶 도파민 싹 도는 드라마 이혼 변호사 출신 작가님이라 그런지 변론할때 오바하는 장면없이 조근조근 말하는게 인상이 깊음
굿파트너,뻔할수있는 서사지만 단단한 디테일과 야무진 캐릭터가 극 호감. 트렌디한 한국적 스토리텔링을 살릴수있는건 매회 찰진 이혼 남녀의 법정 스릴러 다운 기구함과 주인공의 긍정 기개!힙
굿파트너,좀 과하다싶었지만 초반 1~3편까진 볼만했는데..와 5화에서 도저히 못보겠어서 꺼버림..배우들 문제는 아닌 것 같고 이건 작가의 문제 아닐까싶다. 모든 사람이 다 그렇진 않겠지만.
굿파트너,역시 이혼법정은 도파민 파티 두 여배우 연기력에 빠져서 보게 되면서 엄마란 뭔가도 생각하게 된다
굿파트너,두 여배우의 연기가 볼만함~
굿파트너,"배우들의 연기는 훌륭하나, 낡은 스토리라인이 보기 힘들다."
굿파트너,2024년에도 이런 드라마를 만드네 너무 식상하고 뻔한 전개.
굿파트너,장나라가 이리 연기를 잘했던가~~!!! 다시 한번 재평가 하게 되는 드라마로 부모의 역활도 다시 생각하게 만든다.배우자에 대한 예의도 생각하게 만드는 잘 만들어진 작품입니다.
굿파트너,"장나라의 진부한 연기와 빠른 대사, 날도 더운데 피로함. 나중에 더위 가셔서 짜증 안날때... -> 봤는데 재밌네요. ㅎ"
굿파트너,"변호사가 주인공인 드라마는 많았지만, 재판과 변호사의 일상을 이처럼 디테일하게 표현한 드라마는 없었던 것 같다. 분명 현역 변호사의 감수를 받았으리라"
굿파트너,용두사미ㅜㅜ
굿파트너,아니 저 주인공은 왜 변호사가 지 감정을 넣어 ㅋㅋㅋㅋㅋ 저렇게 감정따라가는데 기업 변호는 어떻게해 ㅋㅋㅋㅋ
굿파트너,"소재만 현대적이고, 그 외의 것들은 모두 고전적인 이상한 작품."
굿파트너,Very good plot. All actors are excellent. This is a first divorce relates show that's realistic
굿파트너,굿
굿파트너,요즘 재밌게 시청하고 있어요 이혼에 대해 부모란 무엇인가에 대해 다시 한번 생각해 볼수 있는 드라마
굿파트너,부부의 이혼 사례를 보면서 소통이 얼마나 중요한지 알게 되고 자신의 행동이 타인에게 어떤 영향을 주는지 생각해보게 된다
굿파트너,이혼으로 가는 경우의 수를 볼 수 있어 흥미로와 본방사수 중.
굿파트너,Good
굿파트너,대본연출연기 모든면에서 완벽.
굿파트너,너무 재미있어요
굿파트너,"지상씨, 정말 사과하세요. 전생에 나라를 구했으니 이번 생에 나라에게 사과하세요🥲"
굿파트너,"Entretida,reflexiva, muy buen guion y dirección y las actuaciones son maravillosas! NJH mi favorita."
굿파트너,장나라의 연기차력쑈. 근데 남지현 나올때마다 끄고싶어짐 캐릭터도 문제 연기력도 문제
굿파트너,연기력 구멍은 뭐로 메꾸려나 …….
굿파트너,변호사 관점의 똑똑한 사랑과전쟁. 매회 에피가 자극적이라 끌려서 보게되지만 감정소모때문에 피로감이든다. 수트핏 보는 재미가있음.
굿파트너,고참 스타 변호사와 신참 새내기 변호사와의 의견다툼이 각자의 의견이 다 이해가서 재밌고 이혼이란 이야기랑 법정물이랑 합쳐지니 신선하게 재밌었음. 그리고 배우들이 매력적이라 잼씀
굿파트너,오랜만에 잘 만든 지상파 드라마. 대사도 현실감 넘치고 쫀쫀하고 이야기 전개도 깔끔하고 다양한 이혼사유를 보는 재미도 있고 캐릭터들도 살아 있고 마지막까지 지루하지않음. 추천함.
굿파트너,후반에 조지나 했지만 어떻게 복귀
굿파트너,너무 감명깊게 봤어요 장나라의 역할도 멋있고 이렇게 연기를 잘했나 싶을정도로 빠져들었네요
굿파트너,연기도 좋고 스토리도 그럭저럭 볼만한데 인물관계가 너무 후지고 에피소드와 다른 작가의 메시지가 상충되어 보는 이로 하여금 부조화를 넘어 훈계 느낌이 남
굿파트너,장나라 배우님의 연기력이 돋보였고 개인적으로 아역 배우의 연기력이 좋았던 드라마. 전체적으로 그럭저럭이었지만 뻔한 엔딩이 약간 아쉬웠다.
굿파트너,"여주인공의 이혼을 중심으로 두고, 곁에서 벌어지는 사건들을 잘 조합한 이혼 법률 드라마."
굿파트너,처음부터 몰입해서 보게 되네요 장나라씨 연기 오랜만에 봤는데 연기도 좋고 동안에 더 이뻐지셨네요 나만 늙는건지... 가족에 대해 생각해 볼수 있어서 좋았어요
굿파트너,법정 드라마인데 결혼과 가족에 대한 옆에 누구와 함께 가고 있는 지 보여주는 가족 드라마이다
굿파트너,처음에는 별 기대없이 봤지만 점점 빨려든다
굿파트너,"우영우와 어깨를 나란히 할만한 법정 드라마 띵작. 이혼 이야기만 하는데도, 이렇게 인간 군상들의 면면을 드러낼 수 있다니. 작가님이 변호사셔서 그런가? 이야기에 유능함이 묻어있다."
굿파트너,킬링타임용 초반엔 흥미로우나 후반에 지루함
굿파트너,개인적으로 뮤난무난 재미있었음!
굿파트너,재밌습니다.
굿파트너,세상엔 참 별의별 사람들이 많구나
굿파트너,작가가 전할려는 메세지를 분명히 느낄 수 있었다.
굿파트너,나와 다른 사람이 있다는 것은 삶을 계속 성장하며 살 수 있는 이유아닐까.
헝거게임: 노래하는 새와 뱀의 발라드,'다스 베이더'의 전사가 궁금해 나온 <스타워즈> 프리퀄과 딱히 궁금하지 않은 '스노우'의 비대해진 자아 형성기 프리퀄은 매우 다르다.
헝거게임: 노래하는 새와 뱀의 발라드,"남의 사랑은 정말로 재미있고, 남의 망한 사랑은 더 재미있습니다"
헝거게임: 노래하는 새와 뱀의 발라드,.
헝거게임: 노래하는 새와 뱀의 발라드,적당히 볼만해요 ( 아니 남주가 씹 존잘임 왕자재질임 얼빠분들 심장 부여잡아... )
헝거게임: 노래하는 새와 뱀의 발라드,책을 읽으며 노래하는 새와 뱀의 발라드는 헝거게임과 다른 캐피톨의스노우가 주인공인 만큼 악역이 미화되지 않을까 걱정했는데 기우였다! 책이 매력적이라서 영화가 기대된다! #태그
헝거게임: 노래하는 새와 뱀의 발라드,악인의 과거 이야기를 재미있게 풀어나가는 과정. 과거를 묘사하지만 그 재미는 덜하지 않다
헝거게임: 노래하는 새와 뱀의 발라드,뱀과 새를 메타포로 훌륭하게 활용한 팬을 위한 프리퀄
헝거게임: 노래하는 새와 뱀의 발라드,새하얀 결정체가 모여 폭풍이 되기까지
헝거게임: 노래하는 새와 뱀의 발라드,#🐦‍⬛ 철지난 돌림노래에는 되돌아올 메아리도 없다.
헝거게임: 노래하는 새와 뱀의 발라드,헝거게임 시리즈의 팬인 나에게는 선물같은 프리퀄 영화. 이번엔 오락 위주의 연출보다 스토리 위주로 풀어나가서 좋았다. 팬이 아닌 사람들에겐 열려있지 않은 느낌이라 조금 아쉽다.
헝거게임: 노래하는 새와 뱀의 발라드,스노우가 왜 빌런이 되었는지를 보여주는 작품
헝거게임: 노래하는 새와 뱀의 발라드,기존에 헝거게임과는 흘러가는 방식이 너무 달라 살짝 낯설었지만 재밌게 봤어요
헝거게임: 노래하는 새와 뱀의 발라드,흥미롭다가도 지루하다가도 그냥보게된다.
헝거게임: 노래하는 새와 뱀의 발라드,프리퀄의 함정에 걸려들다
헝거게임: 노래하는 새와 뱀의 발라드,"""우리가 가장 사랑하는 것이 우릴 파멸시키는 법이지"""
헝거게임: 노래하는 새와 뱀의 발라드,"스노우의 과거에 대해 자세히 알 수 있고, 인간성에 대한 생각을 해볼 수 있는 영화! 헝거게임 시리즈를 본 사람들이 이해할 수 있는 포인트들도 조금 있어서 더 재미있었다:)"
헝거게임: 노래하는 새와 뱀의 발라드,스노우는 어떻게 인간성을 잃게 되었는가에 대한 조금 긴 프리퀄.
헝거게임: 노래하는 새와 뱀의 발라드,감사하게도 이벤트에 당첨되는 행운으로 개봉전에 미리 보고왔다. 와~~ 2시간반 상영시간이 순삭! 역시 이번 헝거게임도 나의 기대를 저버리지않은 영화였다는거… 개봉후 다시볼예정!
헝거게임: 노래하는 새와 뱀의 발라드,결국 빛바래버린 장미의 향이 궁금하다면.
헝거게임: 노래하는 새와 뱀의 발라드,새가 사람의 말을 따라하는 것과 뱀이 독을 지니고 있는 것은 악의가 있어서가 아니다. 그것을 이용하는 자의 의도에 달려있을 뿐.
헝거게임: 노래하는 새와 뱀의 발라드,애당초 가치관이 너무 다르기에.
헝거게임: 노래하는 새와 뱀의 발라드,영화 헝거게임: 노래하는 새와 뱀의 발라드 리뷰
헝거게임: 노래하는 새와 뱀의 발라드,계기가 아니라 본성이 그러했다 라고 말하는 것 같았다
헝거게임: 노래하는 새와 뱀의 발라드,헝거게임 팬들을 위한 영화라는 말이 딱. 누군가는 스노우가 불쌍하다지만 스노우는 항상 그대로였다는걸 느낌. 헝거게임을 봐서 이 영화를 보고 이 영화를 봐서 다시 헝거게임을 봄
헝거게임: 노래하는 새와 뱀의 발라드,발라드로 모든 것을 해결하기.
헝거게임: 노래하는 새와 뱀의 발라드,메력적인 캐릭터와 무색무취의 캐릭터의 빈약한 빌드업 끝에 다다르는 얕을 수 밖에 없는 클라이맥스
헝거게임: 노래하는 새와 뱀의 발라드,초중반 게임의 진행까지의 스토리 전개는 나쁘지 않았지만 후반으로 갈수록 아쉽다
헝거게임: 노래하는 새와 뱀의 발라드,새와 뱀의 하모니를 완성하는 여러 장치들과 장면들
헝거게임: 노래하는 새와 뱀의 발라드,시리즈의 주인공인 헝거게임이 부제목스럽게 느껴졌다.
헝거게임: 노래하는 새와 뱀의 발라드,이걸 보고 본작을 보면 됨.
헝거게임: 노래하는 새와 뱀의 발라드,원작 팬들을 위한 서비스 작품인 것 같은 느낌 영화의 재미에 비해 흥행을 못한 것이 아쉽다.
헝거게임: 노래하는 새와 뱀의 발라드,'눈'은 꼭대기에 내려앉는 법. 세상은 어떻게 스노우를 악인으로 만들었나.
헝거게임: 노래하는 새와 뱀의 발라드,보여주려다 놓쳐버린 짙음
헝거게임: 노래하는 새와 뱀의 발라드,뭔가 생략된 부분이 많지만 헝거게임 시리즈가 영화로 오랜만에 나와서 좋았다
헝거게임: 노래하는 새와 뱀의 발라드,재밌어요!
헝거게임: 노래하는 새와 뱀의 발라드,헝거게임시리즈의 빈약한 스토리를 채워주는 영화
헝거게임: 노래하는 새와 뱀의 발라드,앞내용을 안봐도 이해할수있었다
헝거게임: 노래하는 새와 뱀의 발라드,한정된 제작비를 영리하게 스토리와 엮어내고 그 스토리 역시 종반까지 흥미를 잘 이끌어나가는 맛이 나쁘지 않다.
헝거게임: 노래하는 새와 뱀의 발라드,왜 주인공이 저러지? 싶을 땐 그가 스노우라는 사실을 잊지 말자.
헝거게임: 노래하는 새와 뱀의 발라드,"“파멸로 인해 피어난 눈꽃, 꼭대기에서 만개를 바라본다”"
헝거게임: 노래하는 새와 뱀의 발라드,헝거게임을 봤다면 반가울 프리퀄
헝거게임: 노래하는 새와 뱀의 발라드,헝거게임팬이라면 보면 재밌는 영화
헝거게임: 노래하는 새와 뱀의 발라드,It is the things we love most that destroy us.
헝거게임: 노래하는 새와 뱀의 발라드,기존 헝거게임을 재미있게 봤던 사람으로서 이 편도 재밌게는 볼 수 있었지만 스노우 잡노무새끼의 이야기는 그냥 범죄남의 서사를 들어주는 기분이었다
헝거게임: 노래하는 새와 뱀의 발라드,과하지도 덜하지도 않은 현명한 프리퀄
헝거게임: 노래하는 새와 뱀의 발라드,몰입감이 미쳤고 러닝타임이 길어서 지루한 장면이 있을줄 알았는데 그냥 너무 재밌다
헝거게임: 노래하는 새와 뱀의 발라드,세계관을 계속 넓히되 몰입할 지점을 잃은 프리퀄 읽기
헝거게임: 노래하는 새와 뱀의 발라드,"새로운 시리즈의 서막, 노래가 다했다"
헝거게임: 노래하는 새와 뱀의 발라드,사랑을 떠내며 선의 경계를 넘는 순간
헝거게임: 노래하는 새와 뱀의 발라드,헝거게임 시리즈 중에 제일 날것의 느낌. 어린 스노우 얼굴이 잘생겨서 괜히 마음이 갔지만 시리즈 정주행 다시하면 그 생각 사라짐. 스노우가 사랑한 건 맞지만 언제든 헤어졌을 인연
추격자,4885 너지? 캬~~ 시간이 지나도 잊혀지지 않네요~ 하정우배우님 연기 정말 섬뜩햇어요. 👍
추격자,애초에 선이라는 것이 존재하지 않았던 악과 악의 대결. 세상은 그만큼 악으로만 가득 차있다. 최악과 차악을 구분하는 것이 아무 의미도 없을 만큼. 한 유형의 악(엄중호)으로 부터 ...
추격자,치명적인 사이코패스영화. 하정우의 엄청난 연기는 영화를 보는 내내 그를 증오하게 만든다. 보고나서 가슴의 잔뜩난 기스와 상처로 그득한 여운마저 남게되는 그런영화
추격자,'나홍진' 이라는 괴물의 등장. 어둡고 무거운 분위기를 제대로 살려 몰입도가 최상급이다.
추격자,이 영화는 말도 안되는 판타지다. 엄중호는 이 세상에 없기 때문이다.
추격자,몇번을봐도 지루하지않고 스릴넘치네요
추격자,추격의 동기가 설득적으로 그려지지 않는다. 피해자 재현을 이렇게 했어야 했나? 동의할 수 없다.
추격자,관객을 인질로 잡을 줄 아는 독한 신인의 등장
추격자,야 4885
추격자,강렬하고 거칠고 신선하다
추격자,"쫓고 쫓기는 스릴러의 표본, 일찍 잡혔던 범인과 예상치 못한 흐름으로 몰입감을 주었다. RIP 개미 수퍼 아줌마"
추격자,아직도 한국의 스릴러 하면 떠오르는
추격자,17년이나 지난 영화라는게 믿기지않을정도로 신박하다 하정우배우와 김윤석배우의 연기가 너무나 인상적이고 추리물임에도 특유에 질질끄는 느낌이없어서 좋다 인생영화다
추격자,가끔 너무 보고싶은데 볼 용기가 안나는 영화
추격자,지금의 하정우와 김윤석을 그리고 나홍진을 있게 한 작품 긴장감과 스릴을 즐기다 보면 개미슈퍼 아주머니에 한숨 한번 쉬고나면 끝
추격자,무엇을 따라가였는가
추격자,무능력한 남자가 무능력인 남자를 추격하는 와중에 공권력의 무능력함을 마주한다.
추격자,생각보다 무서운영화
추격자,지독한 리얼리즘이 선물한 강렬한 서스펜스.
추격자,공백과 여백이 없는 대단히 탄탄하고 잔혹한 스릴러.
추격자,끝까지 흥미진진하다.
추격자,"4점 누르면 ""재미있어요""라고 뜨는데 전혀 재미있지는 않다 너무 잘 만들어서 화나고 찝찝한 영화"
추격자,알고봐도 불쾌하고 찝찝한 범인놈
추격자,하정우 살인마 눈빛은 단연 톱인 듯
추격자,서 스 펜 스 .
추격자,소름 끼치는 영화란 이런것
추격자,당대에는 이해할 수 없었던 이유 없는 살인.
추격자,이 영화를 계기로 한국영화에 빠지기 시작했어요
추격자,배우들의 훌륭한 연기력!! 긴장감 넘치는 스토리 !!
추격자,너무 재미있게 봤어요
추격자,끊임없이 휘몰아치는 추격
추격자,4885란 숫자만 들어도 소름 영화관에서 뛰쳐나오고 싶은 순간이 여러번이었다. 하정우의 발견은 이 영화에 있다고 본다. 인간의 성악설을 맹신하게 된 계기가 되었다
추격자,둘이 직접싸우는 것은 두 장면뿐이지만 정말 긴장감 넘치고 잘 만든 작품이다
추격자,망치와 함께 묵직하게 때려눕히는 공권에 대한 분노. 말로 안통하는 세상에서 지키기 위해 날 뛸 뿐 이다.
추격자,"정말 잘 만든 스릴러 영화. 이게 장편 데뷔작이라니, 나홍진은 천재다."
추격자,범인은 초반부터 밝혀진다. 그럼에도 손에 땀을 쥔다. 수작
추격자,보는 내내 심장을 부여잡고 본 영화ㅠ 하정우씨가 이 작품찍고 트라우마가 생길만하다고 느꼇다 미진이의 역할에 너무 몰입이 되어서 한동안 밤에 못 돌아다닐정도로 무서웠던 작품
추격자,스릴러의 서사를 깨버리고 추격한 영화
추격자,안도와 불안함을 오가는 서스펜스의 향현
추격자,큰 액션과 장치 없이 스토리 연기 연출만으로 영화가 끝날때까지 단 한 순간도 긴장감을 놓칠 수 없게 만든 띵작스릴러영화.
추격자,반전이나 속임수가 없어도 사그라들지 않는 긴장감과 몰입감에 숨이 막힐 듯 압도되다.
추격자,수퍼아줌니는 아 그냥 쉿
추격자,처음부터 범인이 잡혔는데도 불구하고 심장 쫄린다.
추격자,하정우 인생 연기.
추격자,연출부터 각본까지 완벽한 한국형 스릴러의 정수
추격자,110601 240210 최고의 00년대 스릴러. 데뷔작인데 각본과 연출 모두 대단하다. 날카롭고 끊임없는 풍자와 배우들의 뛰어난 연기로 흡입력이 좋다. 후반 늘어지는 전개가아쉽다
추격자,집요함의 끝판왕
추격자,이 영화가 나왔을 당시 영화를 본 사람들은 모두 슈퍼 주인 아주머니를 욕했는데 이제서야 이해가 된다.
추격자,이 영화의 가장 무서운 점은 실화 기반이라는 점이다. 긴장감 넘치는 이야기를 더욱 소름돋게 살려낸 작품
추격자,모르던 배우를 알게 래준 고마운작품
인셉션,흠 잡을 데 없는 완성도의 오락
인셉션,개봉한지 10년이 지난 작품인데도 불구하고 지금봐도 전혀 어색하거나 그런거 없이 완벽한작품
인셉션,이게 리뷰가 필요하니? 설마 안본거니!?! 그냥 보시지~~
인셉션,크리스토퍼 놀란 감독의 영화는 감히 예술이라 칭할수 있는 상업영화 걸작이다.
인셉션,대학 교양 과목에 다방면으로 활용하기 매우 좋은 작품. ‘크리스토퍼 놀란’ 그는 천재가 확실하다.
인셉션,어쩌면 여기도 꿈 속이 아닐까
인셉션,개인적으로 신선한 소재였고 잘만든 영화 였다고 생각하는 멋진작품!!
인셉션,재밌는데 결말 아직도 이해못함
인셉션,내 인생 영화 중 하나. 어릴 때는 몰랐는데 지금 보니 라인업 장난 없음.
인셉션,매력적이다
인셉션,일단 끝까지 보고 말하셈
인셉션,교만과 혼란이 혼재하는 세상 속 당신은 오직 당신으로서 설 수 있는가
인셉션,인생작
인셉션,타인의 무의식을 조종할 수 있다는 상상을 스토리로 만들다니! 정말 대단하다
인셉션,그래 드럽게 어렵고 복잡한 건 맞는데 그래서 이 영화가 눈을 뗄 수 없을 만큼 재밌고 흥미롭단 사실을 부정할 수 있는 사람이 있을까?
인셉션,인간의 상상력이란 어디까지 닿을 수 있을까. 어디까지가 현실이고 어디까지가 상상인가. 마지막까지 혼란스러웠으나 그 또한 이 영화가 던지는 이야기였음을.
인셉션,꿈이라는 캔버스 위에 흐르는 놀란의 물감
인셉션,이야기에 연출이 덧입혀지는 인셉션.
인셉션,놀란 감독 최고의 플롯과 거대한 유니버스 구상
인셉션,아직도 보는데 여전히 재밌다. 꿈에 관한 얘기를 할때 지금까지 빠지지 않고 등장하는 영화
인셉션,"긴 서사의 빌드업보다, 빠른 장면전환을 택했음에도 중첩에 중첩을 이어 더욱 길고 커다란 빌드업을 만들었을 때의 카사르시스란! 감탄할 수밖에, 동의할 수밖에 없는 놀란블록버스터 정점"
인셉션,크리스토퍼 놀란 감독의 상상력은 항상 모두를 놀라게 한다.
인셉션,이런게 영화구나..
인셉션,말해 뭐해!? 내일 무조건 극장으로 달려가야지.
인셉션,다시 태어나도 이런 영화는 없겠지 여러 번 볼 수록 더더더 좋은 영화
인셉션,4DX 재개봉 덕분에 다시 영화관을 찾았는데 4DX효과를 떠나서 정말 이런 상상력이면 애니메이션에서나 가능하지 싶은 장면들이 실사로 구현되었다는거 자체가 정말 재감상해도 대단하다.
인셉션,"혹시, 탈출 불가한 이 현실은 나의 림보가 아닐까…"
인셉션,"<인셉션>, 꿈과 영화 사이를 침투하다"
인셉션,"2시간 넘는 러닝타임 내내 지루하지 않게 만드는 것만으로도 박수를 치고 싶다. 평소 생각을 어떻게 해야하는지, 과거 트라우마를 어떻게 대해야하는지 생각하게 하는 것은 덤."
인셉션,후회하지 못할 임무를 주는 영화
인셉션,저번에 다운받아서 봤던 인셉션을 다시 재개봉해서 극장에서 보게 되었다. 상영관이 꽤 많아서 다행. 다시 봐도 내용이 어렵지만 긴장감 장난아니고 몰입해서 본 영화...
인셉션,몇번을 돌려 봤음에도 짜릿해! 늘 새로워! 내가 생각하는 영화 역사상 최고의 설계는 단연 인셉션이다
인셉션,크리스토퍼 놀란은 놀란이다
인셉션,오락영화의 완결
인셉션,꼬이고 또 꼬인 플롯. 놀란은 플롯의 마술사가 틀림없다..
인셉션,와우
인셉션,다시봐도 완벽한 인생영화!!
인셉션,고기는 씹을수록 맛이난다. 인셉션도 볼수록 맛이난다.
인셉션,얽히고 설킨 시공간을 가지고서 관객을 현혹시키는 꿈 같은 놀란의 걸작.
인셉션,꿈같이 예술적이면서도 오락적인 면도 챙긴 작품
인셉션,몇 번이고 볼 수 있는
인셉션,백 번 봐도 백 번 재미있는 영화.
인셉션,완벽한 영화
인셉션,어쩜 이런 생각을…
인셉션,크리스토퍼 놀란이 창조한 SF 장르의 신세계. 경이롭다.
인셉션,그냥 보세요.
인셉션,인생작 꼭들봐
인셉션,이게 10년전 영화라는게 믿기지가 않음 사이토 존나 멋지다고..❤️❤️ 마지막에 죽는줄 알고 좀 슬펐다
인셉션,소재가 참신했던 영화
인셉션,재미와 흥미 그 이상의 무언가 있는 놀란의 영화
헌트,뼈아픈 현대사 위에서 목숨을 건 빤스 벗기기
헌트,다소 충격적인 감독 데뷔작
헌트,스피디있는 액션과 긴장감까지 다 잡은 영화!
헌트,VANS
헌트,이토록 빼어난 짜임새 있는 각본. 몇 번을 다시 봐도 계속 놀랍다. 각본과 함께 차곡 차곡 쌓아 올려지는 내러티브와 시퀀스가 너무 즐겁다.
헌트,"전쟁의, 독재의 역사 속에서 다르지만 같은 목적을 위해 싸우는 두 남자가 있었다."
헌트,.
헌트,진짜 재밌음. 내용도 재밌고 얼굴도 재밌고 카메오들도 재밌음. 이정재씨는 꼭 감독해줘요.
헌트,어디서 본듯한 구성과 다른 작품 속 캐릭터와 닮은 연기.
헌트,자막의 필요성을 느낀 영화. 다소 부족하게 느껴진 서사. 하지만 전반적인 연출과 플로우는 훌륭한 영화.
헌트,"압도적으로 잘 짜여진 각본과 인물의 감정선, 연출 모든게 군더더기 없이 만들었다."
헌트,서당개 3년이면 풍월을 읊는다더니 연기를 저 정도하면 웬만한 감독보다 뛰어난 연출을 할 수 있구나
헌트,잘생긴 얼굴에 잘생긴 정신이 깃든다
헌트,배우라는 게 잊힐 정도로 치밀하고 노련한 데뷔작
헌트,배우들이 다 연기를 잘해서 몰입감이 좋아요
헌트,때깔도 몰입도 성공적이었던 액션물
헌트,완벽한 스토리 연출 배우들의 연기까지 최고의 조합
헌트,전반전에 잡아 먹을듯 치열하게 슈팅날리더니 후반전에 갑자기 친해져 똥볼차네.. 액션이란 msg로 포장한 근대사..별로일 꺼라는 선입견이 있었지만 보니 나쁘진않다..
헌트,추리 모티프의 착실한 구현.
헌트,재미있게 봤습니다
헌트,생각 못하는 반전의 반전 영화
헌트,이정재 배우의 첫 감독 데뷔작인게 믿기지가 않는다 영화에 집중하게 하는 힘이 큰 영화라 생각한다 러닝타임 내내 한 순간도 다른 생각을 할 수 없었다
헌트,"당시를 다르게 기억하는, 바라보는 시선이 융합된 유려한 이야기"
헌트,진정한 한국식 첩보 액션
헌트,세련된 연출과 배우들의 신들린 연기력 덕분에 장르적 클리셰스러운 장면일지라도 이야기를 끝까지 뻔하지 않게/자연스럽게/ 긴장감있게 끌고 가는 장치 역할을 제대로 해낸다.
헌트,긴박한 느낌과 아슬아슬한 느낌의 조합..쫄깃한 영화
헌트,다시금 깨닫는 과거의 추악함
헌트,이정재의 감독으로서의 행보를 기대하게 한다.
헌트,자막 넣어주세요 제발 2022.08.30 서면 cgv 관람
헌트,기대 이상으로 긴장감이 넘치고 스케일도 커서 흥미롭게 봤다. 유명한 카메오들도 많이 등장해서 반가웠다.
헌트,호들갑 만큼은 아니지만...
헌트,헌트
헌트,뻔하디 뻔할 줄 알았는데 뻔하지 않고 오히려 모든 것에 탄탄함이 담겨있는.
헌트,방법은 다르지만 같은 목적을 가진 두 남자의 팽팽한 줄다리기
헌트,"차갑고 어두운, 하지만 강렬했던 현대사에 픽션을 가미하고 숨 쉴 틈 없이 강하게 밀어붙인 독보적인 첩보 액션 영화."
헌트,지루한 틈 없이 재미있게 현대사를 풀어냈다
헌트,영화 보고 나오니까 정우성 이정재 결혼식 하객이 되어 있었어요
헌트,내 인생작이 배우들때문에 망했다니..
헌트,"유일하게 허락된 국가 권력이 행사하는 폭력에 대해 생각해보게 된다, 그리고 그 폭력을 행사했던 악랄한 그들이 지금은 고통받고 있길 마음 깊이 바라본다."
헌트,맞물려 있는 관계들이 세밀한 감정묘사와 살 떨리는 긴장감과 함께 역전되며 돌아가다 다소 힘없게 주저앉는다
헌트,한국 근현대사와 한국적 클리셰를 픽션답게 훌륭하게 비틀어낸 수작.
헌트,한국 현대사를 관통하는 평화와 바른 길 + 액션과 시나리오가 기대이상이다! + 옆자리는 무슨 2시간 내내 실시간 영화해석 하고있어서 힘들었음 😭
헌트,의욕이 조금 넘치지 않았나..
헌트,재를 뒤집어쓴 자들도 끝내 사냥하지 못했던 80년
헌트,굉장히 오락성 짙은 각본에 잘 정돈된 연출. 분명히 아쉬운 부분이 있지만 절대 몰입에 방해될 정도는 아니다. 슈퍼스타의 짬밥 가득한 감독 데뷔작.
헌트,검은색 근현대사의 압축과 분출
헌트,속도감 있는 전개로 역사의 아이러니를 잘 버무리다.
헌트,생각보다 재밌었다. 의외다. 이정재는 다음영화도 과연 잘만들수 있을까? 각본 감독 배우 라니
헌트,데뷔작이란 게 믿기지 않을 정도의 완성도. 팩션으로도 액션물로도 좋다. 감독으로서의 이정재를 다시 한번 보고 싶다.
헌트,"완벽히 상극이었던 둘, 어쩌면 닮아있을지도"
1917,영화를 잘 모르는 내가 봤을 때는 진짜로 한방에 다 찍은 줄 알았었다.. 하하.. 촬영 대단하네~
1917,Tree to tree
1917,"처절한 전쟁 속에서, 한 남자를 영웅으로 만든 것은 훈장도 장군의 명령도 아닌 바로 옆 전우였다."
1917,요란한 빈수레
1917,영화의 서사가 비로소 관객의 서사가 될 때
1917,한 인간의 인생에서 중요하지 않은 순간은 없다
1917,전쟁의 참상을 롱테이크 기법으로
1917,촬영 기법이 신기해서 몇몇 장면이 인상 깊긴 하나 몇 번 이상은 볼 수 없는 전쟁 영화. N차는 지루했음
1917,"기나긴 여정, 언제나 전쟁은 잔인함을 느낀다."
1917,데칼코마니의 전장을 달리는 애매한 이유
1917,1917 IMAX
1917,극장의 존재 이유를 알려주는 영화.
1917,시체 위에 피로 쓴 서정시
1917,국내 개봉이 생각보다 늦어서 조바심 났던 작품. 몰입도가 엄청나고 마음을 울린다. MX관에서 봐서 더 감동적이었다. 손에 땀을 쥐게 하는 긴장감. 조용하면 더 긴장되고 음악이 ...
1917,한줄평 - <레버넌트: 죽음에서 돌아온 자>보다 훨씬 더 처절하다
1917,그저 완벽한 롱테이크
1917,"샘 멘데스와 로저 디킨스, 각자의 분야에서 최고작."
1917,아이맥스로 봐야하는 영화. 롱테이크가 미쳤음.
1917,"1917/4/6 금요일. ""블레이크. 한 명 데려와. 군장 챙기고"" 이 첫 장면부터 사로잡혔다. 체리, 우유, 여인, 아기가 은유하는 감동! 샘 멘데스. 2019. 5.0."
1917,비주얼로 표현하기 힘든 1차 세계대전을 감독의 영양역으로 극에 몰입하게 만든다.
1917,끊기지 않는 참호의 향기
1917,때론 느닷없이 발걸음을 멈출수 없는 순간이 찾아온다
1917,저 흐름이 끊기면 죽는다....
1917,개인적으론 라이언일병 구하기 이후 최고의 전쟁 영화. 덩케르크와는 조금 다른 느낌으로 더 좋았다.
1917,오로지 삶을 위한 죽음으로 향한 전력질주.
1917,일말의 휴식을 위해 그는 어디를 돌아 왔는가
1917,정교한 연출과 함께 1차대전의 참상 속으로.
1917,전장의 참혹함을 단순하고 재미없는 스토리로 생생하게 잘 그려낸다.
1917,목적만을 뒤쫓는 여정
1917,사실적임과 영상미 그리고 아이멕스
1917,"<1917>, 샘 멘데스가 되찾으려는 로즈버드"
1917,[백열] 1917
1917,전쟁영화에 힘 쓴 영화 오랜만에 보는거 같았습니다 약간 미션수행하는 게임 보는 기분도 들어서 앞으로 더 현실적인 영화가 나오길 희망하게 되는 작품이네요
1917,시체를 넘고 넘어 꼭 전해야 할 말이 있다
1917,1차 세계대전에 영국군 보병으로 참전한 한 청년이 있었다. 그의 이름은 존 로널드 루엘 톨킨. 톨킨은 전쟁으로 인해 대부분의 친구들을 잃었고 40여 년 뒤 자신이 겪었던 참호전과 ...
1917,블레이크와 스코필드의 좆뺑이.
1917,1917이 황금종려상을 받지 못한 이유를 모르겠다
1917,그의 시선을 따라가다 보면 내가 바로 그 전장에 있다
1917,"아아, 다시 선 이 땅엔."
1917,또 다른 비극을 막기 위한 여정을 관객도 함께 체험한다.
1917,죽음의 현장에서 찾는 삶을 위한 길
1917,처절하고 절박했던 그곳으로 간다.
1917,전쟁의 참혹함과 신의를 지키려는 전우의 맘을 과장되지 않게 하지만 긴박감있게 풀어냈다.
1917,"원 컨티뉴어스 샷의 극도의 몰입감과 생생한 플롯, 웅장하고 거룩한 연출로 모두를 사로잡은 그 자체로 이미 완벽한 마스터피스"
1917,영화 1917 리뷰
1917,보세요.
1917,전쟁영화는 내 취향이 아니다
1917,.
1917,영화가 관객들에게 어떤 경험을 선사할 수 있는지 단적으로 보여주는 작품. 롱테이크를 동적으로 사용한다면 얼마나 사실감이 넘치는지 보여준다. 전쟁을 체험하는 느낌이 들기까지...
1917,수미상관의 구조가 '돌아오라'는 가족애를 극대화한다.
미성년 ~미숙한 우리들은 서투르게 진행 중~,미완성에서 완성을 향해 나아가는 미성년의 이야기. 불안해 하지마라는 말 한마디는 파도에 휩슬리지 않고 단단한 방파제가 되어줄 것 같은 믿음을 준다
미성년 ~미숙한 우리들은 서투르게 진행 중~,원작이 생각나지 않을 정도의 완벽한 각색 시즌2를 기대하는 마음이 안생길정도로 완벽한 마무리..(그래도 나와줬으면 해) 정말 내가 두번 다시 이런 작품을 볼 수 있을까.. 최고임
미성년 ~미숙한 우리들은 서투르게 진행 중~,나의 이상적 비엘 너뮤 좋았다 내용도 비주얼도 다만 한가지 끝나고나서 FOD에 스페셜 에피 독점한다는거 왜 알려줌? 겁나 보고싶은데 우회못해서 못보는데.. 아악 ㅠㅠㅠㅠ
존 오브 인터레스트,보여주지 않고도 다 보여주는 섬뜩한 실화.
존 오브 인터레스트,"#🌺 모든게 계획대로 되돌아가던 와중에, 문득 헛구역질이 올라온 이유는."
존 오브 인터레스트,존 오브 인터레스트
존 오브 인터레스트,담 너머로 들려오는 총성과 비명소리는 영원히 날 괴롭힐 것.
존 오브 인터레스트,실화라니 믿을수없다
존 오브 인터레스트,우리의 낙원은 무관심이라는 담장 안에서 지어진다
존 오브 인터레스트,작품의 의도와 사운드는 알겠지만 너어어어어어무 지루했다
존 오브 인터레스트,홀로코스트에 대한 가장 도발적인 영화
존 오브 인터레스트,"아름다운 시각, 잔혹한 청각, 역겨운 육체."
존 오브 인터레스트,모든 장면에 아우슈비츠 모습이 상상된다.
존 오브 인터레스트,소리에 집중해야 해요. 시작부터 마지막 엔딩크레딧까지 소리가 중요해요. 끝나고 해석 찾아보면 더 좋아요. 자막이 다른 영화보다 작아서 극장에서 볼땐 가까이서 보는게 좋아요.
존 오브 인터레스트,"시각적, 청각적 정보 제시를 통한 간접적인 묘사로 악의 평범성을 드러내는 좋은 영화이지만...이를 풀어내는 방식이 지루하다"
존 오브 인터레스트,눈앞에서 치워둔 잔혹함이란 얼마나 외면하기 쉬운가 차별이든 환경파괴든 전쟁이든 그저 내 알고리즘에 코박고 사는 요즘 세상과 뼛가루로 꽃을 키워낸 그들의 정원이 뭐가 다를까
존 오브 인터레스트,잔혹한 것들이 자연스런 일상이 되고. 아름다운 것을 보여주지만 그렇지 못한 소리를 들려주고 전달한다.
존 오브 인터레스트,"사운드, 대사, 화면 하나라도 놓치지 말것! 잔인한 장면 없이 소름돋는 영화! 그러나 좋은 영화라고 다 재밌지는 않은 법!!!"
존 오브 인터레스트,평생 엔딩크레딧 곡과 같은 그들의 비명과 아무것도 쏟아낼 수 없는 지독한 헛구역질의 반복 속에서 나른한 일상을 보내며 구원 불가능할 너의 악의 평범성을 입증하길 바라.
존 오브 인터레스트,의미없는 장면들의 연속 이런걸 영화라고 부를수 있을까?
존 오브 인터레스트,"사운드와 절제된 연출을 통해, 잔인한 역사를 오히려 더 깊이 느끼게 한다"
존 오브 인터레스트,너무 쫀쫀하고 딱딱해서 씹다 씹다 헛구역질 난다. 끝 10분이 압권. 인간 말종에 대한 현란한 탐구의 극명한 사례. 조나단 글레이저. 2023. 4.0
존 오브 인터레스트,눈과 귀를 막는다면 당신도 악인이 될 수 있다.
존 오브 인터레스트,"벽을 둔다, 영화를 보는 우리도 마찬가지"
존 오브 인터레스트,그들만의 낙원. 눈과 귀만 막으면 없는 것이 되는 것인가. 우리는 사회에 대해 무관심인가 혹은 무지한가.
존 오브 인터레스트,"누군가에겐, 떠나고 싶지 않은 낙원. 담장 너머 누군가에겐, 차라리 미치는게 나을 지옥. 분명 보지 않았는데, 선명하게 보인 끔찍함."
존 오브 인터레스트,역사 비극의 창백한 담시. 영화는 이렇게 또 한걸음 진보하는 듯.
존 오브 인터레스트,올해 본 영화 중에 제일 역겨운 공포 영화
존 오브 인터레스트,보이지 않는 다고 해서 볼 수 없는게 아니다 하지 않았다 해서 안한게 아니다
존 오브 인터레스트,눈에 보여지는 천국 귀로 들려오는 지옥
존 오브 인터레스트,"아름다운 산수 속 괴로운 아우성이라는 괴리 악이 평범해지면 사회가 악에 무뎌져가지만, 사람의 내면엔 악을 토해내고자하는 본능적 관성이 있기에."
존 오브 인터레스트,180° 밖 가장 높은 장벽과 가장 어두운 심연.
존 오브 인터레스트,평온한 이미지와 섬뜩한 사운드를 교차하여 무심한 악행의 극단을 응시하다.
존 오브 인터레스트,평범한 어느 가족의 이야기. 그리고..... 모두에게 평등한 색조차 얻지못한 담장 밖의 어느 누군가. 무채색이 되어야 그곳을 벗어날 수 있는 ‘그소리’의 주인공들의 이야기
존 오브 인터레스트,악은 평화롭고 권력자는 우아하다. 선은 치열하고 약자는 절박하다. 그리고 악은 지루하다.
존 오브 인터레스트,영화 형식의 전시 예술을 본 것 같은
존 오브 인터레스트,재해로 세탁되어 풍경으로 건조되는 가해
존 오브 인터레스트,내 인생 잘 살고 싶다는 마음에서 비롯된 헛구역질 나는 합리화
존 오브 인터레스트,보이지 않는 악의 소리에 치솟는 역겨움을 부여잡고(4.0)
존 오브 인터레스트,"과거의 보고 듣지 못하는 것, 현재를 듣고 보지 않는 것"
존 오브 인터레스트,"그곳에는 꽃과 음악, 그리고 어둠만이 있었다. 아니, 지금도 여전히 이곳에."
존 오브 인터레스트,"보이는 것 만이 모든것이 아닐 때, 들리는 것도 유심히 듣고 들어야 보이는 구박과 살상의 현장"
존 오브 인터레스트,미지와 모호는 예술의 가장 큰 축.
존 오브 인터레스트,일상의 벽을 넘어 넘실거리는 그 거북한 공기.
존 오브 인터레스트,영화는 너무나도 평온하지만 나는 너무나도 끔찍한 전쟁의 소리를 보았다.
존 오브 인터레스트,잊지 않겠다는 절규가 내 고막을 찢을 때
존 오브 인터레스트,울타리 안에서 지켜본 세상에서 가장 잔인한 세계
존 오브 인터레스트,"잔인한 연출 하나 없이 무섭게 느껴지기란 어려운데, 이 영화가 그걸 해냄.."
존 오브 인터레스트,"들리지 않는 비명, 보이지 않는 공포"
존 오브 인터레스트,B 잔인한 장면 없이 잔인한
존 오브 인터레스트,믿고 보는 칸 심사위원작.. 그 와중에 조나단 글레이저의 10년만의 신작이라니?!
존 오브 인터레스트,잊지 말아야 할 것.
존 오브 인터레스트,.
지시결혼적관계,유치하고 역대급 항마력 필요한 드라마지만 이전에 본 니급아적희환 둘 케미가 너무 좋아서 계속 보게됐어요 왕옥문 왕자기 케미 굿..
지시결혼적관계,유쾌한 로맨틱 코메디
지시결혼적관계,이 드라마를 보려고 한 게 아니라 니급아적희환 때문에 왕자기-왕옥문을 보려고 한 것. 그것만 보면 됨.
지시결혼적관계,유치해 유치해
지시결혼적관계,꽉 막힌 해피엔딩 클리셰 범벅....재밌다..
지시결혼적관계,시간있을때 가볍게 볼만한 로맨스 드라마
지시결혼적관계,"유치하지만 사랑스러운, 왕자기 왕옥문과 사랑에 빠질 수 밖에 없는 드라마. 조심스레 장담해보는데 드라마 속 절대 이혼 안할 것 같은 커플. 다만 서브커플 노잼 주의. 가볍게 보기"
화양연화,만남에 끝이 있을 것은 알았지만 마음이 이토록 오래 머물줄은 미처 몰랐지.
화양연화,가끔씩 특별한 걸 하지않아도 심장을 훑고 지나가는 작품이 있는데 이 영화가 그렇다 호텔에서 려진을 기다리다가 벨이 울리자 아주 잠깐 입꼬리가 올라가던 모운의 표정이 잊혀지지 않는다
화양연화,화양연화
화양연화,외설적인 장면이 없음에도 불구하고 섹시한 작품이다.
화양연화,짧은 순간이 가져다주는 긴 여운을 계속 되뇌이다.
화양연화,어른들은 다 명작이라는데.. 난 모르겠다. 술을 처음 먹을 때는 왜 먹는지 모르는 것처럼 이 영화는 나에겐 아직인 것 같다.
화양연화,화양연화가 화양연화했다.
화양연화,뿌연 창문 너머로 본 그때의 우리는 첫 만남부터 생생하게 숨막힌다. 때때로 엇갈림은 사랑보다 아름답다.
화양연화,화양연화:인생에서 가장 행복한 시기
화양연화,분위기와 색감에 압도당하고 젊은시절 찬란했던 그들의 모습은 황홀하고 치명적이다..
화양연화,단 한 장면도 아름답지 않은 것이 없는 압도적인 미장셴이 모든 것에 설득력을 부여해낸다.
화양연화,60년대 홍콩과 함께 사랑에 대한 아네모이아를 느끼게 해주는 영화
화양연화,섬세한 미장센으로 영화사를 수놓은 왕가위 감독의 걸작
화양연화,"몰랐다. 그들의 엇갈림조차 서로에 대한 사랑이었다는 것을. 인생의 가장 아름답고 찬란한 시절은 아무도 모르게 시작되었고, '화양연화' 나도 모르게 이 영화를 좋아하게 되었다."
화양연화,어떤 영화는 사람을 매혹한다.
화양연화,왕가위 느낌의 정수
화양연화,함께 지낸 시간이 서로의 인생에 있어서 가장 아름다운 시기로 기억될 것이다. 사랑이라는 선을 넘지 않았기에 비로소 화양연화로 일컫을 수 있게 됐다고 생각한다.
화양연화,왕가위의 아름다운 불륜이란 이런것
화양연화,진짜 그들 처럼 영화가 내 마음 속에 스며든다.
화양연화,나도 모르게 시작되어 누구도 끝맺음 지을 수 없던.
화양연화,"중경삼림보다는 감흥이 덜했지만, 그럼에도 직관적이고 마술적인 장면들. 왕가위는 거울 장인."
화양연화,"분위기, OST, 스토리 모두 완벽. 분명 불륜인데 마음이 먹먹해지는 사랑. 배우자들도 바람났는데 이들이 사랑에 빠지면 안 될 이유는 없다. 다만 사랑이 아니어야 할 사랑일 뿐."
화양연화,"불이 있어도 마셔야 불이 붙는 담배같은 사랑, 말 없이 우아했던 아지랑이만 그립게"
화양연화,"사랑할 수 없기에, 사랑할 수 있는 순간들이 인생에서 가장 아름다웠다."
화양연화,아름답다. 미장센. 그리고 사랑.
화양연화,유명한 것엔 이유가 있는 법... 이 좋은 걸 지금 처음 봤다는 게 이해되지 않는다. 내년 겨울이 되면 다시 생각날 듯
화양연화,왕가위 감독 특유의 미장셴 돋보이는 불륜을 힙하게 만든 영화. 최애 영화
화양연화,그들은 처음부터 사랑했다. 이유가 없는 사랑이었다.
화양연화,"제대로 시작하지못한것은, 제대로 끝맺지못한다"
화양연화,뭔 내용인지 파악이 안돼요 틈만 나면 무드 있는 척 브금 쫘악 들어가서 머릿속엔 물음표만 가득
화양연화,.
화양연화,끝내 맞닿지 못한 심장 소리
화양연화,눈이 맞은 그 순간부터 우연아닌 필연으로
화양연화,홀로 있는 것을 이렇게 이쁘게 담을까
화양연화,불현듯 엄습하는 농밀한 감정
화양연화,아름다운 영상미와 절절하게 다가오는 사랑
화양연화,왕가위와 양조위
화양연화,2024/9/4 cgv/재관람
화양연화,음악이 흐를 때마다 더 가까워진 서로의 심장 소리. 하지만 이별했기에 더 바랜 추억이 되었다.
화양연화,"사랑, 그 미묘한 분위기를 스크린에 담아내다."
화양연화,사실 보면서 감정선 이해를 잘 못했다 그래서 보면서 졸았다 나중에 나이들어서 보면 이해가 될지 모르겠다
화양연화,나의 아름다움에 대한 기준이 의심스러워지는 수많은 평가들
화양연화,"인생에 어떤 시간은 그렇게 특별하게 느껴지는 때가 있다는 것을, 영화가 시간의 예술이라는걸 새삼 실감하게 해주는 영화."
화양연화,영상미와 분위기가 압도한다. 명작이라고 불리는 것들은 다 이유가 있다.
화양연화,"왕가위 감독 특유의 감각적인 영상미와 세련된 연출이 돋보이는 작품. 몽환적 분위기, 섬세한 카메라 워크, 강렬한 색감 등이 어우러져 1960년대 홍콩의 분위기를 효과적으로 전달한다"
화양연화,붉은색
화양연화,사랑은 그 분위기만으로도
화양연화,찬란하던 그 시절이여
화양연화,닿을 듯 말 듯 닿지 않는
화양연화,"애절한, 다시 만날 수 없는 끝사랑을 예술적 샷으로 담아냈다"
