﻿movie_title,review
눈물의 여왕,결혼후 다시 사랑한다는 건.. 부디 이들에게 해피엔딩이길
눈물의 여왕,얼굴이 미장센이고 얼굴이 서사인데 뭐가 더 필요하단말인가
눈물의 여왕,"소문난 잔치라서 와보긴 했지만, 배우들이 다했네. 스토리나 연출이 매력적인지는 잘 모르겠음. 앞으론 요약짤로 봐도 충분하다고 생각한다. 비틀어도 클리세는 클리세구나."
눈물의 여왕,배우와 연기는 좋은데 아직까진 극이 아쉽. 김수현 겨드랑이 애교 긔여웠긔
눈물의 여왕,표절없으면 뼈만 남는 박지은
눈물의 여왕,김지원만 보임 캐릭터에 완전 찰떡! 후반부 제발 잘 이어나가길
눈물의 여왕,슬픈 드라마일 줄 알았는데 김수현님 혼자 코메디 해 주는 드라마였는데... 점점... 실망스럽다가... 엔딩에서는 정말 짜증이 났다... 역시 한국 드라마 엔딩이 아쉽다.
눈물의 여왕,오랫만에 보는 눈이 훈훈한 드라마
눈물의 여왕,진짜 이 드라마보고 후한 점수 준다는 건 이해 불가.. 노잼이고 무슨 드라마가 설득을 줘야 하는데 고구마 1억개 먹는 느낌을 뭘까? 단지 출연자보고 드라마 보는 건 실망스럽다
눈물의 여왕,표절작품을 고급으로 포장해둔
눈물의 여왕,눈물의 여왕은 나였나..
눈물의 여왕,김지원+김수현의 연기가 다했다 로코에서 연기대결을 볼 줄이야!!
눈물의 여왕,5화정도까지는 훌륭했다 시간이 지나고 다시 보고 싶은 작품이 있고 시간이 지나도 다시 보고싶은 생각이 전혀 안드는 작품이 있는데 이 작품은 명백히 후자 연출과 스토리의 멸망...
눈물의 여왕,"스토리만 보면 유치한 로맨스. 하지만 배우들의 연기와 비주얼은 빈 서사를 매우다 못해 세기의 로맨스를 완성. 두 사람, 이렇게까지 연기를 잘했었나..."
눈물의 여왕,표절작을 굳이.
눈물의 여왕,재미있다 김수현배우님의 연기는 진짜 짱 스토리가 부디 고구마가 아니길
눈물의 여왕,얼마나 빨리 달리느냐보다 얼마나 잘 멈추는지가 중요하다는걸 뒤로 갈수록 개판되는 드라마를 보니 절절히 느낀다. 배우들만 열일하네.
눈물의 여왕,"김지원은 쌈마이웨이 , 태.후로 이미 반대되는 캐릭터에서 오는 기대감이있었는데 이번건 전작도 물론그랬지만 이쁘기까지함 김수현은 별그대와 사이코지만ㅡ등 울려야한다는 말이 다시한번 백"
눈물의 여왕,사랑해서 결혼하는데 결혼 하면 사랑을 안하는 이 세상 수많은 커플들에게 익숙함에 소중함을 알려주는 드라마
눈물의 여왕,단지 출연자보고 드라마 보는 건 실망스럽다
눈물의 여왕,어디서 본 듯 한 서사가 이제는 짜증이 날 듯
눈물의 여왕,눈여로 올 한해 행복했어요
눈물의 여왕,대사 한마디 한마디가 와닿아서 울다가 웃다가 오랜만에 잼나게 봄 반전에 반전 아놔 작가님 너무 하심
눈물의 여왕,엔딩 장면은 아쉬움이 남지만 이외에 배우님들의 연기는 압도적이었습니다 2024 최고의 드라마!!
눈물의 여왕,솔직히 유치했음.. 박지은 작가는 김수현 김지원에게 백번 절하십쇼..
눈물의 여왕,단편적인 서사와 억지 전개에 갈수록 매력이 떨어진 드라마
눈물의 여왕,간만에 울고 웃으며 본 로코. 근데 어째 갈수록 연기력을 대본이 못따라가는 것 같음.. 배우들 연기는 다 넘 좋습니다
눈물의 여왕,두남녀 주인공이 다 한 드라마 얼굴도 연기도 예술
눈물의 여왕,외로워도 슬퍼도 나는 안울어..남성 캔디의 탄생
눈물의 여왕,비주얼이 재미져요
눈물의 여왕,이 착품을 몇번이나 봤는줄 몰라요 제 인생드라마입니다 김수현 배우님 쵝오
눈물의 여왕,뒤로 갈수록 힘이 빠지는 아쉬움은... 주인공 얼굴보는 낙으로...
눈물의 여왕,"극 초반 흥미와 배우들의 케미, 연기가 다 했지만 마지막 갈수록 서사와 설정이 아쉬움. 그 격차가 너무함"
눈물의 여왕,스토리가 이토록 엉망인데도 인기작이 된다는 게 놀라움 배우 연기에 기대는 안일함의 끝
눈물의 여왕,의문점 2가지. 역대 시청률과 제목의 의미
눈물의 여왕,개연성...
눈물의 여왕,이젠 신데렐라가 혼수 마련해 오셔야 합니다. 3회 보다가 하차.
눈물의 여왕,우리가 함께 흘린 눈물로 써 내려간 기적의 궤적.
눈물의 여왕,초반에 재미있게 봤는데 재벌집 시골로 도피한 뒤로 모든게 달라졌어
눈물의 여왕,너무 재밌음..
눈물의 여왕,어쩌면 드라마로 익숙할 수 있는 이야기마저 새롭게 만드는 주조연 배우의 캐스팅과 연기합
눈물의 여왕,"박지은 오랫만에 절었다,, 늙어버린 김수현도 안쓰럽"
눈물의 여왕,배우드늘이 다 했지만 재밌다
눈물의 여왕,"이게 재미있다고? 진짜? 볼거는 배우들뿐... 스토리, 연출 멸망수준..."
눈물의 여왕,Best K-drama 2024
눈물의 여왕,Perfect
눈물의 여왕,새로운 것은 없다
눈물의 여왕,내용은 별로지만 배우들의 연기는 좋다.
눈물의 여왕,10회까지 재미있었던 것같다 그 후론 그 내용 보는 게 스트레스였다 배우들의 비주얼 연기력이 아까웠던 드라마 이 배우들 아니면 안봤을텐데
눈물의 여왕,Good
아가씨(확장판),박찬욱의 화면과 조영욱의 음악은 탁월한 조합 + 박찬욱 변태력 만땅(여러모로)
아가씨(확장판),"러닝타임이 길어졌지만, 늘어지는 파트가 거의 없이 이야기의 깊이와 감정선만 깊어졌다."
아가씨(확장판),"박찬욱감독의 영화는 볼때마다 감탄이 나온다. 눈에 보이는 의상, 배경, 인물, 연출과 대사와 분위기 모두 잘 짜여진 예술작품같다. 이시대에 그의 작품을 볼 수 있는게 그저 고맙다."
아가씨(확장판),시간이 흘러 다시 보니 보이는 여러 요소들...김태리와 김민희가 아니었으면 안 되는 영화라고 생각한다
아가씨(확장판),능글능글한 조진웅과 하정우의 연기가 아름다운 배경과 미스매치되면서 영화는 더 재밌어진다
아가씨(확장판),도파민 충전에 딱 좋은 자극적 영화
아가씨(확장판),그들의 여정은 완벽했다
공동경비구역 JSA,분단의 현실에 고통받는 건 왜 늘 평범한 사람들일까
공동경비구역 JSA,“한국형 웰메이드” 영화의 시초작. 박찬욱이라는 천재감독의 화려한 등장. 우정이 넘을 수 없는 이념의 끝은 처참하다.
공동경비구역 JSA,이병헌 송강호 박찬욱 그리고 신하균 최고였다
공동경비구역 JSA,이데올로기가 윗사람들이 아닌 평범한 일반 서민에게 미치는 영향은 뭘까? 그것 때문에 죽고 죽일 정도로 중요한걸까...
공동경비구역 JSA,"눈을 감고하는 파티, 뜨고 나니 높은 절벽 위에서"
공동경비구역 JSA,비극은 언제나 갑자기 찾아온다
공동경비구역 JSA,분단이라는 허상이 가지고 온 허허로운 비극.
공동경비구역 JSA,아름다웠기에 비극적이다. 대중성과 작품성 어느하나 빼놓지 않은.
공동경비구역 JSA,결말은 계속 여운이 남는다.그게 몇년 일 지라도
공동경비구역 JSA,미니멀한 배경으로 남북 분단의 아픔을 담은 동화같은 이야기.
공동경비구역 JSA,굳건한 안보태세 확립.
공동경비구역 JSA,이 작품의 마지막 앵글이 영화의 모든 것을 말해준다.
공동경비구역 JSA,메인 디쉬(복수 3부작)를 만들기 위한 에피타이져인데 메인 디쉬 못지 않다.
공동경비구역 JSA,난 왜 박찬욱 창작 영화 보다 왜 리메이크작이 더 좋은 걸까? 공동경비구역 JSA와 올드보이는 진짜 잘 만든 리메이크
공동경비구역 JSA,사진 한 장에 담긴 스릴 넘치는 우정
공동경비구역 JSA,"이념인가, 우정인가."
공동경비구역 JSA,남북 영화 중 한참이 지나도 꼿꼿히 선두를 유지한다.
공동경비구역 JSA,김광석의 이등병의 편지를 군에 가기전에 엄청 불렀을 시기에 이데올로기 척인 북한소재로한 영화로 재미도 스토리도 감동까지 다 있는 선뭁같은 영화
공동경비구역 JSA,이념 갈등 속에서 벌어져버린 허무한 비극들
공동경비구역 JSA,한국 영화사에 길이 남을 명작. 분단의 아픔과 인간의 보편적인 가치를 담은 작품.
공동경비구역 JSA,극단에 닿은 사람들의 선택은
공동경비구역 JSA,"'형제는 무슨 우린 적이야"" 20여년이 흐른 지금 형제애는 하나도 남지 않았다."
공동경비구역 JSA,.
공동경비구역 JSA,지금 다시봐도 명작이다.. 박찬욱의 시작!
공동경비구역 JSA,선을 타고 넘나드는 비극
공동경비구역 JSA,송강호가 쪼코파이를 입에 넣었다 뱉어내는 장면이 잊히지 않는다
공동경비구역 JSA,저들이 뭔 죄가 있다고
공동경비구역 JSA,우리 나라에서만 가능한 이야기. 초코파이 먹고 사이다를 먹어야 하는데 어딘가 꽉 막힌 상황. 잘 표현했다.
공동경비구역 JSA,"상관없어요, 내가 좋아서 선택한 실패니까. 지금의 나에게 꼭 필요한 한 마디. 그리고 이 감탄만 연발하게 되는 미친 영화는 무얼까."
공동경비구역 JSA,투박하지만 강력한 메세지
공동경비구역 JSA,군대 소재 영화 중 가장 좋았던 작품.
공동경비구역 JSA,한국영화의 전성기가 공동경비구역을 기점으로 시작된 것이 아닐까
공동경비구역 JSA,8월에 개봉한<육사오>가 많이 생각났지만 <육사오>보다 어둡고 거칠다
공동경비구역 JSA,잿빛의 현대사를 관통하는 비극의 서글픈 색채.
공동경비구역 JSA,"주변인의 시선에서, 당사자들의 시선, 그리고 주변인들의 책무."
공동경비구역 JSA,감각적인 연출과 대중성까지. 박찬욱의 위대함을 새삼 다시 느낀다.
공동경비구역 JSA,이데올로기를 뛰어넘은 휴머니즘
공동경비구역 JSA,익살스러움 안에 날카로운 비수.
공동경비구역 JSA,역대급 걸작이다 우리는 정말 가깝지만 선 하나에 의해 아주 멀어졌다. 아무리 친해도 적이란 현실
공동경비구역 JSA,깊은 우정이기에 상처도 깊다.
공동경비구역 JSA,20여년 전 VCD 구린 화질로 처음 보고 나름 띵 했던. 이병헌과 이영애가 아니었다면 어땠을까? 송강호는 송강호였다.
공동경비구역 JSA,생각없이 봤는데 乃
공동경비구역 JSA,최고의 엔딩
공동경비구역 JSA,작은공간 큰세상 제작비 많이 필요없는 각본의힘 엄청난영화
공동경비구역 JSA,같은 한민족이지만 결국 우리는 적이라는 비극적인 현실
공동경비구역 JSA,재밌게 봤습니다.
공동경비구역 JSA,안타까운 우정 영화.
공동경비구역 JSA,송강호 이때부터 정말 좋아하는 배우
공동경비구역 JSA,"21세기를 여는 박찬욱의 분단희비극, 보는 내내 마음이 무겁다"
공동경비구역 JSA,"총을 잡은 사람이 누구인지, 총구가 향하는 사람이 누구인지 중요하지 않는 전쟁 배경 영화"
28주 후,역시 가족은 피를 못속인다.. . 2019 CGV CAV 기획전.
28주 후,오프닝 시퀀스만 보고 끄셔도 좋습니다. 이후 장면부터는 분노 바이러스 유발주의.
28주 후,다소 조용하게 흘러가던 전편과는 다르게 시작부터 영화는 급박하고 폭력적인 모습을 보여줬다. 보는 내내 끔찍하다기보다는 어쩐지 화가 나던 영화였다. 그래서인지 영화는 <28일 후>가...
28주 후,종합 점수로는 전편을 능가한다.
28주 후,"킬링타임 좀비 영화, 오프닝부터 키스까지 인상깊다"
28주 후,극한의 상황을 맞이한 인간이 내리는 판단은 28주가 지나도 무섭다
28주 후,아새끼들......
28주 후,개연성 밥 말아먹는 발암 남매의 생존기. 28년후를 위한 징검다리
28주 후,솔직히 전작만 못함. 하지만 퀄리티 좋은 좀비영화였음. 또 인간이 제일 큰 빌런이지..ㅋㅋㅋㅋㅋ 결말이 암울한거 또한 흠이다ㅠㅠ
28주 후,렌즈와 시계
28주 후,이 모든 불행이 용서와 화해의 키스에서 시작되었다니...인류를 위해 나는 절대 개인적 원한을 잊지 않으리
28주 후,인류 역사상 가장 멍청한 키스.
28주 후,아니 제레미 레너 살려내
28주 후,.
28주 후,영화를 감상하는 내내 하루종일 붐비는 런던 주요 관광지들을 촬영할때 어떻게 사람 한명도 없는 황량한 분위기를 연출했을까하는 궁금증이 들었다
28주 후,28일 후와는 같은 좀비 바이러스만 다뤘을 뿐 시리즈라고 할 수 없을 것 같다. 그냥 좀비 바이러스를 다룬 그렇고 그런 비슷한 영화.
28주 후,4.0
28주 후,한 줄기 빛을 보기 위해 최악의 시나리오로 달려가는 인물들.
28주 후,영화도 괜찮지만 오프닝은 정말 좋다.
28주 후,후속작이기에 아무리 객관적이려 해도 전작과의 비교는 불가피하다. 소재와 시도는 매우 좋았지만 무슨일이 일어나고 있는 것인지 계속 스스로에게 물어야 했던 현란함에 흥미를 잃었다.
28주 후,먼곳을 보기위해 앞을 보지 않겠다는 그 공포
28주 후,"1편에 비해 많은 걸 시도해보려 했지만, 그만큼의 성과는 못 거둔 후속편."
28주 후,이게 왜 도대체 3.8인건지 설명좀 해주실분??? 저 아새끼 하나때문에 영국이 망하고 유럽대륙에 좀비가 창궐했는데 보고도 안빡치다니 이거 본사람들은 다 보살인가
28주 후,볼만?
28주 후,좀비영화에서 이정도면 아주 훌륭하다거 생각한다 그리고 브금이 진짜 지나치게 너무너무 최고임..
28주 후,28일 후랑 너무 헷갈려
28주 후,이렇게 빠른 감염속도의 좀비는 처음이다..
28주 후,의심자는 격리의무를 지켜주세요
28주 후,본인만 모르눈 민폐
28주 후,"그동안 수 많은 좀비 영화들을 봤지만 그 중 가장 인상적이고 마음에 들었던 최고의 시퀀스를 하나 꼽으라면, 망설임 없이 28주 후의 오프닝 시퀀스를 고를 것이다."
28주 후,"촬영, 음악 감독은 나가있어, x지기 싫으면."
28주 후,28일 후 보다 스케일만 커지고 대부분이 퇴화함
28주 후,오프닝에서 전달된 분위기와 좌절감이 끝까지 이어지지 못했다.
28주 후,역시 좀비영화는 피튀기고 봐야한다
28주 후,좀비영화치곤 수작.
28주 후,인간이 극한 상황에서 살아남기 위해 가장 먼저 버려야하는 것 : 인간성
28주 후,28개월 후는 언제?
28주 후,잘 만든 영화
28주 후,좀비영화의 교과서라 불리는 작품이지만 대략적인 스토리만 좋을 분 디테일한 개연성을 따져보면 물음표가 너무 많은 작품. 무서운 거 같긴하다.
28주 후,제목만큼이나 스케일이 커진 28주후의 세상은 더욱 더 아비규환이 되어 있었다.
28주 후,같은 세계관이지만 엄밀히 말하면 다른 인물들이 연기하는 다른 영화인데 그래서 그런지 몰라도 영화를 전개해나가는 부분이나 캐릭터묘사가 너무도 많이 본 클리셰로 가득찼다. 그래도 어느...
리볼버,어둡고 묵직하게 주인공 하수영의 스토리를 버석한 마음으로 따라가다 보면 하나둘씩 마주하는 살아있는 캐릭터들의 연기파티에 시간가는줄 모르고 집중하게 된다. 웃음포인트는 약간의 덤.
리볼버,집에서 봤으면 보다가 바로 껐을 영화 .
리볼버,걍 집에서 tv 보는게 나을 듯...평점 잘 준 사람들 혼자는 못 죽는다...뭐 그런건가..ㅋㅋ
리볼버,블랙코미디 같은 리볼버~ 찌질한. 연기에도. 급이 있다는걸. 알게해준. 영화 !!! 👍
리볼버,보다가 깜빡 잠들었다 깨보니 옆자리 사람들은 이미 탈주 완료
리볼버,진짜 스토리 별로고 특히 결말이 최악. 올해 본 영화 중 가장 별로. 곧 무료영화 뜰듯 ;;;
리볼버,열심히 깔아놓은 잔칫상 메뉴가 라면일 때 느끼는 감정
리볼버,지창욱의 재발견. 코믹과 느와르가 적절히 어우러져 코믹 느와르의 대표작이 될거같은..
리볼버,"무뢰한보다 편하게 볼 수 있고, 어렵지 않게 느껴지는 연출. 하지만 감독의 색깔은 분명히 들어가있다. 전도연을 제일 잘 살릴 수 있는 건 오승욱 감독인듯..."
리볼버,무게만 잡다가 끝나버리네 젠장
리볼버,진지한 농담을 장전한 영화
리볼버,"마지막에 묵직함이 툭 던져지는 영화. 간간히 피식피식 실소 터지는 재미가 있음.배우들의 색다른 얼굴, 연기 최고👍"
리볼버,잔잔하게 흘러가는데 어느새 끝나있네... 시간가는줄 모르고 봤어요😆
리볼버,기억에 남는 장면이 없어서 한줄평에 쓸 말도 없다.
리볼버,무게감 없는 최종 보스. 행동 동기를 알 수 없는 NPC 캐릭터들. 빌런이라고 하기도 어이 없는 너무나 허술한 빌런들. 총체적 난국. 코미디라고 하려 해도 안 웃김
리볼버,<화란>의 느낌과 뭐라 형용할 수 없는 색의 코와르(코미디+느와르)
리볼버,하고싶은건 많은데 능력이 매우 부족했던 영화.
리볼버,"군더더기 없이 깔끔한 영화. 불필요한 이야기는 모두 지우고, 불필요한 잔혹성과 액션에 치중한 장면도 지워서 전도연의 이야기가 잘 보인다."
리볼버,이정재의 역할이 대단합니다 특출이 특출이 아니네요 전도연과 임지연의 연기가 대비되어 더더욱 빛나는 느낌입니다.
리볼버,연기의 향연을 보다보면 두시간 순삭~~우정출연배우분들 보는 재미는 덤
리볼버,믿고 보는 전도연의 영화. 영화가 한없이 무거워질 때쯤 지창욱과 김준한의 찌질한 연기가 웃음을 줍니다. 영화 속 임지연은 너무 답이 없고 사랑스러워요. 미워할 수 없는 인물!
리볼버,리볼버
리볼버,얼굴들의 향현 .. 연기들이 정말 후덜덜합니다.... 와....이런건 큰 스크린으로 봐야 절대 후회 안합니다.
리볼버,연기의 향연~~재미요소로 웃음 한바탕!!결말 아쉬움 !!!
리볼버,한국 느와르의 새로운 개척. 대문자T로서 적당히 가볍게 깔끔하게 볼 수 있는 꽤 괜찮은 엔딩.
리볼버,보는 동안 살짝 부끄러움을 느낀 영화..
리볼버,"제목, 연기, 톤, 연출 따로 노는 가운데 충무로 어셈블."
리볼버,전부 주인공 급인데...영화를 이따위로 만들었네~
리볼버,"기대했던 하드보일드한 범죄극은 아니었지만, 캐릭터 보는 맛이 좋았던 영화"
리볼버,리볼버 | 돌고 도는 탄실을 대화와 미장센으로 장전하다
리볼버,부패한 인간성의 끝을 보여주는 가장 완벽한 서스펜스
리볼버,장르가 뭔지 영점을 제대로 잡아야 즐길수있다. 블랙 코미디 군상극으로 본다면 그럭저럭
리볼버,"""웃겨요? 웃겨?"" 응 보다보니 우습더라..."
리볼버,재미있는데 왜 재미없다 하는지 모르겠다. 시작부터 끝날 때까지 집중해서 보게 된다.
리볼버,진짜 5점 준사람들 지인이세요? ㅎㅎ
리볼버,틈을 주는 느릿한 느낌이 좋았고 쌔고 강하기보다 웃픈 느낌이 나는 더 좋았던 것 같다
리볼버,전도연보다 임지연이 빛난 영화.
리볼버,묵직하다. 후반이 조금 아쉽지만 집중도 있게 보았다.
리볼버,러시안 룰렛 같은 자극을 기대하진 않았지만 클라이맥스 마저 오발처럼 느껴진다
리볼버,전도연은 오승욱 감독의 전술에 가장 걸맞는 선수.
리볼버,개그캐로 느와르 찍기
리볼버,방금봤는데 너무 지루하다 액션씬도 하나없네 임지연 영화임 나머지는 영 내용부실
리볼버,어디서 봤던걸 배우의 힘으로 끌고는 가는데 아쉽다.
리볼버,믿고 보는 배우들의 연기력과 개그 요소들 모두 좋아서 영화 보는 시간이 빠르게 지나갔다 특히 임지연과 캐릭터의 무드가 너무 찰떡이었음 !
리볼버,감정액션 영화. 한방이 부족하지만 여운은 남김.
리볼버,향수뿌린 미친개 앤디~하찮고 찌질하고 거기에 코믹까지 다잡은 연기 말모ㅋㅋ 여름에 시원하게 웃으면서 볼수있는 영화^^
리볼버,긴장감 넘치는 영화 재밌게 봤습니다 믿고 보는 배우들 👏👏
리볼버,시간 순삭 영화입니다.
리볼버,가오 챙기느라 알맹이가 없음
리볼버,"연기 차력쇼🔫넉살 좋은 앤디👍 🎞️드디어 개봉👏🎬 완전 대박 기대돼~♥ ️ 강렬한 복수극, 어떤 전개가 되는 건가요? 배우분들의 변신이 가장 기대됩니다."
해치지않아,코카콜라 먹는 북극곰이 너무 웃김ㅋㅋㅋ
해치지않아,뻔하고 유치한 부분도 있지만 그래도 꽤 재밌게 봄
해치지않아,으쌰 으쌰 할수있다
해치지않아,극한직업을 상상했다면? 흠.....
해치지않아,"괜찮은 출발, 아쉬운 뒷심"
해치지않아,기발한 발상에 비해 너무 넘치지 않아
해치지않아,그냥 저냥 소소한 웃음거리
해치지않아,영화적 허용과 개그가 불쾌한 지경에 도달했다. 차라리 북극곰이 걸어 다니는 다큐멘터리를 보고 싶어진다.
해치지않아,농담 삼아서 이렇게 하면 재밌겠다 정도의 소재가 장편영화로 만들어지면 벌어지는 일
해치지않아,뻔하고 지루하다는 것이 너무나도 큰 결점.
해치지않아,재미가 없는 건 아닌데 루즈한 부분도 없지 않은 애매모호함.
해치지않아,뭔가 조금 부족해서 아싑다
해치지않아,해치지 않아서 그걸로만 다행인 영화
해치지않아,그냥 저냥 볼만함.
해치지않아,귀여운 전여빈
해치지않아,후반에 탈선에다 전반적으로 개연성이 어긋난다
해치지않아,나름 재밌게 봤습니다.
해치지않아,너무 해치고 싶은 영화
해치지않아,아쉬운 마무리.
해치지않아,개쌉쌉쌉노잼쓰레기영화
해치지않아,너~무 유치한 소재인데 신기하게도 안재홍배우 봐서라도 자꾸 웃게되는 미스테리한 영화
해치지않아,말도 안되는 어이없는 설정이라고 생각하시죠? 저도 그랬습니다...;
해치지않아,탈 씌워야 될 사람 빼고 다 씌웠어
해치지않아,처음부터 몰래카메라인걸 눈치챘지만 정성을 봐서 어쩔 수 없이 속아주는 느낌.
해치지않아,참신한 맛은 중반 이후를 못 넘기더라...
해치지않아,유치찬란... ^^ 그런데 왜 난 이걸 보고 있었지? ㅎ
해치지않아,소재만큼 과감했어야할 코미디
해치지않아,.
해치지않아,메시지 만으로도 충분한 영화
해치지않아,결말이 다 망침
해치지않아,뻔하지만 과하지는 않았고 소소하게 웃기기도 했다
해치지않아,2020-02-08 / 될성부른 나무(늘보) <전여빈>
해치지않아,동물처럼 연기하는 동물원 컨셉은 신박했지만 어쨌든 그들은 악당들을 물리치고 사랑도 하면서 행복하게 살았답니다
해치지않아,너무나 무해한 플롯과 인물들
해치지않아,배우들 연기는 웃기려고 지나치게 오버하지 않아서 좋았는데 영화의 전체적인 톤은 더 만화스럽게 과장된 연출이 더해졌으면 훨씬 재밌었을것 같단 생각이 든다.
해치지않아,잔잔하게 웃기다
해치지않아,"상생의 가치는 인정하지만, 조금 포장이 과한 부분도 찾아 볼 수 있다. 해프닝의 구현은 좋지만 인물들 각자의 마무리가 미흡하고 어색하다."
해치지않아,"무리하지 않는 잔재미와 메시지, 그리고 무딘 엔딩."
해치지않아,웹툰원작으로 스토리는 괜찮지만 기대와 달리 많이 웃기지는 않은.
해치지않아,문제의식을 강조하기 위해 끝까지 밀어붙이지 못한 코미디.
해치지않아,심심해서 시간 때우려고 별생각 없이 틀었는데 다 보고 나면 여러 가지 생각을 하게 만드는 영화
해치지않아,원작을 벗어나려는 몸부림과 무너지는 분위기(1.5)
해치지않아,극한직업이 빵! 이라면 이 영환 '피식'도 못한 것에 불과했다. 극장에서 본걸 아직도 후회한다.
해치지않아,비싼 유기농 재료로 끓인 싸구려 맹탕.
해치지않아,소재는 참신하다
해치지않아,아싸리 동화처럼 확 꺾지 그랬나.. 싶음.
해치지않아,중반까지는 좋았는데...
해치지않아,담백하게 메시지를 전달하는 순박한 동물원 동화.
해치지않아,기대 보다 재미있었던 영화
해치지않아,"벌려놓은 아이디어를 거창하게 키워나갔지만, 어떻게 마무리질지 몰라 발만 동동 구르는 느낌을 감출 수가 없다."
너와 나,아무것도 모르고 봤다. 알게되는 순간 모든 것이 떠올랐다.
너와 나,섬세함과 집착 사이 혹은 충분함과 과도함 사이에서 아슬아슬한 줄타기들의 연속에서 하고자하는 이야기는 자명하지만 그랬어야만 했을까라는 질문이 되뇌어진다.
너와 나,내일이면 네가 혼자일 수도 있다는 게 무서워서 오늘 꼭 사랑한다고 말해주고 싶었어
너와 나,"연기,연출,색감,음악이 모두 조화롭고 시너지를 내는 영화입니다!!"
너와 나,여학생을 있는 그대로 표현한 영화를 〈벌새〉이후 처음 봤다. 국민적 트라우마를 안겨준 사건을 가장 덜 무례하게 묘사한 작품.
너와 나,사람의 뇌는 이기적이다. 사랑은 뇌가 '나'의 개념을 확장시키는 행위이다. 이기적인 내가 너가 된 순간 드디어 입밖에 낼 수 있었던 그 말
너와 나,조현철 감독의 가능성을 보여준 작품. 관람 후 꽤나 오래 '사랑해'가 귓가에 맴돈다.
너와 나,그 시절 감성과 감동 그리고 사건을 떠오르게 하는데 완벽한 영화가 여기 있습니다
너와 나,사랑해라고 말해도 끝없이 부족한 작별인사
너와 나,무슨 일 있는 거야...? 다친 건 아니지? 걱정된다.... 미안해... 보고 싶어...
너와 나,"사랑해, 라는 단 한 줌의 단어가 그 모든 비극과 시련과 분노와 증오를 무력하게 만들어 줄 수만 있다면 백 번 천 번이고 하겠어"
너와 나,"아득하지만 깊이 새겨진 그날, 너와의 꿈"
너와 나,하고 싶은 말이 너무 많아서 만들었어.
너와 나,아름다운 꽃봉오리를 보고 나는 울었다. 영영 피지 못할 꽃임을 알았기에.
너와 나,감독의 그 마음은 알겠다.
너와 나,"(5번을 보고난 후, 이제야 쓸 수 있는 리뷰) ‘첫 장면부터 앤딩크래딧까지 모두.’"
너와 나,"너와나... 내가 너일수도 있었고, 네가 나일수도 있었던.. 잘가~이젠 진짜야! 안녕 ~잘가..노을을 볼때면 네생각이 나.."
너와 나,"탄탄한 극본, 탁월한 연출, 정밀한 음악, 똑똑한 카메라, 이 모든 생기를 계속 창조해내는 액팅 앙상블의 극치. ... 그 사고는 정말이지 속상하다. 조현철. 2023. 4.0."
너와 나,사랑으로 성장한 한 아이가 어느새 사랑을 말한다.
너와 나,하은이 세미 모두모두 사랑해
너와 나,'미안해'가 '사랑해'로 바뀌는 그날만을 기다리며
너와 나,깊은 굴곡과 더불어 넘치는 현실감에 여운마저 집어삼키는 재각인
너와 나,같은 나이대의 감정을 좀 느낄 수 있었던거 같아요
너와 나,'기억해' 말고도 못다한 그 말을 원없이 불러보는 미어짐
너와 나,세월호라는 사건의 면면을 사회정치적 이데올로기 이전에 우리가 근본적으로 슬퍼하고 기억해야하는 것이 무엇인지를 세련되게 전달한 작품
너와 나,힘들 때 언제든 내 꿈에 찾아와 나를 위로해줄 영화. 영화를 다 보고나면 사랑으로 가득찬 느낌이 든다. 그 순간 내가 사랑하는 누군가에게 사랑해 사랑해 사랑해라고 말해주고 싶었다.
너와 나,너와 내가 함께한 모든 순간이 소중해.
너와 나,이별 앞에서 찌르듯 아려오는 사랑의 찬란함
너와 나,격앙되고 어리숙해도 사랑할 수밖에 없는 아이들의 순수한 애환.
너와 나,.
너와 나,상처를 헤집지 않으면서도 회피하지 않는다 잠든 귀에 대고 어느 저녁 노을을 닮은 사랑을 나직하게 속삭인다 그럼에도 삶을 이어가야 하는 모든 이들에게 닿길 바라듯이
너와 나,백상예술대상에서 남긴 조현철 감독의 수상 소감이 그대로 스크린에 형상화됐다. 거울에 비친 너의 모습이 나일 수도 있었다는 생각으로. - 27th BIFF
너와 나,"같이 웃고 울고 즐거웠던, 난 너였고 넌 나였어. 사랑해, 정말로."
너와 나,완급조절이 안되는 것까지 노린거라면 인정
너와 나,"흐려진 꿈처럼 체념한 기억처럼 희미해졌지만 선명히 밝고 푸른 단지 하나의 색으로는 그릴 수 없는 사랑받고 싶은 사랑받아 마땅한 모두의 고백, 외침, 속삭임, 이야기, 노래"
너와 나,잔잔하고 애절한 애도의 방식
너와 나,만개한 봄꽃이 너무 찬란해서 더 슬픈 4월 🎗️
너와 나,종반부까지 좀 지겨워지나 했는데 숨겨진내용을 눈치채고는 엄청 울면서 봤습니다 전국민을 오랜기간 마음아프게 했던 그날의 이야기였군요......뭐라 더 말을 잇지못하겠습니다
너와 나,자연광에서 나오는 미숙한 사랑...그러나 사랑은 항상 미숙하다.
너와 나,"너와나 너의나 나의너 사랑해 사랑해 사랑해 안녕, 갔다 올게"
너와 나,설마 설마하다 긴가민가하다 왈칵..
너와 나,“그 날의 이야기들이 물 속 깊이 가라앉으며”
너와 나,사랑해. 사랑해. 사랑해.
너와 나,너와 나를 보고
너와 나,"'너'에게 다가가기 무서워도 용기낸, '나'의 첫걸음의 무게감."
너와 나,공들여 쓰여진 이야기가 담담히 풀어내는 상실하기까지 쌓아가는 찬란한 시간의 잔인함
너와 나,"""사랑해""란 단어 한마디에 느껴지는 수천 수백만 가지 생각과 수천 수백만 가지 감정"
너와 나,"떠난 사람들이 남겨진 사람들에게 ‘사랑해’, 남겨지기 전 사람들이 떠나기 전 사람들에게 ‘사랑해‘"
너와 나,슬프고 아름다웠음
너와 나,떠난 사람과 남겨진 사람 모두가 세월이 흐른다. 세월이 흐를수록 지난 사랑이 그립다. 김시은 배우 필모그래피를 뒤지고 있는 나를 발견 한다
그대들은 어떻게 살 것인가,새엄마는 엄마가 아니잖아
그대들은 어떻게 살 것인가,난해한 아름다움으로 감춘 쿰쿰한 알맹이. '바람이 분다'에 이어 맹목적인 낭만과 성장으로 가해의 역사를 숨기는 중.
그대들은 어떻게 살 것인가,"[그대들, 어떻게 살것인가] 코멘트"
그대들은 어떻게 살 것인가,어떤 말을 하고싶은지는 알겠는데 일본이 그러니까 초반부터 팍 식음... 군수사업하고..아내여동생이랑 결혼한 아버지... 일본은 왜 자꾸 전쟁때 자기들도 힘들었다고 우는소리하는거지
그대들은 어떻게 살 것인가,"모순으로 격동하는 세계에서 자신의 그림자를 들여다본 소년, 비로소 앞으로 나아가다."
그대들은 어떻게 살 것인가,한번 봐서는 뭔 말인지 잘 모르겠는데 두번 보고 싶진 않은..
그대들은 어떻게 살 것인가,"화재로 어머니 잃은 주인공은 패망하는 일본을 대변한다. 그는 아파하고 슬퍼하지만, 지나칠 정도로 당당하고 떳떳하다. 패전의 아픔은 세기되 전범국의 흔적은 덮어버린 일본 그 자체다."
그대들은 어떻게 살 것인가,어지럽고 혼란한 세상 속에서 나는 어떤 돌을 쌓으면서 살아나갈 것인가 생각해볼 수 있었습니다.
그대들은 어떻게 살 것인가,감독이 스스로에게 던진 질문을 제목으로 만들고 감독의 답을 애니메이션으로 표현
그대들은 어떻게 살 것인가,"되풀이되는 혐오의 시대를, 그대들은 어떻게 살 것인가"
그대들은 어떻게 살 것인가,이 난해함을 그대들은 어떻게 받아들일 것인가
그대들은 어떻게 살 것인가,"전반부와 후반부가 완전히 다른 영화다. 1부가 자전적인 고전 일본영화의 궤를 가면, 후반부는 미야자키의 작품세계를 관통하는 요소들이 우리를 반긴다. 올해의 영화 중 한 편."
그대들은 어떻게 살 것인가,낭만을 빙자한 애니메이션의 노망
그대들은 어떻게 살 것인가,스토리는 노답 부족한 점이 많음 하지만 지브리 감성이 확실했기에 3점 ost와 작화는 완벽
그대들은 어떻게 살 것인가,"✍️그대는 무엇을 말하고 싶었는가 [불친절한 난해함과, 알 수 없는 의미들의 조화. 그래서 어떻게 살라는건지..]"
그대들은 어떻게 살 것인가,좀만 더 상업적으로 만들어 줬으면 하는 아쉬움이 남음 더 많은 사람들이 봤으면 해서
그대들은 어떻게 살 것인가,"다른 지브리영화보다 불친절한 건 맞지만, 그냥 따라가다보면 빠져들어 즐기다가 어느새 파란 화면이 나오는걸 보며 아쉬워하게 된다."
그대들은 어떻게 살 것인가,인생을 뒤흔드는 사건을 어떻게 받아들이고 어떠한 마음으로 걸어 갈 것인가
그대들은 어떻게 살 것인가,"""손으로 그리는 이세계 '지브리'가 무너지면, 생명을 불어 넣는 '애니메이트'는 앞으로 어떻게 살 것인가?"" 허나 밀덕이자 반전주의자인 그의 말년은 화려한 독버섯처럼 보인다."
그대들은 어떻게 살 것인가,우리의 세상은 정말 우리가 선택하는 대로 변하니까.
그대들은 어떻게 살 것인가,의미있는 작품. 곱씹을 수록 좋은 작품은 맞으나 성인 관람객과 아동용 애니매이션 사이에서 방황 대중성면에서 실패. 어렵다는 평이 많아 아쉬움.
그대들은 어떻게 살 것인가,어제보다 더 나은 우리가 되기 위해.
그대들은 어떻게 살 것인가,신비롭고 뭉클하다. 미야자키의 또다른 신세계!
그대들은 어떻게 살 것인가,"그(미야자키 하야오)는 돈을 위해 영화를 만들었다면, 그는 그의 목소리를, 그의 말을 위해 본작을 만들었다.난 그 목소리가 좋았다"
그대들은 어떻게 살 것인가,역겨운 일제시대 배경과 군국주의로 패망한 일본 밖에 안보이고 그저 역겹고 난해한 작품
그대들은 어떻게 살 것인가,타오르는 고통의 흉터를 각자의 방식으로 메워 극복하고 각각의 모습으로 재생하여 찬란히 날아가는 불사조 무리를 만나다.
그대들은 어떻게 살 것인가,“너만의 탑을 쌓아 가거라”
그대들은 어떻게 살 것인가,장인의 골몰한 고민과 고백에 하릴없이 빨려든다.
그대들은 어떻게 살 것인가,관객 스스로 생각하고 답을 찾아야 하는 삶의 질문
그대들은 어떻게 살 것인가,"마히토는 그만의 방식으로 성장하고 있었고, 스스로의 우주가 된다."
그대들은 어떻게 살 것인가,그의 역사가 그려낸 은유의 자서전.
그대들은 어떻게 살 것인가,난 이 영화를 이해 못했다. 사는 데는 지장 없을 것 같다.
그대들은 어떻게 살 것인가,무수히 많은 이들의 노력 속에 태어났음에도 고난 속에서 삶을 보내고 있다 생각하는 이들에게.
그대들은 어떻게 살 것인가,전범국이면서 피해자인척 지림
그대들은 어떻게 살 것인가,"'전후' 약70년간 쌓아올린 거장의 탑, 관통하는 화살같은 질문. 모든 걸 이해할 필요는 없다. 생과 사, 전쟁과 평화, 예술과 기술 그사이 우리의 삶이 이해 가능한 것이었나"
그대들은 어떻게 살 것인가,너무 난해하고 이 세계관에 흥미를 가지지 못하겠다.
그대들은 어떻게 살 것인가,뜻과 의도는 명확하나 매듭을 짓는 과정이 횡설수설해 결국 난해한 느낌을 준다.
그대들은 어떻게 살 것인가,악의 속에서 빛을 어떻게 이을 것인가에 대한 하야오의 절절하고도 따스한 잔소리. 🐦 🚪
그대들은 어떻게 살 것인가,지브리에게 있어선 마치 어벤져스이자 엔드게임이다.
그대들은 어떻게 살 것인가,조금 난해하긴 했지만 이런 상상력과 작품에서 느껴지는 감정들이 좋았다. 다 보고나니 해석하지말고 느껴지는 감정을 너만의 메세지로 간직하라는 것 같은 묘한 울림이 돈다.
그대들은 어떻게 살 것인가,나 울고있더라....
그대들은 어떻게 살 것인가,"'그대들은 어떻게 살 것인가'라는 질문에 대한 대답이 궁금해서 보게 되었던 영화, 미야자키 하야오는 어떻게든 '너답게 살아라'라고 말하는 것 같다."
그대들은 어떻게 살 것인가,엄마를 잃고 삶을 포기한 듯한 아이가 새엄마가 된 임신한 이모를 받아들이고 삶의 이유를 찾아 떠나는 모험. 이지만 너무 난잡하다.
그대들은 어떻게 살 것인가,아쉽다
그대들은 어떻게 살 것인가,엄마 잃은 아이의 거친 성장통을 시공간 넘나드는 판타지로 보여준다. 혈연에 의존한 각성이라는 벽을 넘지 못해 큰 한계에 갇혔다. 미야자키 하야오. 2023. 3.0
그대들은 어떻게 살 것인가,질문을 던지는 영화는 많다. 그러나 그것이 '그래서 뭐 어쩌라고'가 되면 안된다.
그대들은 어떻게 살 것인가,어떻게 살아야 할지 ……중간부터 안 긍금해졌다. 그대들은 안물?
그대들은 어떻게 살 것인가,"익히 아는 지브리 문법대로 술술 흘러가긴 하는데 무슨 의미인지, 그래서 어떻게 살라는 건지는 잘 모르겠다."
그대들은 어떻게 살 것인가,역사를 잊은 민족에겐 미래가 없다. 자기반성은 전혀 없었으며 앞으로도 할 줄 모르는 섬원생이들..
그대들은 어떻게 살 것인가,보고 무슨 내용이지.했지만 계속 생각나던 영화 지브리 감성 가득하고 모션리나 움직임이 너무 좋았다
그린 북,60년대 미국 남부 여행을 위한 아픈 지침서
그린 북,온갖 기시감도 문제가 되지 않는 '그들'
그린 북,그린 북
그린 북,두 배우가 제대로 살려낸 두 남자의 특별한 우정
그린 북,나의 최애 영화. 셜리 박사에게서 배우는 품위와 용기. 백인 토니에게서 배우는 강인함과 우정. 부부의 사랑과 가족의 의미를 일깨워 주는 작품. 셜리 박사는 너무 멋진 사람!
그린 북,"가벼운 스토리 속 무거운 역사, 인간성에 대한 따뜻한 희망"
그린 북,따듯한 영화 입니다.
그린 북,경계선의 사람들
그린 북,분명한 수작
그린 북,놀라지 마시고 감독의 이름과 필모는 영화 끝나고 확인하세요.
그린 북,"인종차별이 즐비하고 난무하던 시절, 두 남자의 시대와 인종을 초월한 특별한 우정"
그린 북,"Thank you for ""sharing"" your husband with me."
그린 북,문화를 뛰어넘는 재치와 우정
그린 북,'잘' 만든 영화지만 '좋은' 영화라고 하기엔 고개를 갸우뚱하게 되는.
그린 북,가장 섹시하게 인종차별(물론 흑인만ㅋㅋ) 대한 얘기를 꺼내는 영화
그린 북,"비고 모텐슨의 폭풍먹방처럼 잘 넘어가는 스토리의 완급조절, 점잖으면서 할 말 다 하는 마허샬라 알리같은 유머와 메시지."
그린 북,결국 '백인'의 회고담
그린 북,‘크리스마스 로드무비’라는 장르를 하나 만들고 싶을 만큼! 새로운 캐롤을 찾은 듯 하다.
그린 북,케미스트리
그린 북,양극단의 사람이라도 소통을 하면 친구가 될 수 있다.
그린 북,어느 한 쪽에 치우치지 않는 연기와 각본이 만나 진정성 있게 다가온다.
그린 북,보고있으면 그냥 기분이 좋아지는 크리스마스 케잌 같은 영화.
그린 북,보길 잘한 영화. 괜찮치만은 않은 이야기에 배우들의 명연기가 더해져 시대상황과 버무려진 캐릭터들이 눈에 확확 들어옴.
그린 북,"개인적으론 인종차별은 치유되지 않는 병이라고 생각한다 의식해야만 가까스로 ‘척’할 수 있고, 친구가 되어보지 않고는 그 정도를 가늠할 수 없다"
그린 북,"잔잔하게 흐르는 이야기에 뇌를 맡겨도 좋다. 미국 흑인인권과 인종차별 역사를 그린 여러 영화들 사이, 좋은 영화 목록에 포함되어도 좋을 완성도. 다만 동양인이 보기엔 아직 불편함."
그린 북,그린북에는 나오지 않는 인종을 넘어선 우정
그린 북,6년이나 지나고 나서야 우연히 보게 된 영화지만 올해 본 영화 중 최고의 영화로 꼽고 싶습니다 다가오는 크리스마스에 아주 어울리는 내용이라는 생각이 드네요 잘 봤습니다
그린 북,자산이 얼마나 편협하고 편견 덩어리인지를 가르쳐 주는 잔잔한 감동의 영화입니디.
그린 북,완벽한 박자감
그린 북,"작품상 까지 받을 영화인가 싶지만, 가슴아프고 치욕적인 역사를 유쾌하게 그려낸 작품"
그린 북,.
그린 북,틀림이 아닌 다름을 이해하기란
그린 북,어쩌면 지금 사회가 봐야 할 영화.
그린 북,눈 뗄 틈을 주지 않는 서사 구조가 일품
그린 북,"거볍게 한번, 집중해서 한번, 생각나서 한번 보게되는 영화"
그린 북,결국 피부색은 중요하지 않았다
그린 북,교육차원에서 다들 봤으면
그린 북,인종차별을 바탕에 둔 두 남자의 우정 이야기
그린 북,점점 서로를 이해해가면서 깊어지는 버디물 오랜만에 봐서 재밌었어요~~
그린 북,사람의 마음을 움직이려면 ‘용기’가 필요해요
그린 북,"연기와 음악적 연출, 무엇보다 재치와 함께 중심을 잃지않는 각본의 매력은 인종을 넘어 누구나 고민할만한 부분을 만들어준다."
그린 북,진중함과 가벼움의 매력적인 조화
그린 북,"서로에게 있어 충분히 셜리다웠고, 충분히 토니다웠던 현대판 ‘관포지교’. ‘색안경’ 고르기에 몰두해 있기에는, 인생이 너무 짧으므로."
그린 북,"어려웠다는, 암울하다는 그 때에도 따뜻함은 있었으니."
그린 북,세번이나 봤지만 여전히 재밌고 감동적입니다. 아라곤과 블레이드의 우애는 또 다른 세계관의 융합입니다.
그린 북,차별을 극복한 연대. 그들이 보여주는 품격.
그린 북,차별의 다양한 층위를 바라보게하는 인물간의 구도가 좋았디
그린 북,담백한 연풀과 지루하지 않게 끌고가는 뱌우들을 탄탄한 연기력에 음악이 더해짐
그린 북,"흑인스런 백인, 흑인스럽지도 백인스럽지도 남자스럽지도 않은 흑인, 백인집 성탄파티 찾아온 흑인."
그린 북,인종차별 이라는 주제를 부담 스럽지 않게 풀어내면서 감동까지 잡은 작품
인간중독,"프랑스 영화같은 느낌을 원했지만 기획 미스, 연기 미스, 연출 미스가 합쳐져서 되려 유치해졌다."
인간중독,"가랑비에 옷 젖듯 스며들어 인생을 망치는 중독을 잘 그리긴 했다. 하지만 그 과정이 설득력이 없고 지루하며 단조롭다. '제2의 색계'라는 표현은 <색, 계>에 대한 모독 수준."
인간중독,임지연의 연기와 노출이 너무 아까운 소비같은 영화 송승헌의 무게있는 모습이 영화와 너무 안어울리다 담배밖에 기억이 안나는 연기와 노출이 다야
인간중독,왜이리 평점이 낮은지 이해할수 없는 영화
인간중독,남자는 여자를 사랑하는데 여자가 남자를 사랑하는지는 모르겠다. 위험한 사랑에 빠진 두 남녀의 이야기가 잘 느껴지지 않는다. 매혹의 순간은 탁월하다. 하지만 이야기가 따라가지 못한다
인간중독,"장인어른의 마지막 말이 생각난다. ""병신같은 새끼"" 나도 모르게 내 삶에 스며들어 내 인생을 말아먹는 중독에 대해서는 제대로 표현하긴 했다."
인간중독,임지연 스타일링이 예쁘다
인간중독,인간중독이 맞나? 연기... 흠....
인간중독,조연들이 연기를 잘하면 뭐하나.....
인간중독,더 이상 나의 레토나를 과거와 같이 볼 수 없을 것 같다;;;
인간중독,"불륜은 하면 안되는 일이지만, 누구나 권태기에 설레임이 필요한 시기는 있는것 같다. 그 설레임에 이루지 못할 사랑을 갈망하면서 쓸쓸히 죽어간건 아닐까싶다."
인간중독,왜 그렇게 중독되었나 설득하지도 이해할수도 없다
인간중독,1.5
인간중독,불륜은 나빠요………. 아무리 송승헌님이라해도🥲 뭘 의미하는건지 저로써는 어질어질합니다……😱
인간중독,무엇이든 붙잡고 싶은 결핍된 인간들.
인간중독,옛날배경+신인급 여배우의 정사신+불륜=색계라고 생각했다면...그건 이안 감독에 대한 모독이다...
인간중독,중독보단 집착
인간중독,중독이 아닌 그냥 독
인간중독,발연기의 향연
인간중독,'아직도' 한국에서 이런 영화가 나올 수 있나.
인간중독,.
인간중독,러닝타임 5분짜리 영화. 남자의 일방적인 사랑이 아니었다는 기막힌 반전을 완성하는 여자의 기만적 연기.
인간중독,잘 봤습니다.
인간중독,제목이 가장 그럴듯하다. 주인공들의 비주얼과 예쁜 영상이 아쉬울정도.
인간중독,배드신을 낭비했다
인간중독,불륜에 중독
인간중독,임지연님 너무 좋으다.
인간중독,‘인간’보다 ‘중독’을 강조하니
인간중독,이 영화로 중독은 일어나지 않을듯.
인간중독,중독같은 소리하네
인간중독,로봇연기 잘 봤어요~
인간중독,그리 와 닿는 부분도 없고
인간중독,"이질에 걸려 부인에게 버림받은 아버지의 시체를 일주일간 지키고 내려왔었던 여자, 부하에게 자애로운 지휘관이지만 전쟁휴우증에 시달리는 남자. 품격높은 두 남녀의 쓸쓸해서 아름다운 ..."
인간중독,"김대우 감독의 영화는 늘 전반부에 비해 후반부가, 그 중에서도 결말부가 아쉽다. 이번에도 마찬가지. 작가 시절 집필한 각본들은 안 그랬던 것 같은데..."
인간중독,"1. 이야기. 그동안의 모든 영화들은 김대우 감독이 직접 쓴 오리지날 시나리오였고, 그 시나리오가 어떤 소설이 있는 영화보다 발군이라서 최고의 이야기 꾼이라는 생각이였는데 <인간..."
인간중독,실제 군 부대에서 자랐던 내게는 두 사람의 드라마 외적인 모든 요소가 현실처럼 다가왔다. (특히나 영화에서처럼 장교 아내들끼리의 정치는 상상을 초월한다.) 결말을 미리 써놨고 결...
