﻿movie_title,review
전지적 참견 시점,과연 리얼일까.
전지적 참견 시점,내 밥친구
전지적 참견 시점,매니저들 위주로 하던 과거는 신선했다 매니저가 스타를 케어하고 그들의 직업도 이해하고 이젠 그런게 전혀 없고 게스트들 나와서 홍보하러 나온 느낌
전지적 참견 시점,아직도 이딴게 예능으로 방영하다니 ㅉㅉ 영상만보고 편안하게 앉아서 돈만 버는 예능 안지겹냐? 남 잘사는거 우리가 왜 봐야하는데?
전지적 참견 시점,매니저 이야기가 줄어든 거 같은. 나혼산이랑 별 차이가 없음
전지적 참견 시점,그래서 현재의 전참시가 나혼산이랑 다른 게 뭔가요... 방송의 취지를 완전히 잊은 것 같습니다.
전지적 참견 시점,그냥 좋아하는 연예인의 일상을 볼 수 있으니까 좋은 거 같아여
전지적 참견 시점,이제는 우리가 헤어져야 할 시간
전지적 참견 시점,"처음엔 매니저와의 이야기를 다루더니 매니저는 제보내용만 전달하고 사라지고 이젠 그냥 홍보용 출연으로 전락해버린 먹방,홍보예능"
전지적 참견 시점,이영자가 노이즈마케팅으로 살렸지만 동시에 이영자가 망쳤다
전지적 참견 시점,갠적으로 이영자쌤 너무 좋아해서 매주 보는…
전지적 참견 시점,시간이 지날수록 본듯해지는
고질라 X 콩: 뉴 엠파이어,그래도 간만에 나온 괴수물이라 재밌게 관람했음 ㅎ 팝콘통 챙겨들고 무난하게 볼만한 영화.
고질라 X 콩: 뉴 엠파이어,.
고질라 X 콩: 뉴 엠파이어,괴수들의 포효 소리가 더해지면 더해질수록 점점 더 커지는 스케일과 재미.
고질라 X 콩: 뉴 엠파이어,뒤에 30분을 보기 위해 한시간 반을 기다린듯한. 그래도 그 30분에 만족
고질라 X 콩: 뉴 엠파이어,"자연의 수호자 고질라, 인류의 수호자 콩 그리고 중재자 인간이힘을 합쳐 인류를 해하려는 타이킹을 무찌르는 거대 액션 활극. 기대보다 거대 크리쳐들의 압도감이 약함. 팝콘무비로..."
고질라 X 콩: 뉴 엠파이어,"물량과 스케일로 퍼붓는 액션 총공세, 마침내 결성된 괴수판 어벤져스의 강력한 파괴력!!"
고질라 X 콩: 뉴 엠파이어,고질라x콩 뉴 엠파이어
고질라 X 콩: 뉴 엠파이어,거대한 스케일과 액션으로 단점을 덮는다
고질라 X 콩: 뉴 엠파이어,현질한 유저는 이길 수 없다
고질라 X 콩: 뉴 엠파이어,어디로 가야 할지 명확하게 아는 연출들로 구성된 괴수물의 가벼운 호쾌함
고질라 X 콩: 뉴 엠파이어,분명 괴수 비중도 늘고 액션도 늘었는데..전작 마지막장면같은 시원한 연출이 부족한게 아쉽
고질라 X 콩: 뉴 엠파이어,최종장까지 빌드업은 열심히 해놓고 정작 너무 쉽게 마무리지어 버린것 같아 다소 아쉽다
고질라 X 콩: 뉴 엠파이어,2대2 태그팀 액션 신나게 관전했고 다음 편에는 괴수 30마리가 차례대로 등장하는 로얄럼블 추천!
고질라 X 콩: 뉴 엠파이어,확실한 스케일의 CG. 일단 볼거리는 풍성하니 큰 화면에서 감상하시는걸 추천한다. 타노스의 장갑이나 2대2 팀 플레이 같은 부분도 꽤 재미있었다. 스토리로 보는 작품은 아니잖는가
고질라 X 콩: 뉴 엠파이어,스틸컷보다 더 웅장한 연출력과 액션 몰빵한 볼거리.
고질라 X 콩: 뉴 엠파이어,"고질라 X 콩: 뉴 엠파이어. 제국을 탐하는 자, 벌을 받게 되리라."
고질라 X 콩: 뉴 엠파이어,고질라랑 콩이랑 왜자꾸 엮어 어디에 수요가 있는겨 증말(은 나)근데 자꾸 콩과 같은 종이 되어가는건 아닐까 그들의 감정이 느껴진다
고질라 X 콩: 뉴 엠파이어,짜임새 있는 스토리. 전작 예전에봐서 기억 잘 안났는데 설명도 짧게 해줘서 더 좋았음. 지아의 역할이 엄청 커짐. 배우가 한국계 미국인이고 실제로도 말을 못한다고한다. 재미있었음.
고질라 X 콩: 뉴 엠파이어,KAIJU PORN
고질라 X 콩: 뉴 엠파이어,"고질라와 킹콩과 다른 괴수들이 프로레슬링을 하는 혹성탈출, 그리고 나머진 전부 사족."
고질라 X 콩: 뉴 엠파이어,우정인듯 우정아닌 두 굇수의 태그팀 매치.
고질라 X 콩: 뉴 엠파이어,쌍팔년도 괴수영환데 cg만 좋아진 느낌...
고질라 X 콩: 뉴 엠파이어,고질라와 콩의 포효에 스트레스가 팡!
고질라 X 콩: 뉴 엠파이어,B급이지만 풀팩입니다.
고질라 X 콩: 뉴 엠파이어,콩과 고질라 그리고 미니콩 셋이합치면 무적
고질라 X 콩: 뉴 엠파이어,울포디로 감상했지만 기타 이전에 봤던 포디 작품과 다르게 딱 맞아서 볼만했던 작품. 효과가 너무 찰떡이었다. 특히 예전에 봤던 괴수물보다 진일보한 그래픽은 덤
고질라 X 콩: 뉴 엠파이어,"액션에서 골 넣고, 드라마에서 골 먹는 꾸준함."
고질라 X 콩: 뉴 엠파이어,괴수들이 나오는 어벤져스 엔드게임
고질라 X 콩: 뉴 엠파이어,미국영화 실망안시킴. 스트레스해소 만땅 역시 멋진양화.
고질라 X 콩: 뉴 엠파이어,빌런이 아쉽긴했어도 역시 CG와 스케일이 대단했다
고질라 X 콩: 뉴 엠파이어,괴수물은 그냥 뇌 빼고 볼 때 빛이 난다. 둘이 마주 보고 포효할 때 웃기면서도 신이 났다.
고질라 X 콩: 뉴 엠파이어,오랜만에 극장나들이 작품이네요 전체적 괴수출연 스토리흐름 좋았어요 마지막 전투신 너무 분량이 적어 아쉬움 큰 기대없이 볼만합니다!
고질라 X 콩: 뉴 엠파이어,캡틴마블보다 재미있네요
고질라 X 콩: 뉴 엠파이어,고질라 X 콩 | 더 크고 화려하지만 특별함을 잃은
고질라 X 콩: 뉴 엠파이어,성공적인 세계관 확장.
고질라 X 콩: 뉴 엠파이어,억지의 연속 어수선하고 지루하기까지
고질라 X 콩: 뉴 엠파이어,신화와 전설이 실재하고 인간이 동네북인 세계관 속에서 모험을 즐기는 괴짜들의 모습이 유쾌하다. 거대 고릴라에 공감하게 만드는 기술력도 놀랍다.
고질라 X 콩: 뉴 엠파이어,지구라는 링 위에 펼쳐지는 괴수들의 태그플레이. CG의 완성도는 인정
고질라 X 콩: 뉴 엠파이어,너네만 즐거워 보인다
고질라 X 콩: 뉴 엠파이어,아무리 괴수 영화여도 인간들 이야기는 너무 재미없다
고질라 X 콩: 뉴 엠파이어,"점점 가벼워지는 몬스터버스 시리즈. 보기는 편하지만, 가끔씩은 예전같은 맛이 그립다."
고질라 X 콩: 뉴 엠파이어,심심풀이 땅콩. 거대한 것들만 나오니 거대해 보이지 않다
고질라 X 콩: 뉴 엠파이어,고질라 앞발이 커졌다 작아졌다 하는게 신경쓰인다.
고질라 X 콩: 뉴 엠파이어,시리즈를 봐온 이상 거를 수는 없는 킬링타임무비.
고질라 X 콩: 뉴 엠파이어,콩과 고질라의 2대2 태그매치! 인간들의 연기는 사족
고질라 X 콩: 뉴 엠파이어,킬링타임용으로 볼만은 함.
고질라 X 콩: 뉴 엠파이어,괴수영화가 이 정도면 충분하지! 스낵 먹으면서 낄낄대며 보는 바로 그런 영화.
고질라 X 콩: 뉴 엠파이어,유인원들 대량 등장하면서 거대 괴수물 무게감이 수직 하강해버렸다. 최종 보스도 둘 다 빌런 원 투 수준으로 허접하고. 몬스터 버스는 괴수가 쟤네 둘 밖에 없는거냐
고질라 X 콩: 뉴 엠파이어,갈때까지 간 뇌절 롤러코스터
고질라 X 콩: 뉴 엠파이어,분노의 질주 못지않은 뇌절의 향연 그래도 뇌빼고 보기에는 뇌절만한 재미는 없기에
신과 함께: 죄와 벌,"<해운대>와 <7번방의 선물>을 잇는 적통 신파 상업 영화. 너무 가혹한 비판이 아닌가라는 생각이 들지도 모르지만, 139분을 이 영화를 관람하는 것보다 더 재미있고 가치 있게 사..."
신과 함께: 죄와 벌,수홍이가 엄마한테 찾아가서 얘기하는 마지막부분에서 정말 꺼이꺼이 얼마나울었던지 몇번을봐도 이부분은 진짜 넘 찡하네요ㅠ
신과 함께: 죄와 벌,스토리 과잉
신과 함께: 죄와 벌,"<신과 함께: 죄와 벌>, 한국형 판타지라는 가능성. 2017.12.23. 토요일. 롯데시네마 건대입구 글쎄, 우선은 김용화 감독의 능력에 대해 고민해볼 필요는 있는 것 같다...."
신과 함께: 죄와 벌,"왜 원작을 그렇게 단순하게 바꿨는지, 그래서 왜 인물이 저렇게 바뀐 것인지도 다 이해한다. 그러므로 이 영화에 담긴 모든 도전정신만큼은 인정한다. 나머지는 전부 기각한다. 그러므로..."
신과 함께: 죄와 벌,"국내 영화산업에서 판타지 장르는 불모지이자, 가장 잘 안 되는 영화 중 하나다. 2009년 '전우치' 이후로 대형 판타지 영화가 등장하지 못했던 이유는 그만큼 세계관을 구축할만한 ..."
신과 함께: 죄와 벌,원작을 잘 모르는 저는 저승의 이야기 중 사후세계를 다룬 소재라 재밌게 잘 봤습니다
신과 함께: 죄와 벌,"촌스럽고, 유치하고, 허접하다. 총체적 난국."
신과 함께: 죄와 벌,굉장히 긴 글이 될 것이다. 그렇게 올해 한국영화 중 최대의 기대작이자 염려작이 개봉되었다. 물론 만화를 재미있게 읽기는 했지만 원작부심을 부리지는 않겠다. 그 둘을 비교하는 것이...
신과 함께: 죄와 벌,<신과함께>를 보고 나니 일단 CG는 걱정 스러운 수준이 아니라 확실하게 어필할 수 있는 퀄리티를 보여준다. 일반적인 헐리우드 영화의 수준정도는 맞출 수 있을 정도다. 놀라운 수준...
신과 함께: 죄와 벌,원작에 대한 기대감에 못미친다. 오히려 웹툰작가에게 뺨을 맞아도 뭐라못할 지경. 주관적이지만 주호민작가는 그림자체의 멋보다는 세계관과 등장인물들의 대사 등 그것을 표현해내는 데에...
신과 함께: 죄와 벌,영화 보기 전 혹평을 많이 들었음 그래서 반대로 최대한 장점 위주로 보려고 노력함 그런데 이렇다할 장점이라고 말할만한 것이 없었음 가성비가 뛰어난 CG? 관객이 영화 제작 ...
신과 함께: 죄와 벌,"세계관과 스토리가 마음에 듭니다. 다만, CG 편집은 약간 어색한 것 같아요. 그래도 재미있게 봤습니다."
신과 함께: 죄와 벌,좋은듯아닌듯
신과 함께: 죄와 벌,기대했던것보단 재밌다!!
신과 함께: 죄와 벌,"원작 팬으로서 너무 실망스러운 영화. 지루하고 진부하고, 수준떨어지는 신파까지."
신과 함께: 죄와 벌,한국 판타지의 가능성
신과 함께: 죄와 벌,몇번째 보지만 클라이막스에 눈물은 항상 나오네 명장면이다 진짜
신과 함께: 죄와 벌,중간중간 한국 영화 CG 쩔지않아요? 강요하는 느낌
신과 함께: 죄와 벌,"[<신과함께-죄와 벌>을 향한 뜨거운 시선들] 국내 최고의 웹툰 중 하나로 꼽히는 『신과함께』를 영화화한다고 했을 때, 기대보다 우려가 앞설 수밖에 없었을 것 같다. ‘방대한 세계..."
신과 함께: 죄와 벌,여기 대왕들 다 이상하다. 난 코코의 사후세계로 떠나야겠다. 어쩌다 [코코]를 먼저 보고 [신과 함께 - 죄와 벌]을 봐서... 두 영화의 사후세계관에 대해 비교할 수밖에 없게 ...
신과 함께: 죄와 벌,"<신과 함께> - 우리나라도 판타지가 가능하구나 이 영화가 제작이 된다 했을때부터, 배급사가 롯데라는것에부터 첫 예고편이 공개되었을 때 부터 걱정만 가득했던 영화 <신과 함..."
신과 함께: 죄와 벌,"웹툰을 좋아하지 않아 웹툰을 본적이 없어, 홍보 영상만으로 느낀 영화는 그냥 허무맹랑한 판타지 영화같은 느낌? 그런데 이 영화를 보고 어찌 품고있는 의미도 좋고, 눈물샘도 강타한다..."
신과 함께: 죄와 벌,"1987이라는 영화를 보고 30분 뒤에 바로 신과함께를 보았는데요, 역사물과 판타지물의 차이도 있겠지만.. 영화 자체 퀄리티에서 큰 차이를 느끼고 흥미를 잃게된 영화였어요. 내용은..."
신과 함께: 죄와 벌,"동양 판타지의 흥과 미련 웹툰을 원작으로 하는 영화가 계속해서 나오고, 관객들이 그 웹툰을 잊지 못해 영화를 비판하고 있는 요즘 <신과함께-죄와 벌>은 관객들의 마음을 잘 사로..."
신과 함께: 죄와 벌,이 영화의 장점은 감독이 굳이 걸작을 만들겠다는 욕심을 버리고 오락 흥행작의 요소에 치중해서 만들었다는 부분이다. 특별히 두드러지게 만든 작품이라기 보다는 대체적으로 무난한 영화...
신과 함께: 죄와 벌,용서와 신의에 관한 한국형 판타지영화의 의미있는 시작..눈물이 흐를 줄이야. 하정우-김향기-차태현-주지훈의 안정감있는 연기 조화속 김동욱과 예수정의 존재감. 영화 <신과 함께>는...
신과 함께: 죄와 벌,CG도 안입힌 버전을 블라인드로 보고나서 도대체 얼마나 CG를 잘 입혔을지 궁금해서 보러갔어요 ㅋㅋ 헐리우드만 못하긴 하지만(그런데 이건 자본력에서 벌써 차이가.. 우리나라 CG...
신과 함께: 죄와 벌,솔직하게 이영화를 보기전에 걱정을 많이했다 진기한이 안나오고 그걸 차사들이 대신한다? 애들 그렇찮아도 할거 많은데 변호까지.. 걱정을 많이 하고 봤지만 걱정은 기우였다 그에 맞춰...
신과 함께: 죄와 벌,"원작이 있는 작품은 항상 이런 수모를 당할 수밖에 없다. ""원작을 파괴했다""라는 이야기가 나오는 것은 어쩔 수 없는 상황이다. 시간적 제약이라는 한계라는 점도 있겠지만, 결정적으로..."
신과 함께: 죄와 벌,눈물이 나올 때까지 얻어맞는 기분 http://blog.naver.com/dsp9596/221167277398 ‘파괴왕’ 주호민의 업적이 추가됐다. 물론 이 리뷰를 쓰는 날이 ...
신과 함께: 죄와 벌,이러한 신파라면 환영할 영화! 나뿐만 아니라 극장에 있던 분들이 거의 다 훌쩍 웹툰과는 다른 전개이지만 영화만의 매력으로 볼만! 그리고 국내에도 이러한 cg를 할 수 있다는 것에 ...
신과 함께: 죄와 벌,"원작과 비교해서 보면 확실히 부족한 내용이 있고 아쉬는 부분이 있다. 내용이 확 눈에 들어오지 못하는 CG이지만, CG가 꼭 그렇게 중요하지는 않으니,,,가볍게 또 슬프게 볼수있는..."
신과 함께: 죄와 벌,"영화의 전체적인 완성도, 구성과 짜임새 등을 조목조목 평가하고, 이를 세밀하게 관찰하고자 하면 분명 실망스러울 수도 있는 영화이다. 하지만 단순히 오락 영화로써 가볍게 즐긴다면 ..."
신과 함께: 죄와 벌,짜장면으로 분류하기도 미안하다. 불어터진 짜빠로니 30분있다가 먹는 기분
신과 함께: 죄와 벌,한국영화 장르 중 판타지장르를 가장 잘 소화하였다고 생각한다. CG기술력과 어색함 없던 배우들의 연기도 물론 좋았지만(특히 다수의 배우들이 다양한 캐릭터로 등장해 독보적인 캐릭터...
신과 함께: 죄와 벌,1분 짜리 공익 광고 보는 게 훨씬 생산적일 것 같다.
신과 함께: 죄와 벌,조잡한 cg와 어처구니 없는 신파의 연속
신과 함께: 죄와 벌,어머니라는 석자에 한없이 눈물만.
신과 함께: 죄와 벌,거대한 신파에 가려진 CG 기술만큼은 칭찬을.
신과 함께: 죄와 벌,"CG는 부족하다고 느낄 수 있지만, 그 안에 있는 감동들이."
신과 함께: 죄와 벌,주지훈 연기 미쳤고 박무신 너무 잘생김🥰
신과 함께: 죄와 벌,ㄱㅊ
신과 함께: 죄와 벌,cg는 화려하지만 웹툰을 영화로 한번에 그리려니 생략된게 많아 감정선이 아쉬움. 꼭 원작 보시길 추천하고싶어요
신과 함께: 죄와 벌,멱살잡고 울래? 죽을래? 하고있다. 눈물을 강도당한 기분.
신과 함께: 죄와 벌,차라리 얘까진 볼만 함
신과 함께: 죄와 벌,눈을 일곱번 찌른다.
신과 함께: 죄와 벌,기대를 1도 안하고 봤더니 봐줄만 했다는 기적이 일어남
신과 함께: 죄와 벌,원작과 또 다른 재미. 어릴 적 보던 배추도사 무도사가 생각난다. (재관람) 다시봐도 재미지다 근데 저승 판관들만 없었으면 더 재밌었겠어 2017년
신과 함께: 죄와 벌,볼때마다 울었다
펄,미친 엔딩 크레딧
펄,농장에서 벗어나 스타가 되고싶은 욕망에 연쇄살인을 저질렀고 후반에 광기에 가까운 집착으로 상황을 바로 잡으려는 여주의 연기가 놀랍다 호불호가 상당할것이나 색감과 광기어린연기는 최고
펄,정석 슬래셔의 형태 속 미아고스의 연기 차력쇼
펄,크레딧이 뜰 때 비로소 완성되는 펄의 원맨쇼
펄,고전 뮤지컬 슬래셔 호러를 제대로 완성시킨 '진주'같은 엔딩 시퀀스.
펄,독백을 적게 되다
펄,<엑스>보다 훨씬 매력적인 미아 고스와 프리퀄 여운을 끝까지 붙잡아 매는 눈 시린 엔딩 크레디트.
펄,하고 싶은 얘기는 모르겠으나 실망시키지 않는 영화
펄,미아 고스는 이정도면 연기가 아니라 찐 아닌가
펄,엔딩크레딧의 표정이 모든걸 압축해서 보여준다. 왜 그래요? 내가 남들처럼 웃고 있잖아요 내가 무서워요? 라고 말하는것 같다.
펄,잘 만든 스릴러 영화 갑툭튀없이 긴장감 놓지 않고 계속 끌고 나감
펄,배우 한명의 힘으로 영화를 끌고 갈 수 있다는걸 보여준 미아 고스.
펄,굉장히 연극적인데? 그래 간병이 힘들긴 하지...
펄,마침내 조개를 깨고 나온 펄
펄,그만 좀 웃어라. 얼굴 아프겠다. 욕심이 과하면 안좋음
펄,영화 색감이 맛있다
펄,인물설정이나 관계는 다른 영화에서 많이 봐온 것들이지만 고전영화의 연출과 세심힌 서사들이 쌓여 재미있었다. 연출이 독특해 보는 맛이 났다.
펄,내가 본 가장 기괴한 공포영화. 여주인공의 심리변화가 탁월하다
펄,미아고스의 재발견 근래 본 영화 중 최고의 여성 사이코패스 살인마 중 하나
펄,잔인한데 잔인하지않은 유쾌한영화 친절한금자씨 약간보임
펄,볼만함
펄,펄의 행동 동기와 감정 묘사를 탁월하게 하였다
펄,"바랐던 대로 좀 더 충격적이고, 좀 더 끔찍했던 영화."
펄,와우 보통의 내 사고수준으론 이해할 수도 감당할 수도 없네요. 아이구 내가 왜 이영화를 봤을까ㅜㅠㅠㅠㅠ
펄,A24 다운 영화 유전이나 미드소마와는 다른 결로 빌드업 없이 벌어지는 사단... 한 동안은 돼지고기는 쳐다도 안봤다 예쁜 그릇에 담긴 기괴한 음식
펄,미아 고스하면 맑광이지.
펄,"""X""의 연장선상에서 미쳐 날뛰는 미아 고스"
펄,미아 고스의 연기가 모든것을 완성한 영화
펄,텍사스의 여자 조커!!
펄,짓눌려있던 욕망이 분수처럼 터져나올 때. 과하고 노골적이라 오히려 좋았던 연출.
펄,불쾌한 골짜기
펄,"가련한 운명의 여인이 비정한 현실에서 좌절해 사이코패스가 되는 과정의 영화 이면엔 근대 시절 세계대전의 광기와 미, 권위, 스타, 할리우드 등 미국 사회의 허상들이 어른거린다."
펄,"이상과 현실의 괴리에 대한 인내가 극도의 한계치에 도달했는데…, 그때를 알고 공포가 얼씨구나 노크를 하네…"
펄,이것도 하지 마라 저것도 하지 마라 어째라고
펄,기괴하고도 사랑스러운 펄 모녀 관계는 참으로 이상하고 슬픈 사이라는 걸 새삼 상기시켜줬던
펄,마지막 펄의 표정에서 영화의 모든 내용이 다 들어가있다.👏
펄,사이코패스가 되어 가는 과정을 밀도있게 그려낸 수작!
펄,초반 미아 고스의 사이코패스적인 면을 빌드업한게 무색해질 정도로 강렬한 후반 독백
펄,통제와 탄압이 오히려 본성을 자극하는 역설에 도달하면서 마치 언제 터질지 모르는 시한폭탄을 지켜보는 듯한 영화였다.
펄,사이코패스와 소시오패스 그 중간쯤 어딘가에 위치한 펄의 성공(?) 드라마. 크레딧 마지막 즈음 흐르는 눈물은 어딘가 애달프다
펄,강력한 표정 잊히지 않네
펄,미국판 여우누이
펄,20세기 스릴러 영화 느낌
펄,고전 여성 호러 동화판 빨간머리 펄
펄,여주 차세대 도라이
펄,"붉은색은 펄을 진정한 자신으로 만든다 붉은옷, 오디션 장소의 붉은문, 춤을 연습하던 붉은 헛간, 시체에서 흘러나오는 피"
펄,"미아 고스의 연기가 시작부터 끝까지 몰입감을 준다. 연기성장이 대단하게 느껴질 정도, 크레딧까지 보게 만드는 표정연기가 뛰어나다. 프리퀄로 알고있는데 그 여정을 잘보여주는 작품"
펄,집착과 광기에 사로잡힌 ‘펄’의 가슴아픈 이야기
펄,"화면은 예쁜데, 기괴한 표정을 짓는 배우는 섬뜻하다. 캐리도 생각나고, 싸이코나 미저리도 생각나더라."
펄,너도 내가 무서워? 빨간 도끼 시골 괴담
콰이어트 플레이스,답답.... 기승전결이 아니라 기기기기 같은 느낌
콰이어트 플레이스,사실 이런 종류의 영화에서 개연성을 따지는 것이 그렇게 현명한 일은 아닐 수는 있으나 영화를 보면서 신경이 쓰이는 것은 어쩔 수 없는 일이었다. 우선 영화는 포스트 아포칼립스물이...
콰이어트 플레이스,영화관에서 팝콘 녹여먹기
콰이어트 플레이스,답답한 시작
콰이어트 플레이스,약점을 알기 전까지는 놀라거나 괴물이 등장할 때마다 내 입을 막아야 했던 영화.
콰이어트 플레이스,"도입이 시급하다. 극장,도서관 등에 필수적으로 한마리 이상 배치하자."
콰이어트 플레이스,좋은 소재로 깔짝
콰이어트 플레이스,뭐야..아빠는 굳이..왜 죽인거지 불쌍 저 와중에 임신하는게 제일 이해 안되고 + 에?? 아빠가 감독이잖아
콰이어트 플레이스,몇몇 일부 설정들에서 소리를 내려고 하는 고의성이 눈에 띄게 나타나지만 크게 거슬리진 않는다. 굳이 추가적인 장면으로 설명하면서 러닝타임을 길게 끌어내지 않는 것이 일단 장점이라면...
콰이어트 플레이스,"영화관인지, 영화안인지, 모르겠더라. 영화 [콰이어트 플레이스]는 꽤나 넓은 공간을 활용하면서도 도망갈 곳이 없는 것처럼 다루는 게 흥미롭다. 외딴 집에서 벌어지는 '감염'의..."
콰이어트 플레이스,"오장육부가 쪼그라드는 가족영화. 설정이 과하면 어떠냐, 이토록 쌈박한데."
콰이어트 플레이스,심장이 너무 아파요 고요한공포....
콰이어트 플레이스,쫄보는 무서워여ㅜㅜ
콰이어트 플레이스,긴장감보다 스트레스가 더 심한 영화 예상되는 고구마들 때문에 가슴을 치며 봤음
콰이어트 플레이스,ㅋㅋ
콰이어트 플레이스,좋은 아이디어와 공포의 만남
콰이어트 플레이스,갑툭튀없는 공포 영화는 극락이다.
콰이어트 플레이스,.. 할 말 없음. 2018. 0.5.
콰이어트 플레이스,있는 애들도 제앞가림을 못하는데 애를 왜낳냐고오옥
콰이어트 플레이스,가지고 있는 아이디어와 컨셉을 영리하게 활용할 줄 아는 흥미로운 영화.
콰이어트 플레이스,어설픈 아이디어의 산물
콰이어트 플레이스,'소리 내면 죽는다'라는 아주 심플한 룰을 영화 타이틀 롤이 올라오기도 전 10분 정도의 오프닝 시퀀스 동안 강렬하게 관객들에게 주지시킨 후 95분이라는 길지 않은 러닝 타임 동안...
콰이어트 플레이스,<콰이어트 플레이스> - 쉿! 조용이해! 말 그대로 소리를 내면 안되는 영화 <콰이어트 플레이스>. 공포영화일지 괴수영화라고 해야될지 애매한 부분이 있지만 확실한건 청각 ...
콰이어트 플레이스,신선함과 황당함 사이의 고요함 공포영화의 가장 큰 요소인 '소리'를 없애고 영화를 진행을 한다는 상당히 독특한 설정의 <콰이어트 플레이스>는 흥미로운 소재를 가지고 당황스러운 요...
콰이어트 플레이스,<에이리언>과 <맨 인 더 다크>가 만났다고 해야 하나? 재미있게 봤다. 뻔한 전개와 복선에도 긴장하게 되는 맛이 있다. 공포보다는 스릴러에 더 맞지만 점프스케어도 효과적으로 낼 ...
콰이어트 플레이스,개연성을 잃었어도 긴장감은 훌륭했다
콰이어트 플레이스,어릴때 강시영화를 보며 나도몰래 숨을 참듯이 같이 숨참으며 생존자들에게 이입된다.
콰이어트 플레이스,1. 왜 가장 어린 아이를 맨 뒤에서 걷게 하는가 2. 못을 왜 치우지 않는가 3. 그 상황에 임신할 생각을 어떻게 4. 총에 맞으면 죽는 괴물을 왜 군대가 소탕을 못..
콰이어트 플레이스,간만에 쫄깃 신선했던 영화
콰이어트 플레이스,보세요.
콰이어트 플레이스,쉿...
콰이어트 플레이스,단 하나의 매력적인 설정이 온갖 억지 설정요소를 캔슬링한다.
콰이어트 플레이스,"소리를 탁월하게 쓰기도 하고, 비겁하게 쓰기도 한다."
콰이어트 플레이스,!!
콰이어트 플레이스,용두사미
콰이어트 플레이스,"소재는 좋은데 고구마100개, 딸이 빌런이네 미쳐버리겠다."
콰이어트 플레이스,쉿!
콰이어트 플레이스,소재는 괜찮았다. 결말이 아쉬울뿐
콰이어트 플레이스,추천하기엔 애매한 영화
콰이어트 플레이스,비행기 안에서 몰입해서 봤던 영화 시간 가는줄 몰랐다 재밌음
콰이어트 플레이스,Netflix
콰이어트 플레이스,소리없는 공포를 보다.
콰이어트 플레이스,이어폰으로 보니 내 심장소리가 커서 인물들과 함께 숨죽이며 보았다. 그래도 마지막 전율은 감출 수가 없었다. 내 감탄의 소리가 괴물을 부르지 않기를!
콰이어트 플레이스,첫째 배우 연기를 너무 잘하셔. 나도 소리 못내고 숨죽여 보게 됨
콰이어트 플레이스,언제나 시리즈물의 1편은 무난히 재밌다
콰이어트 플레이스,쫄깃함
콰이어트 플레이스,집에서 마저도 숨죽이며 보게 될 정도로 긴장감 넘쳤던 영화
콰이어트 플레이스,완전 스릴넘치고 존잼
콰이어트 플레이스,조용히 서서히 다가오는 공포
콰이어트 플레이스,숨도 맘대로 쉬기 힘든 무서운 영화
외계+인 2부,나는 아직도 1부가 흥행하지 못한 이유를 모르겠다
외계+인 2부,영화관에서 세번 본 영화. 너무너무 잼나고. 1회 떡밥회수에 반전까지 최고
외계+인 2부,기대하고 봐도 재미있고 기대없이 봐도 재미있는 영화!!!!
외계+인 2부,홍길동식 전개에도 몰입도와 서사를 놓지 않는 타고난 이야기꾼의 마무리.
외계+인 2부,기존 한국영화에 없는 색다른 느낌
외계+인 2부,스스로 인정하지 않겠지만 따뜻한 감정을 가진 사람들이 각자의 별에서 외롭게 쌓아온 우연의 시간 속 마침내 인연으로 닿아서 필연의 시간으로 완성되는 지구의 이야기.
외계+인 2부,스토리 난잡한데다 질질 끌기까지 하니 보는 내내 재미가 없었지만 후반 액션연출이 그나마 볼만 했다
외계+인 2부,의외로 세심한 캐릭터의 액션
외계+인 2부,왜 재밌지???????
외계+인 2부,장르적인 것을 거둬내면 최동훈 영화들의 장점이 많이 나온다. 그래도 마무리를 잘 한것 같아서 괜찮았음
외계+인 2부,어떤 외랑인을 슬프게 만든 2부... 날 배신한 2부...
외계+인 2부,떡밥들을 회수 했다고는 하지만.
외계+인 2부,CG수준이 그냥 할리우드인데 ㄷㄷ
외계+인 2부,나름의 반전과 색다른 시도들이 돋보이며 떡밥 회수도 좋았다
외계+인 2부,1부 나쁘지 않게 봤었는데 2부는 1부보다 더 정신없고 장점이 도드라지지 않았달까...? ㅠㅠ 그냥 잘 다듬어서 1편만 냈음 어땠을까 싶음
외계+인 2부,전우치의 영광을 지우던가
외계+인 2부,모든 캐릭터가 주인공이다!!!
외계+인 2부,1부 훨씬 그 이상의 2부 ! 모든 떡밥이 회수되고 액션도 더욱 화려해졌어요 각 캐릭터들의 매력도 2부에서 훨씬 돋보이고 영화관에서 꼭 관람하면 좋을 영화입니다😉👍👍
외계+인 2부,어떻게 만들어도 내가 만들면 관객들이 든다는 오만한 상업감독과 그런 감독이면 깜박 죽어 설설 기는 투자기획사가 만든 망작 .그들의 방만함과 오만함의 끝장판의 2부다..암흑기의시작
외계+인 2부,떡밥 회수 미쳤던데 ㅋㅋㅋㅋㅋ 난 시간 가는 줄 모르고 봤음 오랜만에 팝콘무비로 보기 딱인듯
외계+인 2부,빠른 마무리로도 완전히 감춰지지 않는 산만 허술함과 반복적 늘리기
외계+인 2부,그래도 형보다 아우가 낫다
외계+인 2부,"하고 싶은 말도, 보여주고 싶은 순간도 많지만 모든 게 얽혀버려 관객은 그저 당황스러울 뿐"
외계+인 2부,더 확장할 수 있던 세계였으나 수습하고 작별하기에 급급하다.
외계+인 2부,우리나라 무협SF역사상 기리남을 완성작! 개성있는 캐릭터와 고개를 끄덕이게 만드는 액션과 CG
외계+인 2부,.
외계+인 2부,SF에 대한 미련 대신 처음부터 다른 설정으로 다듬었다면 더 흥행했을지도. 하지만 원하는 방향이라 감독님이 집중한 것 같다. 개인적으로는 무척 재미있게 봤고 흥행도 응원한다.
외계+인 2부,"망한 1부를 위한 피날레, 혹은 그 이상의 아성"
외계+인 2부,1부보다 확실히 2부가 더 좋았다 가끔 유치해도 뭐 내용은 좋잖아 나는 이런 감성도 좋아 🤤
외계+인 2부,여러 캐릭터들이 각자 자리에서 맡은 바를 다하고 잘 정리해간다
외계+인 2부,사두용미!!1부의 아쉬움을 2부에서 완벽하게 마무리지음. 모든 캐릭터가 사랑스러운 영화는 처음이 아닐까싶음. 캐릭터가 많은데 전혀 정신없지않고 재밌게 봤다
외계+인 2부,"1부에서 봤던 90년대 영화도 아닌, TV에서나 볼 수 있을 법한 CG를 잊고 있었다"
외계+인 2부,80년대에 나왔다면 달랐을지도
외계+인 2부,1부 보다 못하고 약간 뻔하지만 나름 괜찮다
외계+인 2부,기대한 내가 싫어요
외계+인 2부,초호화 캐스팅. 멋진 CG. 엄청난 제작비의 블럭버스터 영화......그런데...... 스토리가 왜 이래?
외계+인 2부,영화관에서 봤으면 별로. Ott에서 봤으면 극찬. 어디에서 보냐에 따라 갈리는 리뷰들.. ott에서 본 나는 너무 너무 재미있게 봄
외계+인 2부,1편에 비해 이해하기가 쉽고 CG연출이 정말 잘 나온것같다
외계+인 2부,"1부의 의문점들이 좀 풀리긴했는데, 굳이 1-2부로 나누었어야하나 싶은 구성이긴했음. 1부에서 보여지지 않았던 부분들을 보여주느라 중복되는 부분들이 좀 있다보니..."
외계+인 2부,SF 와 서정적인 스토리와의 조화. 2부를 봐야 전체적인 작품이 완성됨.
외계+인 2부,최동훈감독의 영화를 기대하고 봤지만 1편에이어서 2편도 아쉬움이 많이 남는 영화
외계+인 2부,1편보단 낫더라.. 그래서 뭐?
외계+인 2부,"1부에서의 떡밥 회수도 괜찮고, 감독 특유의 매력적인 캐릭터를 뽑아내는 것도 좋고, 이 정도 스케일의 SF에 액션도 준수하다."
외계+인 2부,흥행 성공 기원
외계+인 2부,볼거리가 많아서 큰 스크린으로 보기에 눈이 즐거운 액션영화
외계+인 2부,1부보다 아쉬워서 굳이 1 2부로 나눠야했나 싶다 그래서 재미가 반감.. 1부는 너무재밌었음
외계+인 2부,완벽한 빌드업
외계+인 2부,현대 분량을 팍 줄여 버리니 전편보다 낫기는 한데 여전히 어린이 활극 수준은 못 벗어났네
외계+인 2부,한꺼번에 개봉을 하는게 좋았을 듯.. 오랜만에 잼 있고 즐겁게 본 영화
외계+인 2부,감독은 뭐가 그리급했을까.. 너무 설렁설렁 2배속 재생으로 본것 같았다. 악평에도 난 1부는 재미있게봤는데.. 2편은 할말이 없다..
소년시대,웃으면서 본 작품. 배우들 연기조합도 좋았어요^^
소년시대,임시완배우의 재발견!! 자꾸 맴도는 사투리 어쩔겨유~~ 모든 배우들의 찰떡같은 연기에 시간가는줄 모르고 재미나게 본 드라마
소년시대,누구나 갖고 있는 흑역사와 그 성장기 큰일났다 사투리 옮았어유.. 이이!
소년시대,병맛스런 코미디가 감독 이명우와의 합으로 더욱 큰 시너지가 발휘되어 주된 내용과는 별개로 재밌게 느껴진다
소년시대,임시완배우의 모든 걸 내던진 연기에 박수를👏🏻👏🏻👏🏻 그시절의 괴롭힘도 만만치 않았겠다 싶어서 안쓰럽네 조.단역 배우분들 너무 연기 잘하셔서 좋았다
소년시대,어쩜 사투리를 저렇게도 웃기게 잘하는지 ㅋㅋ 한동안 충청도사투리에 완죤 푹 빠져버렸구만유 ㅋㅋㅋㅋ 흑거미 넘 매력적이에유♡
소년시대,"보고나면 입에 사투리가 절로 붙는다 ㅋㅋㅋㅋ 사투리의 매력도, 그걸 연기하는 임시완의 매력도 같이 느낄 수 있다."
소년시대,"충청도 사투리가 기본으로 웃겼고, 깨살같은 대사들과 연출도 돋보였던 작품. 벌써아침이라구요?🤭"
소년시대,몰입감 최고!! 임시완의 연기변신 스토리가 굿
소년시대,2023 하반기 최고의 작품!
소년시대,요즘 이드라마 때문에 금요일까지 버틴다 임시완 이런 코믹도 잘 해버리네 못하는게 읍써
소년시대,연기가 다 좋았구먼유~
소년시대,진따인줄 알았던 내가 일찐짱?!
소년시대,너무 좋아서 한번으로는 못 끝내는 드라마. 병태 못 보내....
소년시대,뜨거운 여름의 향을 맡을 수 있습니다 소년들의 그 계절을 느껴보세요
소년시대,"As Yim Siwan always does, he completely transformed into ByungTae, an adorable dork! Hilarious & fun"
소년시대,임시완배우님 백상 대상 미리 축하드립니다 👏👏👏
소년시대,고향이 충청도는 아니지만 비슷한 시대배경에서 자라서 향수돋았고 임시완 병태연기가 너무 훌륭함. 온양찌질이가 아니라 부여청룡으로 거듭난 서사 눈물버튼 ㅠ
소년시대,아 만점 갑니다.. 병태 좀 븅태 같지만 숨겨진 미친 외모 덕분에 눈도 즐겁네용~ 내용 자체가 그냥 재미있습니다! 꼭 보세용
소년시대,임시완이란 배우는 믿지만 작품에 대한 기대는 솔직히 하나도 없었는데 ㅋㅋㅋ K드라마 현폼 원탑 수준이네요🤣 너무 재밌게 보는 중
소년시대,"(보는 중) 무빙에 이어 플랫폼이 아쉬운 웰메이드 드라마 영화로 치면 극한직업? 웃음이란 토끼를 목표로 삼고 집요하게 쫓는다 소년시대 1,2화 보면서 올해 제일 많이 웃었음"
소년시대,개인적으로 그 나이대에 맞는 연기를 해야한다고 생각한다... 임시완이란 배우가 얼마나 잘하는지는 당연히 알지만 고등학생 연기라.... 좀 이상하다. 보고 판단해야지...
소년시대,이이! 아직 안 봤으면 어여들 봐. 찌질에서 열혈 소년으로 거듭나는 이야기에 흠뻑 빠져 보자니께!
소년시대,연기 잘해요! 임시완 너무 좋아요🥬💚 재미있고 신나요! 저는 금요일이 너무 기대됩니다 🍿
소년시대,임시완의 연기를 계속해서 보고싶게 만든 작품.
소년시대,진짜 임시완배우님은 진정한 연기자 그 이상이다!! 소년시대 인생작!!! 재미뿐만아니라 교훈까지!!
소년시대,임시완의 재발견. 충청도 사투리와 능청스러운 연기가 이렇게 잘 어울릴줄이야.. 보는 내내 배꼽잡으면서 봤다.
소년시대,이 정도면 조심스럽게 포스트 이병헌이라 불러도 되지 않을까? 잘생기고...키 좀 작... 배우 임시완의 한계와 매력은 어디까지인지 그 끝을 모르겠서요
소년시대,내가 사랑하는 배우들과 함께하는 기분좋은 시간
소년시대,코미디 좋아하면 무조건 호를 외칠 청춘코믹드라마
소년시대,"이 영화 정말 좋았어요, 웃기도 하고 울기도 많이 했습니다. 임시완의 연기가 너무 좋아서 믿을 수 없어요. 그가 35살이지만 11학년 학생의 순진함을 연기한 걸요."
소년시대,진짜 리뷰 볼 시간도 없음요 바로 정주행애유우
소년시대,임시완의 끝없는 연기 스펙트럼을 증명한 작품
소년시대,너무재미있어요지금30번째정주행중이에요
소년시대,다들 연기가 장난아니여유
소년시대,씨부럴. 이렇게 흥미진진해도 되는겨? 잉~??!!
소년시대,완벽한 서사였다. 연기에 구멍도 없고 매력있는 케릭터들이 대거등장 중후반 너무 다크해서 힘들었지만 마무리도 알차고 엔딩크레딧에 쿠키까지 오랜만에 웰메이드 시리즈였다.
소년시대,임시완 찌질연기까지 되다니.. 가볍게 보기좋은 코믹물인데.. 옛날이라지만 고딩의 음주 흡연 장면이 너무 많이 나오네요
소년시대,그 시절 액션 활극의 재림
소년시대,이런 드라마는 항상 좋다! 순수해져서 ㅎㅎ 너무 좋아 ㅋㅋ
소년시대,고등학생 임시완 별한개 교복입은 임시완 별한개 앞머리내린 임시완 별한개 찌질이 임시완 별한개 너무 잘생겨서 별한개
소년시대,임시완배우의 원맨쇼 너무 웃기다 그리고 교훈까지
소년시대,혼자서 이렇게 이끌어가야하는 극이 힘들법도 한데 어찌 그리 연기를 잘한단말여 븅태야???ㅠㅠ
소년시대,꼬질찌질 병태를 너무나 귀엽고 사랑스럽게 연기한 임시완배우 최곱니다..
소년시대,임시완의 연기차력쇼
소년시대,그 시절 우리가 추억하고 싶었던 그 거침과 허술함 !! 신선한 배우 = 신선한 드라마 특히 사운드트랙이 좋았어유 이-이 ~
소년시대,진짜 한장면도 안놓치고 보고 정주행 3번 넘게 했습니다 너무 재밌구요 장병태 찌질이 역할 맡으신 임시완 배우님의 연기실력이 너무 대단합니다 소년시대를 보면서 옛날로 돌아가고 싶네요
소년시대,임시완 배우님 연기력 대폭발 춤이면 춤 노래면 노래 연기면 연기 최고
소년시대,이거 진짜 재밌어요ㅋㅋ 이거 본 뒤로 임시완 배우님 보면 코믹이 생각나서 웃음나오더라고요
소년시대,시완님 때문에 봤는데 생각보다 너무 재미있고 전 개인적으로 넘 좋아요~ 제 최애 작품 중에 하나 ❤️
존 윅,"존 윅은 단순히 개 한 마리가 아니라, 모든 것을 빼앗긴 것에 대해 복수하는 것이다."
존 윅,"격투 액션은 좀 짜치는데, 총기 액션이 진짜 숨막히도록 간지가 철철 흐른다"
존 윅,개 좀 건들이지마...
존 윅,상당히 취향을 탈것 같은 액션 이런거 좋아하는 나는 뭐지?
존 윅,나에게는 무용한 것이 누군가에겐 전부일 수 있다.
존 윅,섬세한 총기액션과 잘 짜여진 독특한 세계관의 만남
존 윅,69년식 머스탱 그냥 지나치기 VS 멍청한 아들 살리려다가 조직 몰살 당하기
존 윅,존 윅이라는 인물을 가장 잘 표현하는 100분
존 윅,개쩌는 액션을 보여주기 위해 개는 명분일 뿐.
존 윅,참 속좁고 찌질하게 만들어진 배역을 꾸역꾸역하는 키아누리브스
존 윅,젊은 키아누리브스의 현란한 액션^^
존 윅,B+ 키아누의 개를 건드리면 안되는 이유
존 윅,"개 한마리 잘못 죽여서, 2023년 현재, 시리즈 4편에 곧 스핀오프 개봉까지... 이 정도면 하늘에서 요세프는 뿌듯할 듯."
존 윅,액션그자체만으로도 최고
존 윅,존윅시리즈 중 가장 말도 안되는 이유로 싸우는데 가장 납득이 된다. 절제되고 간결한 분위기가 가장 좋았다.
존 윅,개조심 존윅조심
존 윅,액션에 온 힘을 줬더니 스토리와 개연성은 어디로갔나...
존 윅,#🤜 눈이 닳도록 봤던 총격전이 예술로 변모하는 순간.
존 윅,키아누의 화려한 부활
존 윅,사람 빡치게 해놓고 미안하다 안하는 게 그렇게나 열받을 때가 있긴 해
존 윅,새로운 액션 시리즈를 위한 초석을 잘 잡았다
존 윅,이보다 시원한 액션이 있을까
존 윅,지켜보는 그 순간에는 사정없이 빠져드는 강한 액션.
존 윅,개는 건들지말자
존 윅,살을 주고 뼈를 취하는 액션
존 윅,개조심
존 윅,클리셰 마저도 그라면 납득이 되는 묵직한 한방의 영화
존 윅,.
존 윅,"색다른 뒷세계의 묘사, 섬세한 총기액션. 이제 시작일 뿐."
존 윅,근본이없다
존 윅,좋은 액션영화
존 윅,그냥 그런데...
존 윅,호평이 많길래 많이 기대하고 봤는데 그저 그랬던.
존 윅,!!!!
존 윅,처음 봤을때는 극도로 사실적인 액션에 충격을 먹었다. 오늘 다시 보면서 느낀 점은 액션만이 이 영화의 전부가 아니란 점이다. 존 윅이란 사람에게 빠질 수 있는 모든 요소가 있다.
존 윅,잔인함 퀄리티 좋은 총게임 하는 느낌
존 윅,각자 소중한 것이 다 다르다는 것을 존윅이 보여주었다. 그 나머지는 총격신이 모조리 채웠다.
존 윅,그 어느 영화보다 독보적인 핏빛 액션.
존 윅,탕탕탕
존 윅,개는 건들지 말자
존 윅,우직한 정공법의 맛
존 윅,총 범벅인것만이 조금 아쉬운.. 그래도 간단한 플롯을 이렇게 길게 끌어가는 액션 영화는 오랜만!
존 윅,최근 본 킬링타임용 영화 중 가장 재밌게 봤다고 할 수 있을 정도로 마음에 들었다. 다만 격투씬은 좀 아쉽네...
존 윅,강아지를 건들면 x되는 거야.라는 어느 네티즌 글을 보고 ‘그런 서사가 가능해?‘하고 당황했다. 그런데 그냥 강아지가 아니잖아ㅋㅋ 패션과 액션과 그들만의 규율이 섹시해서 멋짐.
존 윅,그저 그런 영화
존 윅,강아지는 선 넘었지.
존 윅,전매특허 액션의 시작
존 윅,유명해서 기대를 너무 많이 했나보다
존 윅,엇나가지 않고 우직하게 한 길만 간다
존 윅,액션 하나로 끝을 본다
베테랑 2,"선과 악의 경계가 무너지고, 명쾌한 해답을 건내기 보단 넌지시 질문을 던진다."
베테랑 2,범죄도시들보다는 통쾌함이 약하고 그렇다고 웃긴포인트를 기가막히게 잡아내는 것도 아니면서 디플에서 먼저 공개된 비질란테와 놀라울 정도로 유사한 이 영화를 어쩌면 좋을까
베테랑 2,류감독 나이들었나? 감을 잃었네.. 스토리 개연성도 없고 그저그런 액션 추석 맞춰 개봉할라고 서둘럿나.. 보는내내 뭐지... 이런기분
베테랑 2,정해인 연기 진짜 잘한다.. 섬뜩하게 웃는 연기 대박인듯
베테랑 2,영화보는 내내 하품~~ 완성도면에서 1편이 훨씬 더 재밌음. 다 보고 나오는데 갑자기 영화 군함도가 생각이 나는 이유는 뭘까? 싸우고 부수고 뭔가 열심히 한거는 같은데.....ㅠ
베테랑 2,류승완 감독이 속편을 허투루 만들지 않겠다는 의지가 초반 5분만에 읽혀진다
베테랑 2,스토리 설정에 따른 설명이 너무 없고 < 범죄도시 >시리즈를 신경 쓴 티가 난다. 9년을 기다린 베테랑 2는 기대 이하. 1에 비해 너무나도 재미가 없었다.
베테랑 2,계단에서 굴러떨어질때 잔인한 장면이 나왔지만 몰입감 때문에 지루하지않고 간만에 메가박스 가서 범죄도시4이후로 재밌게 보고왔습니다 10점 드려요!!!
베테랑 2,빌런 알고봐도 재밌었네요 아침조조로 봤는뎌 간만에 잼나게봤습니다
베테랑 2,'형사 황정민과 아빠 류승민 그리고 해치에 관한 영화'
베테랑 2,역시 베테랑- 진짜 베테랑 같은 영화였어요! 내용도 시원하고 액션 장면도 시원하고 좋았어요
베테랑 2,1편보다 임팩이 약했다는 평이 있으나 1평과 질문과 답이 다른 영화..현사회에 문제점을 제대로 짚은 영화 연휴에 가족들과 황정인 정해인 믿고봤습니다 연기쵝오~^^ 정해인의 재발견
베테랑 2,가볍게 볼만한 킬링타임용 영화 추석시즌에 맞춰서 잘 나온듯
베테랑 2,더 나아진 액션씬 액션에서 들리는 타격감의 뛰어난 음향!! 전편보다 훨씬 나아진 스토리 구성 쿠키의 반란!!
베테랑 2,정말 머리찍고 진심으로 말하는데 보지마세요 내역대급 최악 ㅠㅠ 영화였음 누가 공짜 보여 줘도 보지마세요 시간 아까워요
베테랑 2,황정민 정해인 액션 자연스러워요. 좋아요 구걸하는 꾼들을 향한 풍자도 있고 가족애도 있고 재밌게 봤어요.
베테랑 2,비 내리는 액션신이 너무 좋았습니다
베테랑 2,과장된 현실의 문제 빌런의 빌드업을 결말에서 스스로 망가뜨린다
베테랑 2,액션 너무 멋지네요. 정신없이 재미 있게 봤어요. 리뷰에서 쿠키영상 보래서 기다렸는데 다들 나가시는데 기다렸더니 나오더라고요. 동네 영화관에서 봤는데 좋은 영화관서 다시 볼 예정
베테랑 2,액션에 한번 끄덕이고 메시지에 두번 끄덕이지만 영화의 완성도에는 갸우뚱함만 남는다.
베테랑 2,올해 최악의 영화. 감독 내리막의 정점을 찍은 영화. 의미없는 사회적 이슈소재. 80년대에나 통할 개그코드. 억지로 껴넣은 1편 명대사 모음집. 필요없는 팀원. 서사없는 악당.
베테랑 2,이제 그만 시리즈 접어라~ 내용도 없고 구성도 엉성해서 졸러 재미 없다~ 이러니 영화가 망하지~ 괜히 사람들이 OTT로 넘어가겠니? 이따위 망작 영화들 때문이지
베테랑 2,배우들 액션신 힘들게 찍은것같아보여서 짠한 느낌👏👏👏
베테랑 2,해인님 나온다해서 보게 됬고 역시나 해인님의 연기.액션.연기변신이 돋보인 작품입니다 해인님만 보였고 독보적 연기와 액션에 소름 돋았습니다
베테랑 2,액션은 좋아졌지만 케케묵은 정의론은 지겹다.
베테랑 2,호불호가 강해서 생각없다가 심야로 봤는데 너무 재밌게 봤어여 ㅎㅎ정해인눈빛과 생각지도 못한 출연진 보는 재미까지 시간가는줄 모르고 봤네요
베테랑 2,정해인 눈깔연기에 시간가는지 모르고 봄 다크하지만 메세지가있고 감독의 고민이 이해됨
베테랑 2,안 보면 후회함
베테랑 2,정해인이 캐리했따!!!!!! 재밌었어요^^
베테랑 2,정해인의 연기력짱 남산에서의 액션을 내가 본 것중 최고였어요
베테랑 2,과하지 않음서 적당한 이런 액션 영화면 100 번도 더 가서 볼거 같아요.
베테랑 2,말하고자 한 바가 뭔지는 알겠으나... 이야기를 풀어가는 과정에서 몰입도가 떨어진다.. 사회 현실 꼬집은 것은 좋았음
베테랑 2,"옆에 아저씨 코골며 볼 정도로 스토리도 뻔하고 내용도 안맞고 시나리오가 개 엉성한, 추석에 개봉하려고 대충만든 영화같아요"
베테랑 2,비질란테랑 범도 시리즈가 느껴짐
베테랑 2,사적제재와 온갖 요즘세상에 군림하는 사건들속에서 감독의 메세지에 스며든다. 1보다 재밌었음
베테랑 2,전체 스토리가 예상됐지만 몰입감있는 연출로 지루하지는 않았다.
베테랑 2,악을 처단하는 악은 결국 위선이다.
베테랑 2,별로예요. 황정민 연기가 이제는 식상하고 무언가 어색한 느낌이었습니다. 하지만 정해인의 연기는 좋았네요.. 뻔한 스토리에 억지스러운 장면도 많아요.
베테랑 2,"더 무뎌지고, 더 평이해졌다. 그래도 시장에 이만한 영화가 없다."
베테랑 2,이렇게까지 욕먹을 영환가...?
베테랑 2,류승완적인 미학과 철학이 담긴 영화..! 친구랑 외마디 비명을 지르면서도 촛점 하나 흐트리지 않고 끝까지 재밌게 봤네요~! 사람이든 영화든 진짜는 강하다~!!💙🧡😘
베테랑 2,비질란테 미만 범죄도시처럼 드립칠려다사 실패
베테랑 2,솔직히 내용은 뻔했는데 정해인 때문에 재밌었다... 진짜 정해인 연기력+얼굴이 레전드였음
베테랑 2,"재미나 스토리의 개연성 등은 아쉽지만, 최근에 대두되고 있는 사회문제에 대해 질문을 던지는 거 같다. 물론 그걸 우리가 베테랑에서 기대하는 건 아니였던 거 같다."
베테랑 2,솔직히 이런 영화는 망해야지 명성따위로 성공하는건 아닌듯 싶네요 안보현은 왜 나온건지 아시는분??
베테랑 2,베테랑1에 이어 베테랑2도 재밋게 봤습니다. 추천합니다. 쌍천만 가자아~~~~
베테랑 2,비질란테가 바로 생각나는 소재 개그포인트가 없어 보는 내내 정색함 사이다 포인트도 없고 심리극을 의도하다가 실패한 작품 같음 범죄도시가 얼마나 갓영화인지 새삼 느끼게 해줌
베테랑 2,시즌1에 못지 않게 재밌었다. 캐릭터부분에선 확실이 더 재밌었지만 전체적인 스토리구성은 조금 아쉬운듯 하다..
베테랑 2,안보현 눈빛에 녹아요 재미있었음
베테랑 2,민망할 정도다. 스토리 빈약. 오버연기 불편. 에피소드 영끌. 추석연휴 가장 후회한 선택
