﻿movie_title,review
모텔 캘리포니아,연출 연기 영상미 음악 모두 좋습니다 :) 요즘 따뜻하고 아름다운 드라마 찾기 어려운네 모텔 캘리포니아가 딱 그런 드라마인거 같아요!
모텔 캘리포니아,연기구멍 없음 연출 오스트 좋음 눈호강귀호강 드라마
모텔 캘리포니아,너무재밌어요~
모텔 캘리포니아,원작보다 훨씬 잼나고 빠른전개 몰입감 최고 현실성 있는 들마에 남주여주 첫사랑 앓이 시작 설레고 시원하고 뭉클함이 더하게 찰떡 ost 다음편이 너무 흥미진진 기대만땅
모텔 캘리포니아,남녀 주인공이 참 예쁘네.
모텔 캘리포니아,모든 캐릭터가 살아있다.
모텔 캘리포니아,인생은 혼자 보다는 서로 도움이 필요하다고 느낄 세상사는 이야기 따뜻한 느낌 재미있고 울컥하기도 화나기도 응원하기도 암튼 꼭 봐야할 들마 첫사랑 순수커플 배우들연기도 빈틈없음
모텔 캘리포니아,갓벽 ost 좋은 연기 괜찮은 연출
모텔 캘리포니아,"대본과 연출, 배우.. 틈이 없어요. 모두 완벽함.."
모텔 캘리포니아,"드라마 연출이 이렇게 중요합니다. 아무리 좋은배우 각본이라도 연출이 이상하면 보기 힘들죠. 이 드라마는 영상미,연출,음악 뭐하나 빠지는게 없네요. 찾던 드라마 입니다."
모텔 캘리포니아,오랜만에 재밌는 작품인데??!!
모텔 캘리포니아,재밌어요 진짜..순애보 잔잔 감동..사이다도..😊
모텔 캘리포니아,요즘 이런 드라마 찾기 쉽지 않은데 오랜만에 아련한 드라마 보니까 좋네요~
모텔 캘리포니아,현재삶에서 있을수 있는 아픔 고통 연기로 잘보고 있어요 세영배우 늘감사
모텔 캘리포니아,👍
모텔 캘리포니아,음악 영상 연기 다 좋아요~ 오랜만에 설레이고 기다려지는 드라마입니다. 그리고 제 마음을 어루만져주는 그런 느낌이 드는 드라마네요^^
모텔 캘리포니아,새롭게 변신한 개사이다 캐릭터 지강희 이세영 연천이다
모텔 캘리포니아,간만에 재미있는 드라마 나옴. 강추합니다. 이세영나인우연기도좋고 연출도 세련되어 눈이 호강합니다.
모텔 캘리포니아,앞으로가 더 기대되는 드라마
모텔 캘리포니아,몰입이 잘되고 동화같은 감성의 화면이 매력적
모텔 캘리포니아,역시 믿보배 이세영👍
모텔 캘리포니아,"연기, 연출, 서사 너무 좋아요 틀에 박힌 느낌이 아니라서 더 좋으네요"
모텔 캘리포니아,갈수록 재미있음
모텔 캘리포니아,진짜 잘만든 드라마 연기연출음악 다 좋아요
모텔 캘리포니아,최민수의 자애롭고 편안한 아버지의 역할이 인상적이다.
모텔 캘리포니아,"이기적인 사랑, 헌신적인 사랑. 사랑은 평등하지 않다."
모텔 캘리포니아,이세영이랑 나인우 캐미가 좋네 특히 이세영 연기하는거 첨봤는데 사랑스러운 캐릭터네 재밌게 보고있다 좀 유치하긴한더 웹툰이라 어쩔수 없나봐
모텔 캘리포니아,쏘쏘... 너무 이쁘게만 연출하려고하는 듯 원작을 모르는 채로 보니 이해가 안되는 부분이 있지만 볼만함
모텔 캘리포니아,"스토리,연출 다 완벽해서 볼맛 나는데 왜 안뜨는지 모르겠는 드라마.. 유명해져라ㅏ"
신병 시즌 1 PART. 1,군대의 어색함과 어두움을 코믹함으로 물리치다.
신병 시즌 1 PART. 1,원작을 잘 살린거 같다.
신병 시즌 1 PART. 1,희노애락이 다 담겨있는 작품. 보다보면 캐릭터 한명한명에게 애정이 생긴다.
신병 시즌 1 PART. 1,DP가 헌병이라면 이건 찐 군생활이지 더른건 몰라도 최일구는 군인 그잡채….
신병 시즌 1 PART. 1,진짜 더도 말고 덜도 말고 이게 군대지 과한 군대물이나 약한 군대물이나 그 사이의 기준점이 될만한 리얼 군대물이다
신병 시즌 1 PART. 1,진짜 군대로 돌아간 듯한 실감나는 내용이 마음에 들었다.
신병 시즌 1 PART. 1,"""우리는 그 언젠가 누군가의 신병이었다"" 군대를 비롯한 모든 사회생활에 적용되는 미친 공감의 드라마 221015"
신병 시즌 1 PART. 1,원작 보고 보았는데 진짜 배우분들 찰떡궁합으로 캐스팅 되었네요
신병 시즌 1 PART. 1,싼티나는것 같지만 충분히 유쾌하고 각색 또한 좋았다
신병 시즌 1 PART. 1,존잼ㅋㅋㅋ
신병 시즌 1 PART. 1,군대의 코믹한 부분과 어두운 부분을 잘 살려낸것 같다 그러나 몇몇 배우들의 연기가 살짝 아쉬웠다
신병 시즌 1 PART. 1,코미디인 줄 알았는데 현실호러
신병 시즌 1 PART. 1,"웹툰을 기반으로 캐릭터를 살려주는 배우들, 탄탄한 내용 너무 만족스러웠다"
신병 시즌 1 PART. 1,멈출 수가 없네..
신병 시즌 1 PART. 1,군대 ptsd ... 군대 드라마중 제일 재밌게 봤고 시즌2가 기대되는 시리즈
신병 시즌 1 PART. 1,캐스팅이 미쳤다. 어디서 저렇게 하나같이 다 캐릭터 찰떡인 배우들을 섭외했을까 ㅋㅋ
신병 시즌 1 PART. 1,원작을 살리면서도 드라마만의 오리지널 캐릭터를 잘 녹아낸 사례. 코미디와 스릴러(?)의 적당한 조합. 개인적으로 넷플릭스였다면 DP 정도로 입소문이 퍼졌을거라 본다
신병 시즌 1 PART. 1,시간가는 줄 모르고 봤습니다. 쏘 리얼~ 군대 내에서 벌어지는 일이니까 D.P랑은 전혀 다르죠. 시즌2 기다리고 있습니다
신병 시즌 1 PART. 1,찐 군대물!! 군대 생각이 나면서 보게 되는..
신병 시즌 1 PART. 1,군대가기 싫어요 제발 ㅠㅠㅠ진짜 저러진 않겠지 저 폐급 아오
신병 시즌 1 PART. 1,가장 재미있는 남의 군생활 가장 몰입이 잘 되는 군생활 PTSD 유발은 서비스
신병 시즌 1 PART. 1,상명하복의 원칙만이 있는 곳에 포식자의 후계자가 온다. 발상의 전환이 너무 재밌었다. 하지만 실화라니.ㅎㅎ
신병 시즌 1 PART. 1,-
신병 시즌 1 PART. 1,군생활은 예나 지금이나 비슷하다
신병 시즌 1 PART. 1,장삐쭈 원작을 다 본 상태에서 봐도 전혀 어색한 연기 장면이 없다. 스토리가 일부 바뀌긴 했지만 그래도 원작에 충실한 느낌이다. 연기자들의 연기도 너무 좋았다!!
신병 시즌 1 PART. 1,동일한 소재의 다른 작품들보다 조금 더 몰입되고 공감가는 군대 이야기. (1~5화)
신병 시즌 1 PART. 1,예전 군생활의 트라우마
신병 시즌 1 PART. 1,원작에 충실하니 완벽한 작품이 되었다
신병 시즌 1 PART. 1,롤리폴리
신병 시즌 1 PART. 1,군 필자 추억소환!
신병 시즌 1 PART. 1,군대시절 알싸한 추억이 진동한다 아 코 매워라
신병 시즌 1 PART. 1,코미디와 드라마가 적절한 조화.. 간만에 너무 몰입해 본 드라마!!
나는 SOLO <나는 솔로>,매번 기수마다 너무 코미디 같고 재미있어 한주가 기다려지는 프로그램
나는 SOLO <나는 솔로>,진짜 이거보면서 세상엔 다양한 사람들이 참 많구나를 느꼈다. 패널들의 감초역할까지 더해져서 볼맛나는 예능? 이었다
나는 SOLO <나는 솔로>,연애프로그램을 가장한 확신의 예능!!!!
나는 SOLO <나는 솔로>,나솔은 연애프로그램이 아니라 휴먼 다큐다 🤣
나는 SOLO <나는 솔로>,.
나는 SOLO <나는 솔로>,대한민국 5천만 인구 중 3천만 종류의 인간 군상을 단번에 확인 가능
나는 SOLO <나는 솔로>,욕하면서 정드는 프로
나는 SOLO <나는 솔로>,여러 인간군상을 여기서 알게되고 대처방법을 배운다
나는 SOLO <나는 솔로>,도파민!!!!!
나는 SOLO <나는 솔로>,소녀처럼 들어가 숙녀가 되어 상남자처럼 들어가 소년이 되어 나간다
나는 SOLO <나는 솔로>,"내 인생 휴먼 다큐 매주 수요일만 기다립니다 ㅋㅋ 있는 그대로의 모습들로 흥미 진진,,"
나는 SOLO <나는 솔로>,현실 도파민 폭발
나는 SOLO <나는 솔로>,도파민으로 모쏠돌싱이 최고인듯 거의 치사량수준의 도파민
나는 SOLO <나는 솔로>,나는 솔로 이걸 누가 보냐 하다가 어느샌가 나도 보고 있었다. 처음에는 출연자를 보며 욕하고 비웃다가 어느샌가 내 이야기 아닌가 하는 생각이 들어 숙연하게 만드는 유일한 예능이다.
나는 SOLO <나는 솔로>,ㅋㅋㅋㅋ이만한 즐거움을 주는 것이 있을까!!! 사람관찰을 아주 적나라하게!!
나는 SOLO <나는 솔로>,연프 1도 안보는 내가 본 첫 연프. 사실 연프라고 불러선 안된다. 다양한 사람들의 다양한 심리와 행동을 볼 수 있는 휴먼다큐. 반성과 교훈을 얻을 수 있다.
나는 SOLO <나는 솔로>,나는솔로는 연애프로그램이 아니다.다큐다.다른 연프들에서는 절때 나올 수 도없고 나오지도 않는 정말 현실적인 부분들이 나오고 담아내는 연프임
나는 SOLO <나는 솔로>,최근 우후죽순 생겨나는 짝짓기 예능 속에서 그나마 가장 진정성이 느껴진다.
나는 SOLO <나는 솔로>,나는솔로 때문에 일주일 중 수요일만 기다립니다… 힘든 일주일 중 힐링…아닌 힐링..을 하는 타임
나는 SOLO <나는 솔로>,연출은 올드하나 재밌음
나는 SOLO <나는 솔로>,"정말 세상엔 다양한 사람이 있다는걸 새삼 깨닫고, 저도 같이 심쿵하면서 보게되네요 ㅎㅎㅎ"
나는 SOLO <나는 솔로>,나솔 돌싱편만 보는 사람 나야 나ㅋㅋㅋ
나는 SOLO <나는 솔로>,날 것 그대로의 연애프로그램!
나는 SOLO <나는 솔로>,재밌는 편만 재밌음
나는 SOLO <나는 솔로>,mc하드캐리 방송. 본 경기보다 해설의 임팩트가 더 크다 개발자랑 삼성및 대기업들이 왜 못갔는지 잘 알겠는 방송.
나는 SOLO <나는 솔로>,조금 외모 지상주의로 빠지는 경향이 있고 나오는 출연자님들의 구설이 나와 아쉽긴 하지만 솔직한 리얼 연애 프로그램이라 재미있게 보고 있다. 가끔 과한 설정이 눈쌀을 찌뿌리게도하지만
나는 SOLO <나는 솔로>,16기 하나만으로 관찰 예능의 한 획을 그은 것이 자명 최근 한 달 내 도파민 분비의 8할을 차지하는 중
나는 SOLO <나는 솔로>,재밌다아아아어어
나는 SOLO <나는 솔로>,인간다큐
나는 SOLO <나는 솔로>,도파민의 정석...
나는 SOLO <나는 솔로>,제작진이 출연진들한테 너무 잔인한 것 같음...
나는 SOLO <나는 솔로>,20기 뽀뽀는 정말 길이 남을 레전드
나는 SOLO <나는 솔로>,다떠나서 이렇게 출연진이 다 솔직하게 나오는 연프는 없음 매기수가 모두 재밌는건 아니지만 예능의 개념에 가깝게 볼수있다
나는 SOLO <나는 솔로>,"명성이 자자하여 최근 1회만 시청하였으나 연예세포가 없어서인지 왜 사람들이 열광허는지 잘 모르겠다. 연예 대상을 방송의 형태로 찾고, 자신의 진실성이 왜곡될 가능성에 왜 배팅하나"
나는 SOLO <나는 솔로>,애정촌부터 이어지는 날것들의 연애
나는 SOLO <나는 솔로>,유명 빌런 영철편 잊지못해
나는 SOLO <나는 솔로>,도파민의 끝판왕. 완전 다큐
나는 SOLO <나는 솔로>,마라맛
나는 SOLO <나는 솔로>,매주 흥미진진하다
나는 SOLO <나는 솔로>,화딱지 나지만 세상에 다양한 사람들을 볼 수 있는 놀라운 교훈형(?)예능 그리고 연애프로그램
나는 SOLO <나는 솔로>,제작진의 캐스팅 능력과 MC들의 진행력에 즐겁게 보고 있습니다
나는 SOLO <나는 솔로>,2023 온갖 인간 군상의 집합
나는 SOLO <나는 솔로>,재밌었어욘 ㅎㅎ
나는 SOLO <나는 솔로>,인생공부 연애체험
나는 SOLO <나는 솔로>,"왜 혼자인지 제3자의 눈으로는 보이지만, 정작 당사자는 이유조차 알지 못하는 아이러니."
나는 SOLO <나는 솔로>,남 연애 엿보기
나는 SOLO <나는 솔로>,"나만의 연애 오답노트, 이들이 왜 솔로인지를 보여주는."
나는 SOLO <나는 솔로>,자극의 절정판
나는 SOLO <나는 솔로>,사람의 심리와 행동을 분석하기 좋은 작품.
나는 SOLO <나는 솔로>,매주 기다립니다
파프리카,곤 사토시가 제안하는 현대 사회의 이미지
파프리카,"한줄평 - 이보다 더 훌륭한 꿈을 소재로 한 영화는 많겠지만, 이보다 더 훌륭하게 꿈을 표현한 미쟝센은 없다"
파프리카,3점 준 걸 고맙게 생각해라 일일이 열거하기도 손 아프고 입 아픈 음습하고 더러운 속내.
파프리카,화려한 미장센에 별2개
파프리카,화려하고 다채로운 색감으로 꿈과 현실 사이에서 줄타기를 한다.
파프리카,애니메이션이라면 가져야 할 미덕을 모두 갖춘 영화.
파프리카,어지럽게 머리를 한 대 치는 퍼레이드.
파프리카,진실도 꿈도 잘 간직할 것
파프리카,.
파프리카,"결말에서 탄식했지만, 내 꿈이라고 생각해버리지 뭐."
파프리카,가만히 있지 못하고 이리저리 튀는데도 꿈처럼 빠져든다.
파프리카,놀란감독이 파프리카를 보고 인셉션시나리오를 마무리했다는 소문이 있다 보고나니 소문은 사실인것 같다 애니메이션이라 무의식의 표현이 완벽했다
파프리카,"믿을 수 없는 일이 많이 벌어질 땐 말이야, 스스로를 가장 믿는 사람이 이기는 거다. 200117"
파프리카,"선후,앞뒤 조차 뒤죽박죽인 꿈의 세계. 반짝 반짝 빛나는 아이디어가 애니메이션으로 구현되기에 찰떡이다. 사랑에 있어 유치한 점들이 보이지만 사랑은 유치한게 본질"
파프리카,실사영화가 영상화할 수 있는 것의 한계를 훌쩍 넘어설 수 있는 애니메이션의 독보적인 매력과 존재 이유를 증명해준 완벽한 저패니메이션
파프리카,몽환적인 미지의 세계로의 환상적 여로
파프리카,"꿈 같은 꿈, 그 속에서 벗어날 수 없는 진정한 황홀경."
파프리카,이렇게나 아름답고 낭만적이면서 기괴하고 끔찍한 꿈의 이미지를 화면으로 엿보는 시간이 즐겁다.
파프리카,내가 뭘 본거야?
파프리카,천년여우 꿈버전.
파프리카,참신하고 화려하며 전개도 빠르고 재미있다
파프리카,꿈이란 허상과 욕망이 한데 뒤섞인 아수라장.
파프리카,엄청난 꿈을 만나다.
파프리카,기괴한 호접지몽
파프리카,아이처럼 꿈을 꾸는 어른들을 위한 한바탕의 축제
파프리카,현실 속에서 펼쳐지는 꿈들의 향연. 그 어떤 일이든 가능하기에 이상하고 아름다운 꿈의 나라.
파프리카,살아계셨다면 일본 예술 애니메이션 영화의 차세대 거장이 될 수도 있었는데... 너무 안타깝다.
파프리카,인셉션은 SF. 파프리카야 말로 깊게 자고 일어난 백일몽.
파프리카,묻어둔 감정들은 결국 꿈으로 터져나와버리니
파프리카,인간이 꿈 속의 욕망을 오롯이 기억하지 못하는 것은 축복일까 저주일까
파프리카,멋있다! 일본 애니에서만 느낄 수 있는 매력! 퍼레이드 장면과 음악은 오래도록 잊지 못할 것 같다. 특히 내 어릴적 꿈과 비슷해서. 2020.09.28에 7년만에 다시 봄.
파프리카,감독의 꿈을 엿본듯한 작품. 하지만 일본 특유의 여성관은 역시 끔찍하다.
파프리카,"영화 같은 꿈, 꿈 같은 영화. 영화가 존재하는 이상 영원히 지속될 그 꿈을 헤매고 싶은 우리."
파프리카,"장자도 놀랄만한 꿉꿉하고 기괴한 감성, 파프리카처럼 정말 매콤 달콤한 영화."
파프리카,너무 기대를 했나? 좀 지루했지만 애니메이션만 할 수 있는 연출이 좋았다. 그리고 일본인들은 여캐를 성적으로 쓰지 않으면 죽는 병이라도 걸렸는지...
파프리카,살짝 난해하고 전체적으로 기묘한데 묘한 맛이 중독적이다
파프리카,꿈속의 꿈 나도 누군가 들여봐준다면 기록으로 남기고싶다
파프리카,애니메이션이라서 할 수 있는 모든 기교를 영화에 넣었다는 점이 맘에 드네요.
파프리카,어지럽고 난해한데 너무 재밌어요
파프리카,"침잠한 감정과 후회가 맴도는 그 곳, 새롭지만 전혀 새롭지 않은 꿈의 세계. 그 안을 헤쳐나갈 답은 결국 우리 안에 있다."
파프리카,요상한 영화 작화는 기가 막힌다
파프리카,내가 바라는 꿈의 세계를 잘 구현한 걸작
파프리카,지브리가 아닌 극장판 일본 애니메이션 보고 감탄한건 10년만이다. R-18이긴 하지만... 그만큼 발상을 기가 막하게 표현해서 좋았던거 같다. 요약하면 일본판 인셉션.
파프리카,"꿈에 관한 유쾌하기 그지없는 영화, 아 씨바 할 말을 잊었습니다."
파프리카,꿈과 현실의 경계를 넘나드는
파프리카,결말 좋았어.....아기에서 적을 흡수해 성장하며 어른이 되는 게 너무 좋았음 결국 꿈일 뿐이고 사람은 꿈을 연료로 좌절하고 슬퍼하고 기뻐하고 희망을 가지며 성장하게 하니까
파프리카,내용도 좋고 음악도 좋아
파프리카,인셉션은 따라할 수 없는 진짜 상상력의 세계
파프리카,멋진연출 좋은노래 예상치못한 커플...
파프리카,끝판왕 상상력이 집합되면서 분란해진다.
블레이드 러너 2049,인간은 무엇으로 정의할 수 있는가? 블레이드 러너 2049는 과거 리들리 스콧의 1편을 그대로 계승하는 영화다. 1편에서 블레이드 러너 였던 젊은 데커드(해리슨 포드)가 사랑에 빠...
블레이드 러너 2049,전설을 넘어서다 35년 전 리들리 스콧은 누구도 상상하지 못한 세계를 창조한 뒤 거대한 질문 하나를 던져놨다. 35년 후 드니 빌뇌브는 그 세계를 계승해 확장한 후 스콧이 던진...
블레이드 러너 2049,뭔 이야기를 하는거지 모르겠네
블레이드 러너 2049,실존과 혐오의 문제
블레이드 러너 2049,"드니 빌뇌브의 블레이드 러너 2049를 봤다. 그의 영화는 1982년에 나온 블레이드러너이야기를 안할수 없다. 세계관만 갖고온 것이 아니라, 모든 것을 갖고왔다. 내가 ..."
블레이드 러너 2049,우리의 존재를 결정 짓는 건 우리의 행동
블레이드 러너 2049,빛의 마술사와 함께 네온의 지팡이로 실존의 눈과 휴머니즘의 안개를 교반하다.
블레이드 러너 2049,"사람의 본질은 껍데기가 아닌, 영혼 속의 인간성에 실존하기에"
블레이드 러너 2049,나는 사무치는 고독이며 녹아 사라질 눈송이임을
블레이드 러너 2049,인간적임의 의미를 뒤흔드는 길이남을 세계관
블레이드 러너 2049,딴 거 다 모르겠고 영상미가 넘 예쁘다
블레이드 러너 2049,원작과는 사뭇 다르지만 스타일과 퓨쳐리즘을 잘 살려 또 다른 개성의 결과물을 도출하지 않았나 싶다.
블레이드 러너 2049,전편보다는 더 세련되어진 영화!
블레이드 러너 2049,사운드와 영상미는 완벽에 가까웠고 전작의 분위기를 정말 잘 가져옴과 동시에 빌뇌브 감독의 스타일도 잘 녹아있다.
블레이드 러너 2049,한줄평 - <다크 나이트>가 더 훌륭하지만 이보다 훌륭한 시퀄은 절대로 되지 못한다
블레이드 러너 2049,진짜와 가짜의 혼재 속에서 혼란스러운 사랑의 정의와 존재의 명분
블레이드 러너 2049,후속편이 나오기까지 무려 35년씩이나 걸렸다. 그만큼 'SF 영화계 거장'으로 불리는 리들리 스콧의 그림자의 그의 역작 중 하나 '블레이드 러너'를 이어나가는 작업이 매우 어려운 ...
블레이드 러너 2049,"'블레이드 러너 2049'는 흥미로운 영화다. 중간에 해석 곤란으로 나가버리거나, 결말과 함께 손뼉을 치며 나가는 관객도 있기 때문이다. 그 이유로는 상당히 높은 진입장벽을 들..."
블레이드 러너 2049,전설로 꼽히는 SF 고전 명작이 20년이 지나 돌아왔다. 감독은 <시카리오: 암살자의 도시>(2015)와 <컨택트>(2016)를 연출했던 드니 빌뇌브. 할리우드에서 주목하는 감독 ...
블레이드 러너 2049,독특하고 고급진 미장센. 하지만 감독을 모른다면 명성에 비해 실망할지도.
블레이드 러너 2049,분위기가 너무 삭막하고 음침해요.. 왜 저러나 이해 안 되는 장면들도 많고.. 화려한 sf 액션 영환 줄 알았는데 생각보다 지루했어요. 뜬금 노출 장면은 불쾌하고 불필요해보였어요.
블레이드 러너 2049,무엇이 진짜 나를 구성하는가.
블레이드 러너 2049,레전드네버다이
블레이드 러너 2049,일단 미장센의 완성도와 화려하면서도 세심한 화면 구성은 굉장히 인상적이다. 복제인간에 대한 정체성 찾기는 여전히 계속된다. 조금은 느린 전개라 답답하게 느껴지는 분도 있겠지만..
블레이드 러너 2049,두번쯤 봐야 이해되는 부분이 많지만 그래도 나름 전편의 분위기를 살리려 노력했다.. 다만 다음편을 암시한건지 .. 엔딩이 많이 아쉽다.. 개인적으론 이젠 안만들어 졌으면 한다..
블레이드 러너 2049,가장 비 현실적인 곳에서 휴머니티를 찾다.
블레이드 러너 2049,심각한 지루함이 훌륭한 영상미와 세계관을 뒤덮는다.
블레이드 러너 2049,"눈은 호강하지만, 시간은 고문받는 영화. 화려한 영상미로 포장한 지루함."
블레이드 러너 2049,리플리컨트는 인간다운가에 관한 논문.avi
블레이드 러너 2049,드니 빌뇌브의 SF는 항상 화려하지만 사치스럽지 않은 그 맛이 있다. 화이불치형 감독.
블레이드 러너 2049,블록버스터와 철학이 만난다면.
블레이드 러너 2049,영화제목이 주는 선입견과는 다르게 굉장히 무거운 영화
블레이드 러너 2049,그놈의 사이버 챙녀는 이런 소재에 필수로 나오는게 별로임. 전작이 20~30년 전에 만들었던데 그걸 그대로 가져와야했나. 그 점이 촌스러워서 점수 다 깎음. 영상미는 좋았음
블레이드 러너 2049,"지루하긴 한데, 왠지 모르게 K에게는 눈을 뗄 수가 없다."
블레이드 러너 2049,.
블레이드 러너 2049,슬로우 푸드처럼 천천히.. 그리고 확고한 존재감의 속편 탄생
블레이드 러너 2049,숨어있는 그림들이 너무 치밀해서 집중해서 보고싶었다. 케이는 문을 열었고 방은 연결되었다. 영혼이란 무엇인가 인간이란 무엇인가. 181126
블레이드 러너 2049,은근 호불호가 갈리길래 기대를 안 하고 봤는데 상당히 재밌었다. 원작도 보고 싶은 생각이 들었다.
블레이드 러너 2049,한계까지 밀어붙인 정적인 화면과 허무한 드라마는 전편보다 원작 소설의 톤에 더 가깝다.
블레이드 러너 2049,빌뇌브가 왜 메가폰을 잡았는지 이해가 되는 질감과 스토리
블레이드 러너 2049,2049년에 푹 빠져 제발 영화가 끝나지 않기를 바라며 보았다. 하나의 완벽한 세계를 경험했다.
블레이드 러너 2049,인간은 무엇이고 인간적인 것은 무엇인가. 무엇이 우리를 인간으로 정의하는지 생각하게된다.
블레이드 러너 2049,분위기도 좋고 내용도 흥미로웠다
블레이드 러너 2049,뛰어나면서도 스크린으로부터 다가오는 이미지는 전작과 유사하게 뇌리에 박힌다. SF를 가지고 가깝게 다가와 완성된 영화.
블레이드 러너 2049,전작과는 차별된 전개는 좋았지만 영상미에 모든것을 쏟았는지 스토리는 잔잔했다
블레이드 러너 2049,깊고 웅장하다. 하지만 와닿진 않는다.
블레이드 러너 2049,"인간에 복종하는 복제품과 인간성을 싹틔운 복제품, 그리고 그 기로에 서 있는 복제품 간의 고독한 싸움."
블레이드 러너 2049,저 정도면 인간이라고 봐도 되지않나싶고 결국 인간은 무엇인가..를 되내게 된다
블레이드 러너 2049,"오마주에 그치지 않고 스토리, 캐릭터, 비주얼 모두 진화한 속편."
블레이드 러너 2049,믿고 보는 드니 블뇌브.
베놈: 라스트 댄스,베놈(별 활약 없음): 라스트(아님) 댄스(왜 춤?)
베놈: 라스트 댄스,베놈 에디에게 애정을 갖고 재밌게 보긴 봤는데... 진짜 개연성은 찾아볼래야 찾을수가없음... 원래 베놈시리즈에 개연성은 없긴했지만 하...
베놈: 라스트 댄스,I won’t forget you buddy.
베놈: 라스트 댄스,이야기의 흐름이 뜬금없을 때가 많지만.. 그래도 나는 베놈이 그냥 좋다. 그것 또한 베놈의 매력이니까! 귀엽고 매력 넘치는 널 당연히 나는 잊지 않을 거야.😆
베놈: 라스트 댄스,불필요한 상황과 끼워 맞춘 설정과 정신 나간 전개에 얼척없이 고통 받는 베놈 타이틀의 최종장?
베놈: 라스트 댄스,재밌다 그런데 결말은 좀 바꿔주라
베놈: 라스트 댄스,아 쓰레기네 이거 누가 시나리오 썼냐 정말 더 마블스 급이다
베놈: 라스트 댄스,가끔가다 이게 무슨 스토리지 라고 생각할 정도로 개연성이 있진 않다는 걸 영화 보면서 느꼈음. 하지만 재밌는 걸 어떡행!
베놈: 라스트 댄스,정말 베놈다운 마무리. 개연성 개나 준 C급 영화
베놈: 라스트 댄스,좋은 포인트들이 곳곳에 숨어있는 의외로 괜찮았던 영화
베놈: 라스트 댄스,베놈 라스트댄스
베놈: 라스트 댄스,자꾸 똥맛으로 보는 영화라면서 봐 주니까 설사맛으로 나와 버린 '라스트 댄스'
베놈: 라스트 댄스,베놈이 아니라 개놈
베놈: 라스트 댄스,베놈 3 유스포 후기
베놈: 라스트 댄스,베놈과 에디의 순애…
베놈: 라스트 댄스,슬라임 유행이 끝난 지가 언젠데.. 색깔 별로 가져오면 우리가 좋아할 줄 알았나.. 잘가 에디.. 잘가 하디..
베놈: 라스트 댄스,"뻔한 서사, 헐리웃 CG액션 (+쿠키 2개)"
베놈: 라스트 댄스,베놈 시리즈 마지막을 장식하는 기념비적인 작품!!
베놈: 라스트 댄스,“중요한 건 꺾일 줄도 아는 마음”
베놈: 라스트 댄스,심플하고 여운을 주며 끝난 베놈과 에디의 우정
베놈: 라스트 댄스,아쉽지 않은 마지막..
베놈: 라스트 댄스,뭐든1편만한것이 없는듯.
베놈: 라스트 댄스,"개연성 없이, 재밌고 귀여운게 “베놈”인데? 너무나도 베놈 다운 마무리였다"
베놈: 라스트 댄스,"전작을 안 봤어도 늘 알던 사이 같은, 못 본 새 더 가까워진 베놈"
베놈: 라스트 댄스,시원섭섭하지만 장렬했던 심비오트들의 마지막 군무
베놈: 라스트 댄스,암만 봐도 기생수. 훨씬 더 재밌게 만들 수 있었는데... 첸 아주머니
베놈: 라스트 댄스,볼 만하다. 잘 만든 건 아니야.
베놈: 라스트 댄스,자본의 힘으로 연명해 탄생한 안타까운 마지막화
베놈: 라스트 댄스,이제 소니 SSU 작품들은 극장에서 안볼듯
베놈: 라스트 댄스,가오갤처럼 퇴장하고 싶었구나...
베놈: 라스트 댄스,배놈 어셈블
베놈: 라스트 댄스,노래 메모리 영상 잘만들었네요 ㅎㅎ
베놈: 라스트 댄스,난해하네..
베놈: 라스트 댄스,"전반적으로 그게 뭔데 씹덕들아 분위기 베놈이 에디를 너무 사랑함 근데 그게 내용의 전부.... 개억지설정 개억지전개 잘봤습니다. 액션, 히어로영화 × 인간♡외계인 로맨스영화○"
베놈: 라스트 댄스,에디와 베놈의 6년간의 여정끝에 마지막까지 빛나는 케미
베놈: 라스트 댄스,와 진짜 거짓말이 아니라 베놈들이 막 싸울때 졸린거 겨우 참다가 잠들어서 베놈 어케 됐는지 못 봄;; 하…
베놈: 라스트 댄스,"베놈의 어이없음, 그 맛에 속아본 카니지의 헛웃음, 맛에 또 속을 준비가 되어있다면 라스트댄스도 같다."
베놈: 라스트 댄스,"엔드게임+어셈블=라스트댄스, 줄거리나 서사 없이 그냥 베놈과 에디의 브로맨스로 가득찬 영화"
베놈: 라스트 댄스,돌아와 줘요 제발
베놈: 라스트 댄스,뻔하지만. 웃기고 슬퍼 그래서 볼만 했음 무슨 베놈에 개연성을 바래 ㅋ
베놈: 라스트 댄스,베놈2 + 신파 = <베놈: 라스트댄스>
베놈: 라스트 댄스,"딱 예상만큼, 하던만큼."
베놈: 라스트 댄스,.
베놈: 라스트 댄스,소니 마블의 베놈 호감작 대실패 선언 영화
베놈: 라스트 댄스,걸맞지 않은 제목과 그에 억지로 맞춘듯한 컨셉
베놈: 라스트 댄스,"전반적으로 개연성 엉망에, 왜 나오는지 모르겠는 인물들과 왜 나오는지 모르겠는 떡밥들이 널려 있는데, 수습할 생각 자체가 없다."
베놈: 라스트 댄스,진짜 짜증남
베놈: 라스트 댄스,그래도 마지막은 잘(?) 마무리 했구나. 고생했어 베놈.
베놈: 라스트 댄스,"개연성도 스토리도 그 무엇도 없이 오직 에디와 베놈의 캐릭터성으로 모든 것을 채우다... 1,2편 모두 재밌게 봐서 혹평을 받았더라도 재밌겠지 했는데 진짜.... 물음표 그 자체"
베놈: 라스트 댄스,지난 번 영화보다는 훨 낫다
가족계획,"진짜 올해 최고의 시리즈! 스토리, 연기, 분위기, 블랙코미디, 비쥬얼.. 뭐 암튼 뭐든게 다 특급! 넷플릭스에서 오픈 했으면 전세계가 열광했을텐데 아숩"
가족계획,소년시대이후 쿠팡에서 제대로 된 작품나온듯. 배우들 연기 좋고 진행속도 빠르고 블랙 코미디인데 거부감 없음. 나쁜놈들 정신적으로 복수하기 때문에 보는이의 죄책감이 덜함.
가족계획,b급감성 무빙 마녀 졸잼 시트콤 재질
가족계획,나주 아줌마 연기 너무 맛있어
가족계획,진짜 개잼… 꼭보세요
가족계획,4화까지 너무 잼있게 보는 중 6화 완결은 너무 짧다 ㅠ 시즌2 나오리라 믿습니다
가족계획,캐스팅부터 ㅎㄷㄷ 이런게 오티티드라마지
가족계획,빌리보고싶어요
가족계획,진짜 존잼✨
가족계획,역시 배두나스럽다. 굿!
가족계획,짧고 확실한 전달력. 배우들의 개성들이 넘치는 특이한 매력을 가진 시리즈
가족계획,소재는 나름 키치하게 괜찮은데 대사 센스가 처참함.
가족계획,빨리 나오면 좋겠다.
가족계획,완전 노잼 계속 화면 전환하면서 사람이 바뀌니 집중 안되고 뭔 내용인지 모르겠음... 재미있다는 사람 바이럴인가;;
가족계획,일화보다 껐어요 배두나 보고싶어봤는데 일단 쌍욕이 너무 많고 고구마캐릭터와 연기가 걸리는 분들이 있네요 아 아깝다 배두나 왜…지
가족계획,어디서 많이 본 거 같은 스토리와 설득력이 없고 넘 폭력적이서 가족과 함께 볼 수 없고 로몬 남주 연기가 많이 부족한게 또 보고 싶어 지지 않는 들마
가족계획,재미있게봤어요
가족계획,제목과는 살짝 거리가 멀어보이긴 한데 간만에 본 드라마 중 수작에 속한다. 6편으로 짧긴 하지만 적절한 분량이였다.
가족계획,20년전 촌스러운 x발 x발 감성 연출도 각본도 오글오글 촌스러움..
가족계획,유치함으로 잔인함을 가리고 아무튼 계획대로 된 거라니까 답답함을 덮는다.
가족계획,마지막 반전 내 머리 순간 띵해지네
가족계획,너무 짧은 회차에 많은 내용이 생략됨
가족계획,너무 재밌음 ㅋ
가족계획,간만에 진존잼 한드 나왔네요
가족계획,스토리도 흥미진진하고 등장 배우들 연기가 미쳐 날뛰고있음
가족계획,개잼
가족계획,뭔가 허접하면서 다음이 궁금해지네요 ㅎ
가족계획,2편까지 봤는데 뭔 내용인지 모르겠다 배두나 류승범인데 뭔가있겠지싶어 보는중-
가족계획,명작의 반열임. 계속 생각남.
가족계획,시즌2가 기대되는 드라마
가족계획,근래에 본 작품중 가장 괜찮았던 것 같아요
가족계획,블랙코미디 감정이 없는 사람들이 가족 흉내를 내는데 누구보다도 가족같다
가족계획,효율적인 캐이드라마의 방향성을 제시한 나이브한 대본과 나이스한 연출. 그리고 쿨한 배우들. 모두 사랑스러운 캐릭터로 풀어내는 꿀잼 드라마. 강추! 감독들의 진삼어란 고어는 덤!
가족계획,삐리하긴 해도 유쾌했던 가족액션블랙코미디
가족계획,"기대하지않아서인지 더재미있었다. 마녀,액션,가족애를 범벅했는데 나름 오징어2보다 더재밌게봄"
가족계획,하루만에 다 몰아볼 정도로 몰입감이 좋았다.
가족계획,"가족의 의미를 다소 살벌하게 전달한 수작. 바꿔 말하면, 참신한 접근이었다는 얘기다. 지금의 여운도 좋지만, 시즌2를 봤으면 하는 마음이 더 크다. 그들의 가족계획이 성공이었기를."
가족계획,기대없이 봤는데 너무 재밌어요
가족계획,극한직업의 섬뜩한 매운맛 버전 *백윤식이 젊어 보이게 나온다
가족계획,특이한 가족구성원. 잔인한데 웃기고 웃기지만 생각할 거리가 많은. 시즌2. 갑시다아!!!
가족계획,설정은 재밌었으나 주인공 버프와 잔인함이 필요 이상이라 보는 게 너무 피곤했음
가족계획,너무 잔인하지만.. 류승범이 찰떡이다
가족계획,시즌2 기다립니다. 너무 재밌게 봤어요
가족계획,흥미진진하다. 극심하게 잔인하지만 재밌게 볼 수 있다. 한 편 볼 때마다 내 몸이 다 아픈 느낌..
가족계획,배두나 사이코패스 백윤식 싸움의기술 류승범 프랭크(무빙) 아들 힘순찐 & 소시오 인듯 딸은 분노조절장애. 재밌는데 잔인함.
가족계획,전세계 사람들이 봐야 합니다.
가족계획,"정말 깔끔한 시리즈물. 컨셉 확실하고, 질질 끄는거 없고, 수위 높음."
가족계획,진짜 통쾌하고 화끈해서 너무 즐겁다.
가족계획,잔혹하다. 그러나 설득력이 있다. 마녀와 친절한 금자씨가 합쳐진 듯한. 결론은 멀홀랜드 드라이브의? 적절히 어울어져 좋은 작품이 만들어졌다. 모방이 아닌 창출이 돋보인 작품.
가족계획,연기 좋고 음악 좋고 독특한 설정에 액션까지 좋다. 그런데 만화처럼 좀 과해서인지 이상하게 명드 느낌은 안난다.
바빌론,"세시간동안 공들여 바치는 영화에 대한 러브레터. 가치가 있어서 사랑하는 것이 아니라, 사랑하기 때문에 가치있는 것."
바빌론,미친 영화
바빌론,영화를 향한 짝사랑이 가닿지 못했지만 역사에 발자취를 남겼고 추억할 만한 기록을 남겼으니 그 자체로 행복한 사랑이었을 것이다. 그리고 앞으로도 건재하고 대대로 전해질 사랑이다
바빌론,"하려는 말도 알겠고 인상적인 장면 역시 많지만, 그것들이 유기적으로 잘 버무려지지 못한 느낌. '범죄와의 전쟁'인 줄 알았는데 '마약왕'을 본 기분이랄까. 연기 통제도 아쉽다."
바빌론,수없이 뜨고 지는 별이라하더라도 필름안에는 찬란히 빛이 나기에 언제나 관객들을 울리게 한다
바빌론,초반부터 터지는 미친 리듬감. 어느새 재즈의 늪으로 빠져든다. 흥미롭고 적나라한 영화판과 변천사. 영원한 건 없지만 변함없는 건 영화를 향한 열정.
바빌론,욕심을 고백하는 영화
바빌론,"그 어느때보다 손쉽게 영상을 남기고, 휘발성 높은 수억개의 짧은 영상들이 쏟아져 내리는 지금. 우리가 진정한 시네마를 미치도록 사랑하는 이유는 바로 여기에 있다."
바빌론,자극 가감없이 영화를 사랑하는 어른들에게 전하는 시네마 천국
바빌론,영화를 위한 3시간 짜리 연출 혹은 연출의 위한 3시간 짜리 영화
바빌론,영화사에 바치는 love/hate letter
바빌론,"영원하고 의미 있는, 이런 영화라면 189분도 모자라서 평생 볼 거야🫶 소장각😍"
바빌론,더럽고 추하더라도 어쩔 수 없이 좋으니 사랑인 것이겠지
바빌론,"영화가 좋아서가 아니라,영화를 좋아하게 만드니까"
바빌론,영화라는 이름의 마법은 저물어가는 것들마저 불멸의 순간으로 담아낸다.
바빌론,"영화의 존재 가치를 가감없이, 적나라하게 그려내다"
바빌론,"<바빌론> 추하지만 아름다운 꿈, 영화를 사랑한 이유"
바빌론,영화는 진화하고 또 진화하고 또 진화한다~~ (Feat. 저스트 허인츠의 음악 참 중독성 강하다)
바빌론,할리우드가 이슈와 가십으로 찌들어있어도 관객들을 울리는 영화를 제작하고 여전히 영화 좋아하시죠?..
바빌론,"지금 당신의 시대는 끝났지만, 스크린속에서 당신의 모습은 오래도록 찬란할거야 데이미언 셔젤은 미쳤다..."
바빌론,"용두사미 영화 초반부의 몰입감과 흥미로움은 다 부셔버리고 절망만이 남는다. 1시간은 흥미로웠고, 1시간은 혼란스러웠으며, 1시간은 지루했다"
바빌론,주파수를 맞추기 힘든 시네마 랜드를 향한 뚝심있는 찬사
바빌론,'좀 더 정제되었다면' 하는 생각과 그럼에도 미워할 수 없는 매력의 과잉들. 데미언 샤젤에게서 폴 토마스 앤더슨을 보았다.
바빌론,"영화에 대한 찬사 , 애정이 넘치는 영화. 지루할 틈이 없이 3시간이 후딱 간다."
바빌론,"관록의 관찰자 시점을 버리고 도전한 전지적 작가 시점의 데미언 셔절의 생경함이 무성에서 토키로 변화하는 헐리우드의 혼란과 다를 바 없어, 보는 내내 착잡했다. 2022. 3.0"
바빌론,겉만 번지르르하다. 그래도 번지르르한 겉이 볼만하다.
바빌론,추악하고 더러워도 사랑할 수 밖에 없는 이유
바빌론,영화를 사랑하는 사람들이라면 꼭 봐야하는 영화 마지막 5분에서 저항없이 눈물을 흘릴 수 밖에 없다.
바빌론,'약 빨고 만든 영화'라는 말은 이런 영화에 쓰는 찬사다.
바빌론,음악이 굉장히 화려하고 신났다.👏 잠시 집중을 못하더라도 음악만 나오면 나도 모르게 어깨를 들썩이며 다시 영화속으로 들어갔다.
바빌론,"가장 빛나는 면과 가장 추악한 면, 그 전부를 보고도 여전히 '사랑한다' 고백하는 매니와 데이미언 셔젤."
바빌론,스토리 등은 흥미진진 하였으나 약간의 불쾌감을 느낀 영화
바빌론,영화적 서술로 그려나간 흥망성쇠의 면모. 밤하늘의 별들은 얼마나 새로이 뜨고 사라져가는가.
바빌론,우리는 이미 완성된 그 당시 영화의 뒤섞인 언어를 사용하고 있을 뿐이다
바빌론,기묘하고 가끔 역하지만 마지막 장면까지 보고 나면 영화를 왜 봐야 하는지에 대한 이야기가 충분히 전달되는 영화. 마고로비의 미친 연기력의 재발견
바빌론,이토록 순정 로맨스는 없다..대상이 영화일뿐
바빌론,욕망의 시네마 천국
바빌론,브래드 피트 연기와 음악에 속아 넘어가다.
바빌론,"뭐 거창하고 대단한 게 있는 건 아냐, 영화니까 좋은거지."
바빌론,"처음부터 끝까지 화려하고, 강렬한 미쟝센, 감독의 다름 작품들이 생각나는 ost."
바빌론,처음엔 예술병걸린 영화인줄 알았는데 보다보니 명작이네.
바빌론,"영화의 제목과 내용이 완벽하게 일치. 밝게 빛나는 장점 만큼이나 분명한 단점의 그림자, 그 모두를 껴안는 난잡한 잔치."
바빌론,.
바빌론,볼만함 ㅇㅇ
바빌론,"내 영화인생은 바빌론 전, 후로 나뉜다. 감히 말하는 절대적인 명작, 영화란 이런 것이라는걸 알려준 영화. 특히 마지막 장면 연출에 경의를 표하고 싶다."
바빌론,50년 뒤에 태어난 아이가 스크린에서 반짝이는 당신의 이미지를 우연히 보고 당신을 친구처럼 느끼게 될거야 당신의 시대는 갔지만 당신은 천사와 유령들과 함께 영생을 사는 거야
바빌론,모든 시네필들에게.
바빌론,영화를 만드는 영화를 좋아한다면 좋아할 수밖에 없다
바빌론,영화에 대한 사랑을 표현한 영화라 생각한다.
바빌론,"사랑해,사랑해,사랑해. 영화에 대한 예찬을 보여준 황홀하고 씁쓸한 영화"
더 리크루트 시즌 2,"반가운 얼굴들, 어색한 장소들, 애매한 긴장감"
