﻿movie_title,review
약사의 혼잣말,남여 모두 재밌게 볼 순정 추리 중국풍 애니
약사의 혼잣말,약사가 주인공인 추리물. 짧은 에피소드 한두편에서 사건을 해결한다. 신분의 제약으로 코난처럼 뒤에서 돕는 역활을 한다. 각 편이 흥미진진하다. 한드처럼 출생의 비밀도 있다 헐!
약사의 혼잣말,"첫화에 나온 호기심과 지식욕, 약간의 정의감이라는 주인공의 성향이 꽤나 마음에 들었던 장면 :) 작화의 퀄리티가 높고 전반적으로 가볍게 보기 좋은 추리장르."
약사의 혼잣말,생각없이 봤는데 꽤 재밌네요 그리고 가끔씩 나오는 SD 작화가 넘 귀여워요
약사의 혼잣말,궁중 암투를 흥미롭게 추리하고 풀어나간다. 설정이 탄탄한 원작을 잘 재현하고 유우키 아오이의 여주 연기가 탁월하다.
약사의 혼잣말,흔히 보지 못한 배경에 컨셉... 여주도 등장인물들도 좋고 스토리도 좋아요 짱
약사의 혼잣말,유치해보이지만 생각보다 따뜻한 전개 ㅋㅋ 여주 목소리 특이함
약사의 혼잣말,"일본인들이 만든 중국을 배경으로 한 애니라는게 독특한데, 나름 괜찮음."
약사의 혼잣말,기록용) 18화까지 봄
약사의 혼잣말,약사의 옷을 입은 사실상 탐정 마오마오의 추리 애니로 흥미로운 이야기 전개에 시즌2도 기대
약사의 혼잣말,그시대에 맞는 배경과 스토리가 돋보이는 작품
약사의 혼잣말,너무 사랑으로 치우쳐지지도 않고 줏대있는 주인공이 너무 귀엽다 :) 2기도 너무 궁금
약사의 혼잣말,2기 나온다고해서 봤는데 순식간에 봤네...
약사의 혼잣말,특별한 듯 단순한 의원의 궁중추리(3.0)
약사의 혼잣말,독도 씹어먹는 여주라니 매력적이다. 너무 똑똑해도 너무 몰라도 안돼는 살얼음판 궁에서 적당히 선을 넘나들며 잘 살아가는 마오마오가 멋지다 (약초에는 눈이 돌지만ㅋㅋ)
약사의 혼잣말,약사의 혼자말이라 쓰고 소녀 김전일이라고 읽는다. 뭐든 다 아는 애가 자기일만은 영 모름.. 그래도 볼만했다.
약사의 혼잣말,시즌2 주세요 제발제발제발
약사의 혼잣말,마요마요는 이쁘다. 사건해결하는 능력이 있는 아이.지켜보는 재미가있다.
약사의 혼잣말,계속 보게되는 스토리
약사의 혼잣말,간만에 빈틈없고 구조가 탄탄한 드라마를 본 듯 하다
약사의 혼잣말,궁중을 소재로한 추리극은 정말 색다르면서도 재미있네요. 십이국기부터 사극까지 역사극을 좋아하는 것도 이 작품을 좋아하게 된 게기였겠지만 그보다 캐릭터의 입체감이 너무 좋네요.
약사의 혼잣말,약학과 눈썰미로 풀어내는 추리가 꿀잼
약사의 혼잣말,일본 애니메이션인데 중국풍 이야기 인게 신기해서 봤는데 벌써 정주행 4번은 한 것 같다. 유우키 아오이님의 매력과 마오마오의 매력이 합쳐져 완벽한 상승효과가 일어났다!
약사의 혼잣말,스토리의 개연성이 탄탄하지 못하다는 느낌을 내내 받는다. 현실적인 궁중암투와 섬세한 심리묘사를 기대한다면 적절치 못한 작품. 비슷한 소재를 다룬 대장금에 비해 많이 아쉬움.
약사의 혼잣말,주인공들이 귀엽다가도 진지하게 사건을 해결해 나갈 때 재미있었다. 장면 하나하나 놓칠 부분 없이 재미있고 작화도 예뻐서 눈이 즐겁게 시청했다.
약사의 혼잣말,약간 대장금 느낌임 넘재밌게봤음
약사의 혼잣말,재미있어요! 2023. 10. 22. ~ 2024. 3. 24.
약사의 혼잣말,SD 귀여움 가오슌조타
약사의 혼잣말,추리물 좋아하는 사람은 좋아할 것 같다 나는 좋았다
약사의 혼잣말,"대륙의 후궁 생활을 약사 마오마오를 통해서 보여줍니다. 평범하지만, 독과 약에 대해서는 비범한 마오마오가 그녀의 의지와는 상관없이 황궁의 중심으로 들어가게 되는 이야기입니다."
약사의 혼잣말,잔잔한 분위기와 추리를 좋아한다면 봐야하는 만화. 추리의 내용이 생각보다 전문적이여서 몰입이 좋다
약사의 혼잣말,주인공이 똑똑한것 같긴한데 그 머리를 써먹지를 않고 난 다 알고 있지만 당해준다는 식으로 진행하니까 좀 답답해서 하차했어요...
약사의 혼잣말,이거 왜 안 봐요? 제발 봐요. 너무 재미쎠
약사의 혼잣말,혼잣말을 꼭 봐야할까
약사의 혼잣말,대장금과 일본감성을 섞어서 중국배경으로 한 애니 그냥 주욱 보기 부담없고 여주는 귀엽고 당차서 좋다.
매드 맥스: 분노의 도로,샤를리즈 테론 너무 멋있다. 미친듯한 전율이 느껴지는 영화
매드 맥스: 분노의 도로,끝도 없이 달려 절망의 땅에서 찾는 구원.
매드 맥스: 분노의 도로,기타리스트에게 멋진 기타와 단독적이고 이동가능한 세션을 지원 할 줄 아는 임모탄 님이야말로 진정 음악을 사랑하고 아티스트를 아끼는 훌륭한 지도자 이십니다.
매드 맥스: 분노의 도로,무!조!건! 극장에서 체험해야 하는 영화!!!!!
매드 맥스: 분노의 도로,어떻게 이런 스토리를 만들었을까
매드 맥스: 분노의 도로,도파민 중독자가 만든 2시간 도파민을 끊임없이 공급해준다.
매드 맥스: 분노의 도로,어느 누가 이런 액션물에 스토리가 많이 부족하다고 하는가…그 자 앞에 <매드맥스: 분노의 도로>를 보여줘라. 그 입 디물라
매드 맥스: 분노의 도로,진정한 MAD MOVIE
매드 맥스: 분노의 도로,분노가 메마른 대지를 적실 때 강렬한 잔상이 뇌리에 피어나다.
매드 맥스: 분노의 도로,장면장면이 예술이에요. 극강의 화면몰입도. 너무 판타스틱
매드 맥스: 분노의 도로,희망을 좇아 미친듯이 솓구치는 아드레날린
매드 맥스: 분노의 도로,말이 안나오는 액션에다 철학까지 있다.
매드 맥스: 분노의 도로,연출과 액션의 황홀한 감동
매드 맥스: 분노의 도로,그 장면이 cg가 아니라니 진짜 미친 영화
매드 맥스: 분노의 도로,소문난 집이 입맛에 맞지 않았다
매드 맥스: 분노의 도로,화면을 횡적으로 미친듯이 가로지르는 속도감과 견줄 세로의 장대 액션. 포스트 아포칼립스를 다룬만큼 세기말적 이미지를 각인시키려한 분장과 연기들이 압권이다. CG를 쓰지 않아 중력에...
매드 맥스: 분노의 도로,무조건극장에서봐야하는영화….
매드 맥스: 분노의 도로,엔진소리가 내 심장소리같다
매드 맥스: 분노의 도로,"◈ 끈적한 지루함 따위, 8기통을 통해 가열되고... 결국, 주체 못할 속도감과 함께 기체가 되어, 증발해 버린지 오래."
매드 맥스: 분노의 도로,니콜라스 홀트의 한 때 팬으로 빡빡이에 은니 스프레이는 너무나 강렬하다 씨앗과 여지들 모두 인상깊었던 영화 박진감 넘치는 영화로는 최고입니다
매드 맥스: 분노의 도로,"조지 밀러 감독의 연출도 미쳤고 톰 하디, 샤를리즈 테론 포함 배우들의 연기도 미쳤다 그냥 '매드맥스 분노의 도로' 영화 자체가 미쳤다"
매드 맥스: 분노의 도로,핵전쟁으로 멸망한 22세기 곧 올지도?! 다른분 기타리스트 드립땜에 아무 생각이 안드네 ㅋㅋㅋ 아놔 인류가 지성을 상실한 미래를 상상해본다면 매드맥스
매드 맥스: 분노의 도로,극장에서 관람하지 못한 것이 천추의 한
매드 맥스: 분노의 도로,황량한 사막에서 북소리가 들리는 순간 내 심장도 미친듯이 울린다. 그들은 물건이 아니다. 우리도 물건이 아니다.
매드 맥스: 분노의 도로,의미없는 카트라이더
매드 맥스: 분노의 도로,영화를 좋아하는 사람에게는 역대 다섯 손가락 안에 드는 액션 무비
매드 맥스: 분노의 도로,피먼지와 황량한 사막 속에도 구원은 존재한다
매드 맥스: 분노의 도로,심야영화로 보고 친구랑 집에 걸어오는 내내 여운이 가지 않아 얼빠져서 집에 왔던 기억이..... 진짜 강추
매드 맥스: 분노의 도로,말 그대로 미친 영화.. 아날로그의 끝판 왕.. 앞으로 이런 영화 볼 수 있을런지..
매드 맥스: 분노의 도로,-
매드 맥스: 분노의 도로,"야만인들의 지배에서 벗어나 어릴적 푸른 고향으로 돌아왔지만 푸르던 곳은 메말라버린지 오래. 160일 바이크로 달려서 사막을 건너려했지만 차라리 본거지를 점령하는게 낫겠다는 판단,"
매드 맥스: 분노의 도로,“그 얼마나 오랜 시간을 허접한 액션에서 서성거렸나” 아날로그 액션에서 느낄 수 있는 말초적 쾌감. 탄탄한 플롯에서 오는 지적 충격이라는 상반된 매력을 고루 갖춘 21세기 최고의...
매드 맥스: 분노의 도로,"생각을 하고 볼 필요가 없다. 등장인물의 갖가지 사연을 넣었다면, 이 영화의 평점은 훅 떨어졌다. 액션에 CG가 판치는 시대에 미친 SF 액션 영화가 강림했다. CG만 떡칠하는 너..."
매드 맥스: 분노의 도로,"모든 장면에서 에너지가 넘치고, 직선적이지만 압도되어 지루할 틈 조차 없었다."
매드 맥스: 분노의 도로,함께 미쳐야 진정한 재미를 느낄 수 있는 작품. 미쳐야 산다!
매드 맥스: 분노의 도로,말 그대로 압도당한다. 무조건 극장에서 봐야 할 영화
매드 맥스: 분노의 도로,처음으로 내게 액션영화의 희열을 알려준 영화
매드 맥스: 분노의 도로,음악연출 너무 좋고 워보이 개좋음 톰하디는 말할것도 없고
매드 맥스: 분노의 도로,자동차 액션만으로도 눈을 사로잡는다. 이게 카체이싱이다.
매드 맥스: 분노의 도로,기승전결이 완벽했다. 첫 매드맥스가 보고싶어지는 영화
매드 맥스: 분노의 도로,순수재미에 살짝 곁들어진 메세지
매드 맥스: 분노의 도로,2015년에 본 영화 중에 제일 재밌었다
매드 맥스: 분노의 도로,2시간짜리 도파민 주사 맞은 듯한 느낌
매드 맥스: 분노의 도로,모두 다 같이 여덟 손가락 깍지 끼고 V자 만들어 하늘 위로!
매드 맥스: 분노의 도로,헉헉 존잼
매드 맥스: 분노의 도로,보세요.
매드 맥스: 분노의 도로,미쳤다
매드 맥스: 분노의 도로,"전율,몰입,개성,음악,연출력,연기 다 갖춘 영화"
매드 맥스: 분노의 도로,같이 미쳐가는 재미가 있다
매드 맥스: 분노의 도로,.
원경,출연자가 노출 수위를 대본이 아니라 촬영 직전 콘티로 알게 되는 콘텐트는 제작돼서도 공개돼서도 안 된다고 생각합니다만? 게다가 대역에 배우 얼굴 합성이라니 기괴하기 그지없음.
원경,티빙아 정신차려라....몸으로 관심끄는 시대는 끝났어
원경,"생각보다 시대극이랑 차주영 배우님 비주얼이 잘어울리네요 고구마가 예상되지만 재밌을 것 같습니다,,,!"
원경,여성주의를 설파하기 위해 이런 정도의 댓가를 치뤄야할까? 역사왜곡의 악취가 가득한 드라마. 암담하다
원경,뭔데 왜 재밌는데 ㅋㅋㅋ 사극을 좋아하지않는데 한번보고 푹빠짐 재밌어요 3화 빨리보고싶어요
원경,"하필 오픈 시점 시국 영향에 악플이 생성되겠지만... 극중의 원경은 사악하지도 멍청하지도 않다. 드라마 오픈 시점, 이 드라마보다 나은 드라마가 없는데? 드라마 최대의 빌런은 채영"
원경,태종은 처가에 대한 자격지심에 왕비에게조차 적대감을 들어내는 발암캐릭으로 나온다. 냉대속에서 세종을 길러내는 원경. 이건 입지적 이야기가 아니라 인간의 고뇌에 관한 고찰이다.
원경,웃기네.. 원경이 대사 하는거 들어보면 지금 패미들이 외치는 당당한 여성 그 자체던데?? 그러면서 벗기면 남자들이 조아라 할것 같든?? 그냥 짜증나던데.. 니들 사상
원경,원경왕후의 다음이 기대된다! 된다!! 차주영!!! 힘!!!!
원경,아쉽게도 제 취향은 아닙니다… 스토리가 너무 진부해요
원경,19금만 포커스 된 삼류 사극 노출씬 때문에 여주 캐스팅 된게 확연히 티 나네
원경,김건희가 드라마 만들라고 하드나 ?
원경,차주영 중전역에 너무 잘 어울리지만 대본 좀 너무함
원경,출연자들의 연기는 나무랄때가 없으나 개연성이 부족한게 단점이다.(예를들면 방원의 갑작스런 감정변화등)
원경,다 떠나서 내용이 너무 피로하다 현실만 해도 넘치게 피곤한데
원경,개존잼 예전처럼 100부작 대하드라마로 제작해달라!!!!
원경,한국판 튜더스ㅡ
원경,"재미있다 마네, 뭔가 더 봐야하나 하는 의구심이 생겨서 3화 보다 하차함."
원경,이현욱배우의 어쩜 그리 나쁜역할을 잘하는지ㅋ 이방원역할도 딱인듯합니다
원경,노출 신 없어도 될것같은데... 배우들 연기 잘하고 재미있어요
원경,역하다 2025년에도 삼류노출씬을 넣는 감독이니 제작사니 에휴
원경,진짜 개꿀잼입니당.. 혜정이랑 시아형 너무 예쁨
원경,권력싸움.... 앞으로가 궁금해지네요 파워파워 차주영님 연기 기대가 됩니다
원경,이럴거면 그냥 가상의 설정이라고 해라...
원경,후궁들이 연기를 너무 못하고 채령이가 저렇게 변하게 된 개연성이 납득이 되지 않음;
건국전쟁,다큐멘터리임에도 전혀 지루하거나 하지않아서 아주 재미있게 봤고 감동도 있어서 무척 좋았습니다. 학생이거나 나이가 젊은 분들이 많이 보시면 좋겠습니다. 강추합니다~!!
건국전쟁,다른 시각을 가진 영화. 균형잡힌 역사인식을 가지기 위해 꼭 보아야 하는 영화
건국전쟁,이작품은 꼭봐야 합니다 역사가 얼마나 선동적으로 조작되어 왔는지를 정확하게 보여 줍니다 지금과도 상황이 너무 유사해서 놀랍습니다
건국전쟁,"역사를 잊은 민족에게는 미래가 없다 이승만을 친일자라, 독재자라, 살인자라 매도하는 우리에게는 더더욱"
건국전쟁,한마디로 레드필. 북한과 전교조가 왜 지금도 이승만과 싸우는지 알 수 있는 영화. 조직적으로 교과서에서 빼버린 엄청난 실화. 대한민국 국민이라면 반드시 알아야 할 역사적 펙트.
건국전쟁,이승만 대통령이 있었기에 지금 우리나라가 이렇게 잘 사는 나라가 되었다는 것을 알게 되었다
건국전쟁,학교에서 알려주지 않은 진짜 역사를 이제야 알았어요. 잘못된 교육의 무서움을 알았고 지금도 잘못된 교육이 이어진다는 사실이 더 무섭네요. 초대 대통령에게 너무 죄송하고 부끄러워요.
건국전쟁,"악플로 도배되는 것이 안타깝습니다. 거의 보지도 않고 아마 국뽕이니, 이럴것 입니다. 정말 명작입니다. 일생 다큐보고 감동과 눈물 흘려보기는 처음인것 같습니다. 꼭 보세요. 👍"
건국전쟁,대한민국 국민이라면 꼭 봐야될 영화
건국전쟁,너무 감동적이고 우리가 몰랐던 것을 바로 알게 해 주셔서 감사합니다
건국전쟁,우아한척 하는 거짓이 드러나는 시간. 지금까지 전교조 및 문화영역의 좌편형에 휘둘려서 살아논 시간들이 너무 아프다. 조금만 객곽적이고 합리적으로 생각했으면 여기까지 안왔을 텐데..
건국전쟁,세상에 나오지 말아야 할 영화
건국전쟁,대한민국 국민이라면 반드시 봐야 할 영화. 영화 끝나고 자연스럽게 박수가 터져나옴. 우리가 좌익의 세뇌공작에 어떻게 당해 왔는지 깨달을 수 있음. 욕하더라도 일단 보고 말하길 추천
건국전쟁,"교육자,선각자,지도자 이승만의 못 보던 모습을 바라볼 수 있게 만든 진짜 다큐영화!"
건국전쟁,국부 이승만 대통령에게 씌워놓았던 거짓의 굴레를 벗어던지게 해주는 다큐멘터리!! 감사합니다ㅠㅠ
건국전쟁,왜? 역사적 사실의 왜곡이 이다지도 오랫동안 방치되었던 것일까? 우리는 돌아보아 그 이유를 생각해보아야 한다. 그 원인들에 대한 정확한 답변들을 찾아야 한다. 제작자에 무한 감사를
건국전쟁,이런 건국대통령이 있다는것에 감사
건국전쟁,전교조와 좌파들이 왜곡 시켰던 그동안의 대한 민국 건국역사를 바로 잡아 주는 영화다. 꼭 보세요~~!!!
건국전쟁,"너무 감사한 영화, 건국 대통령을 잊었음에 너무 죄송했던 영화"
건국전쟁,종북 주사파에 의해 왜곡되었던 국부 이승만 대통령을 깊이있게 재조명한 팩트를 다루어서 눈물나게 감격스러웠고 동시에 그동안 나라의 은인을 악인으로 둔갑시킨 좌파들에 더욱 분노한다
건국전쟁,해방 이후의 근대사에 새로운사실을 알게 되었고 역사교육과 왜곡이 얼마나 심각한지 생각하게 되었습니다
건국전쟁,잘못된 틀린역사를 바로잡아 주는 영화입니다 꼭 시청하세요
건국전쟁,학교에서 가르친 이승만 대통령에 대한 교육은 완전 날조된 것이었음을 알았다. 지금 대한민국에서 자유와 번영을 누리는 것은 독립운동가 반공주의자 자유민주주의자 이승만 대통령 덕분이다
건국전쟁,"북조선에 속한 남파 간첩, 좌익 세작들이 엄청 싫어할 사실 기반의 다큐... 이승만 대통령에 대한 <감사>와 왜곡하여 선동한 자들한테 <분노>가 생기게 하는 다큐이다."
건국전쟁,생각보다 더 재미있고 감동적!! 강추영화
건국전쟁,저는 다시 보고싶을만큼 좋앗습니다 이승만대통령님이 계셧기에 자유를 누리며 사는구나 감사함을 느끼며 대한민국 모든분들이 다 보셧으면 합니다 이승만대통령 만세
건국전쟁,이승만 건국 대통령님 역사적인 진실음 이제 서야 알았네요.감동적인 다큐 감사 합니다.
건국전쟁,전국민이 봐야하는 영화. 그동안 속아왔다. 누구에게? 역사를 그르치는 자들은 누구였는가:!!! 건국역사를 제대로 알 수있는 귀한기회를 놓치지마시라!!
건국전쟁,이승만대통령이 없었다면 지금의 대한민국이 존재할까?~얼마나 다행인지...감사합니다!
건국전쟁,개인적으로 대한민국 근현대사를 깊게 믿지 않는다.
건국전쟁,역사가 없는 나라는 없습니다. 이승만대통령이 먼 미래를 내다보며 건국하고 지킨 이 대한민국! 다음 세대들에게 왜곡된 사실이 아닌 진실로 물려주기위해 노력하겠습니다!!
건국전쟁,진정 나라와 국민을 생각한 국부!!
건국전쟁,한 인물을 평가할 때는 업적만큼이나 과오도 인정해야 한다. 이런 내로남불 소인배의 시선은 국부(?)이승만 님을 더욱 하찮게 만들 뿐.
건국전쟁,북한의 '이승만 괴뢰 정권타도'와 결을 같이한 남한의 좌파들에 의해 조직적으로 악마화된 이승만 건국대통령에 대한 감사함을 알게 해준 영화입니다. 자유대한민국 국민이라면 꼭 봐야할
건국전쟁,좌파들의 의도적인 역사 왜곡 속에 철저히 가려져 왔던 이승만 국부외 위대한 대한민국 건국사를 제대로 알 수 있는 너무 좋은 영화였어요.
건국전쟁,11살 아들 데리고 다녀왔어요. 역사를 제대로 배워야 할 것 같아서요. 커서 스스로 공부해보니 고등학교 시절! 국사 선생들이 얼마나 거짓되게 현대사를 가르쳤는지 알게 되었거든요.
건국전쟁,꼭 봐야할 영화. 좌파들에 의해 장악되어 왜곡된 이승만 대통령에 대하여 정확하게 평가한 영화
건국전쟁,"학교에서 배우지 못했던 근현대사, 자녀들에게도 꼭 보여주세요"
건국전쟁,댓글은 보니 지금 본인들이 누리는 자유의 시작은 부정하고 한 인물의 과만을 보는데 이승만대통령이 만든 자유라는 공도 인정해야한다 그것조차 안한다는것은 불꺼진 북한을 가고싶은거?
건국전쟁,좀 봐라 안 보고 욕하는 사람은 이 땅에서 살 자격이 없다.
건국전쟁,"이승만지우기,이승만죽이기는 북한의 작품입니다 자유민주대한민국을 건국했고,소련과 중공을 등에 업은 북한의 침공 전쟁에 승리해서 공산화를 막아낸 건국대통령, 이것이 팩트입니다"
건국전쟁,역사적 사실을 토대로 잘 만들었고 두번보고 싶습니다 ㅎㅎ 주변에다가도 많이 소개하고 있습니다!! 이번을 계기로 역사적인 사실들이 많이 알려지면 하네요 ㅎ
건국전쟁,제가 배운 이승만 대통령과 다른 부분이 많아서 놀랐네요 사실에 근거한 다큐라 자료를 찾아보니 제가 잘못 알고있는 내용도 많네요 역사에대해 건국대통령에 대해 다시한번 공부하는 시간이
건국전쟁,혼자 봤는데 주체할수 없는 폭풍감동과 미안함으로 보는 내내 눈물을 흘렸다... 😭 자유 대한민국의 건국대통령에 대해 우리 국민들은 과연 얼마나 제대로 알고 인정해온 것일까...
건국전쟁,이승만 건국대통령과 자유민주주의 대한민국 건국 1세대 여러분들의 희생과 헌신에 경의를 표합니다.
건국전쟁,학살자 이승만
건국전쟁,모든 국민이 봤으면 합니다. 지금까지의 역사는 왜곡이 너무 심했다는걸 알게 되었습니다.
건국전쟁,"평생 나라의 독립을 위해 헌신한 건국 대통령, 74세의 나이에 91%의 압도적 득표로 김구를 누르고 초대 대통령이 된 이승만. 그의 진정한 업적을 10분의 1이라도 알려면"
건국전쟁,"전국민이 봐야할 영화❤️ 이승만vs김일성의 두 길을 걸어간 남과 북의 지난 70여년을 결산하는 다큐영화. 새로운 70년 앞에 우리의 선택은? 슬프다, 김구와 김대중의 반민주의 길!"
건국전쟁,눈가리고 귀막고 믿고싶은대로 믿으며 자신의 이데올로기속에 빠져 살았던 과거에서 밖으로 나오게 하는 영화였습니다!! 이 모든 기록과 자료를 수집하여 진실을 보게 해주셔서 감사합니다
사바하,'사바하' 초간단 리뷰
사바하,검은사제들 보고서 너무 기대했나...
사바하,[ 마흔 여덟번 째 리뷰 ] 사바하
사바하,오컬트매니아라면볼만하다
사바하,감독님 오컬트 시리즈 다 좋음. 이 영화는 마지막 이정재 나레이션으로 온점 찍고 완성되는 것 같음.
사바하,영원한 선도 악도 없다~ 친절한 대사들. 명확한 전달. 그럼에도 내 머리가 나빠서 n차 관람해야했다능. 감독님이 유신론자라 평범한 일상 속에 보이진않지만 신은 늘 존재한다라는 메시
사바하,한국 영화에서 이런 오컬트 스릴러가 나올 줄 몰랐음. 최근 본 한국 스릴러 영화중 최고인듯.
사바하,오컬트는 역시!!!! 무섭지만 매력있고 계속 보고 싶다
사바하,범죄스릴러 느낌이 많이 나서 개인적으론 맘에 들었는데 앞에 이정재가 처음 등장하는 부분은 영화의 전체적인 톤을 깎아먹는 느낌...
사바하,.
사바하,신을 향한 원초적 물음
사바하,확신이 드는 순간 길을 잃었다
사바하,미스터리니? 오컬트니?
사바하,무서워요많이
사바하,다소 지루한 감이 있다
사바하,유지태 배우를 이렇게밖에 활용을 못하나 아쉬운 영화
사바하,구원의 형태는 액체와 같아서 어떤 모습으로든 올 수 있다. 하지만 그게 사약일 필요는 없잖아요....
사바하,오컬트 영화의 시작
사바하,이 작품을 평가하기엔 무리수네요.
사바하,재밋어용ㅎ
사바하,떡밥 회수가 잘된 편이다.미스터리한 분위기로 추리하는 부분이 재밌었다. 개인적인 취향으로는 파묘보다 사바하를 더 재밌게 봤다.감독이 다빈치코드를 참고했다고 하는데 조만간 봐야겠다.
사바하,"불교, 기독교, 사이비, 미신, 주술, 여러 영적 요소가 복잡하게 엉켜있어 어렵다. 그래도 어려운 이야기를 설득력있게 만들었다. N차 감상도 지겹진 않다.수리수리마하수리수수리사바하"
사바하,오컬트스릴러 무서웠지만 잘보았습니다
사바하,승천하지 못한 이무기의 이야기 사바하는 한국에서 다소 어색한 오컬트 장르로 곡성 이후에 다양한 메타포를 숨겨놓은 영화. 반전에 반전에 반전을 보여 주는 색다른 미스터리
사바하,마태복음 2장 16절
사바하,설명하는 인물들이 너무 많은 점은 아쉬웠지만 그럼에도 흥미로운 작품이었습니다.
사바하,오컬트와 종교의 허점이자 맹목적인 믿음이 불러온 오점
사바하,곡성이 줬던 충격보단 덜하지만 꽤 잘 만든 한국 오컬트 영화!
사바하,아주 만족스럽다
사바하,"이정재, 이재인, 박정민을 중심으로 오컬트와 스릴러가 섞여있는 [사바하]는 몇 개의 서로 다른 영화가 중첩된 것처럼 느껴진다. 동방교 교주 김제석에 얽힌 미스테리를 풀어가는 주인공..."
사바하,"기여코 한국형 오컬트를 뿌리내리는데 성공한 장재현감독의 두번쨰 작품. 미스터리하면서도 쉬이 서스펜스를 흩뿌리지않으며, 스릴러와 오컬트의 이종교배가 어느정도의 성취를 이룬다. 다양한..."
사바하,"'사바하'는 '검은 사제들'의 장재현 감독이 연출한 새 오컬트 호러물이다. 사이비 종교를 추적하는 목사, 부처가 되고 픈 승려와 괴이한 일들에 휩싸인 쌍둥이 소녀를 둘러싼 이 이야..."
사바하,한국 오컬트의 새로운 시발점 이길.
사바하,이해하기 쉽게 설명하는 장재현 감독의 신학과 철학개론.
사바하,낯선제목이 우려스러웠으나 낯설지 않았던 웰메이드 수작 . 감독의 능력은 이 영화로 의심에서 확신이 된다. 이정재의 연기가 반갑다.
사바하,잘 설정된 캐릭터들과 긴장감 있고 재미있는 스토리의 조화가 이뤄낸 미스터리
사바하,뻔하지 않아서 정말 좋다 하던 영화를 계속해주시길..
사바하,"불교의 이론과 신의 존재에 대해서도 터치하는 다시 한번 곰곰히 생각하게 만드는 웰메이드 오컬트 영화, 최애 작품 중의 하나"
사바하,한국식 오컬트의 완성 단계로 이르게 된 작품
사바하,마지막으로 가는 과정에서 갑자기 힘이 빠진다
사바하,음 내가 이해한 거 맞나?
사바하,너무 저평가되었다. 공포물로는 적합하지 않을 지라도 오컬트물에 진심이어야 나올 수 있는 마스터피스 미스터리 영화
사바하,장재현 감독님의 두 번째 오컬트. 다시 봐도 재밌었지만 역시 처음 볼 때만큼은 아닌 것 같아서 아쉽다. 그런 말 하기에 너무 여러 번 봤지만😅
사바하,중반까지 분위기 정말 압도적이었다...
사바하,분위기로 끝까지 밀어붙이다 모호한 메세지로 흩어짐
사바하,다소 어려운 영화일 수도 있지만 박정민 연기는 계속 기억에 남는 영화!
사바하,세계관은 더 열심히 만드신거 같음 근데 오컬트로서의 매력은 덜하다
사바하,후속을 기대하게하는 지적 유희의 시간
사바하,구원에는 희생이 따르는 법이다. 그리고 인간이 할 수 없는 영역이 반드시 존재한다.
사바하,괴랄한 부자연스런 심리의 산물과 기묘한 색채가 만났다.
캡틴 아메리카: 시빌 워,캡아 시리즈 중 윈터솔져와 함께 제일 좋아하는 작품 각자의 신념대로 나뉘어서 싸울 수 밖에 없는 어벤져스들의 모습이 안쓰러웠고 근데 토니한테 그러면 안되는거 아니에요?
캡틴 아메리카: 시빌 워,내분에 마음이 아팠던 시리즈. 이런 이야기도 가능하구나 느낌
캡틴 아메리카: 시빌 워,가장 현실적인 히어로들의 갈등?!
캡틴 아메리카: 시빌 워,하ㅠㅜ다들 입장에 공감이 가ㅠㅜ 이게 잘 만든 히어로물이지
캡틴 아메리카: 시빌 워,"액션,유머,스토리의 밸런스가 너무 좋았고 새로운 캐릭터들의 성격도 너무 잘 파악된거 같아 보는내내 즐겁더라"
캡틴 아메리카: 시빌 워,난 캡아를 잘 이해하지 못하겠다;;
캡틴 아메리카: 시빌 워,납득이 되는 서사를 창조해내고 캐릭터들간의 조화가 놀랍다. 클리셰의 파괴에 점수를 후하게 주고 싶다.
캡틴 아메리카: 시빌 워,마블 인피니티 사가 몇 안되는 수작. 어머! 이건 꼭 봐야 해!
캡틴 아메리카: 시빌 워,A 솔직히 어벤져스 2.5로 봐도 되는 영화
캡틴 아메리카: 시빌 워,마블과 루소형제의 역작
캡틴 아메리카: 시빌 워,"MCU로서는 훌륭하지만, 캡틴 아메리카 트릴로지의 마지막으로는 글쎄? 스파이디와 블랙 팬서의 완벽한 첫 등장. 예상한 만큼 완벽한 공항액션신."
캡틴 아메리카: 시빌 워,마블의 전성기
캡틴 아메리카: 시빌 워,개빡치는 퍼런 놈
캡틴 아메리카: 시빌 워,.
캡틴 아메리카: 시빌 워,히어로물의 탈을 쓴 정치극...
캡틴 아메리카: 시빌 워,기대이상의 각색이다 역시 루쏘형제는 최고의 감각꾼
캡틴 아메리카: 시빌 워,지루하지 않았던 두시간반.
캡틴 아메리카: 시빌 워,"모두가 영웅이 되고파하나, 모든 이들이 그대들을 영웅으로 인정하지 않는다. We don't want heroes."
캡틴 아메리카: 시빌 워,'배트맨 대 슈퍼맨'이 실패한 원인을 정확히 캐치했다. 안으로는 테러방지법과 국론분열이 밖으로는 테러가 테러를 낳는 모습을 영웅들을 통해 보여준다. 이것이야말로 루소 형제가 보여주...
캡틴 아메리카: 시빌 워,"주요 등장인물만 10명이 넘지만 적절한 분량 배분과 깔끔하고 개연성 있는 내러티브, 현란한 액션 시퀀스, 블록 버스터에 제대로 스릴러의 색을 입히며 자연스레 극적 효과를 이끌어낸다..."
캡틴 아메리카: 시빌 워,"가치관과 우정, 그 사이에서."
캡틴 아메리카: 시빌 워,깊이있는 스토리텔링과 마블식 유머의 적절한 조화.더불어 낭비되지않는 캐릭터의 분배와 액션시퀀스는 황홀하다.
캡틴 아메리카: 시빌 워,"전작의 깔끔한 맛이 그립지만, 이런 대전쟁도 나쁘진 않았다."
캡틴 아메리카: 시빌 워,"히어로들의 고민과 갈등, 대립을 이토록 훌륭하게. DC도 이런 작품 만드려면 얼마나 걸릴지..."
캡틴 아메리카: 시빌 워,"마블 작품 중 손에 꼽히는 작품, 갈등의 이야기와 오락적 재미 모두 잘 챙겼다"
캡틴 아메리카: 시빌 워,캡틴에게 버키가 너네 부모님을 똑같이 죽였으면 친구라는 이유로 전부 이해해 줬을 건지 묻고 싶음
캡틴 아메리카: 시빌 워,마블의 최전성기
캡틴 아메리카: 시빌 워,<어벤져스 2.5>라 불려도 손색없다.
캡틴 아메리카: 시빌 워,재밌었던 거 같은데 기억이 잘 안나네 재미없었나
캡틴 아메리카: 시빌 워,권선징악의 주제에만 열중하던 장르에 이념과 갈등을.
캡틴 아메리카: 시빌 워,내로남불 캡틴아메리카
캡틴 아메리카: 시빌 워,기계 VS 망치
캡틴 아메리카: 시빌 워,캡틴 아메리카 시빌 워
캡틴 아메리카: 시빌 워,"밸런스,유머,캐릭터 유쾌하게 잘 보았다. 영화는 역시 사회를 반영한다. 칼을 쥔 악당보다 더 나쁜게 누구인가? 사회에게 던지는 물음. 160503"
캡틴 아메리카: 시빌 워,캡틴아메리카의 제목을 달고있지만 어벤져스와 같은 종합선물세트같은 영화
캡틴 아메리카: 시빌 워,잼께봤지만 그래도 윈터솔져때 더 잼께봄
캡틴 아메리카: 시빌 워,오락과 철학 다 잡은 마블 최고의 영화 중 하나
캡틴 아메리카: 시빌 워,마블 영화에서 현재의 의미를 찾는다. 이제 액션을 보기위해 히어로 영화를 찾을 때가 아니라는 것.
캡틴 아메리카: 시빌 워,신념대로 싸우며 갈라질 수 밖에 없었던 멤버들의 모습이 참 안타까웠다. 하지만 별개로 전투씬은 정말 좋았다.
캡틴 아메리카: 시빌 워,그동안 슈퍼 히어로 장르가 외면해오던 '불가피한 희생'이라는 문제를 현실적으로 마주하는 순간
캡틴 아메리카: 시빌 워,흥미로운 이야기거리들을 따로 만나봤다면 어땠을까.
캡틴 아메리카: 시빌 워,아이언맨과 캡틴의 갈등
캡틴 아메리카: 시빌 워,"스파이더맨 귀엽고, 앤트맨 웃기고, 완다역의 올슨 이쁘다. 나머진 핵 지루함"
캡틴 아메리카: 시빌 워,올ㅋ
캡틴 아메리카: 시빌 워,공과 사
캡틴 아메리카: 시빌 워,시리즈의 화려한 피날레.
캡틴 아메리카: 시빌 워,마블 이때까진 괜찮았는데..
캡틴 아메리카: 시빌 워,결국 말에 칼을 담고 마지막에 웃는 자가 승자다.
캡틴 아메리카: 시빌 워,마블덕이 아니라서.. 지들끼리 치고박고하다가 끝나는영회 같았다 하지만 마블을 더 알고난후 본다면 재미있을지도..
캡틴 아메리카: 시빌 워,마블식 비빔밥은 오늘도 상한가
슬기로운 의사생활 시즌 1,이런 의사들 판타지죠? 현실에선 못 만나봄
슬기로운 의사생활 시즌 1,이런 의사가 현실에 있는가
슬기로운 의사생활 시즌 1,인물의 성취가 끝도 없이 이어지는 못된 드라마
슬기로운 의사생활 시즌 1,하... 그냥 좋아요 다섯 배우 분들의 티키타카까지 완벽합니다 메이킹도 재밌어요
슬기로운 의사생활 시즌 1,조정석 능청스럼 귀엽다. 다음시즌 기대
슬기로운 의사생활 시즌 1,내 인생드 중 하나
슬기로운 의사생활 시즌 1,이 세상에 없는 의사들만 있는 판타지 드라마
슬기로운 의사생활 시즌 1,"재미와 감동, 두 마리 토끼를 모두 잡은 듯"
슬기로운 의사생활 시즌 1,너무 판타지라서 ...
슬기로운 의사생활 시즌 1,매일 매일 보고 싶다고 했던 드라마 현실에는 절대 없는 의사들만 나오지만 그래도 재밌는걸
슬기로운 의사생활 시즌 1,이상을 현실적으로 그려내 각 인물의 에피소드가 힐링 그 자체이다.
슬기로운 의사생활 시즌 1,메디컬 드라마를 좋아하는 편이라 재밌게 시청함. 밴드 연주 부분도 좋았음.
슬기로운 의사생활 시즌 1,힐링 오지는 드라마
슬기로운 의사생활 시즌 1,울고 웃으며 재밌게 본 드라마
슬기로운 의사생활 시즌 1,현실에 저런 의사가 있다면 얼마나 좋을까
슬기로운 의사생활 시즌 1,슬기로운 시리즈중 최고
슬기로운 의사생활 시즌 1,판타지이지만 따뜻한 드라마
슬기로운 의사생활 시즌 1,겨울정원 사랑해 헤헤
슬기로운 의사생활 시즌 1,타의로 인해 질리게 봐버린 드라마
슬기로운 의사생활 시즌 1,편안함 긴박함 즐거움
슬기로운 의사생활 시즌 1,위로가 필요한 시기에 무난하게 만들어가는 호감의 캐릭터들.
슬기로운 의사생활 시즌 1,신원호의 한계
슬기로운 의사생활 시즌 1,따뜻
슬기로운 의사생활 시즌 1,모든 회차가 다 감동인 드라마
슬기로운 의사생활 시즌 1,환상에만 존재하는 휴먼스토리
슬기로운 의사생활 시즌 1,이런 의사들만 있는 세상에서 살고 싶다.
슬기로운 의사생활 시즌 1,툭툭 던지는 대사들이 너무 웃기고 어떨때는 큰 감동을 주고 인생에 교훈을 줘서 너무 마음 따뜻하고 좋은 드라마인거 같다
슬기로운 의사생활 시즌 1,판타지물인데 판타지물 아닌척하는 드라마
슬기로운 의사생활 시즌 1,힐링됨.. 아무생각하기 싫을때 겨울에 이불속에서 보가 좋다
슬기로운 의사생활 시즌 1,본방으로 못본게 아쉽다. 끝에 러브라인 너무 많음.
슬기로운 의사생활 시즌 1,보기만 해도 미소지어지는 다섯 친구의 케미. 잔잔하게 울림을 주는 병원의 이야기까지 더해져 재미와 감동을 다 잡은 작품.
슬기로운 의사생활 시즌 1,이건 봐야뎀
슬기로운 의사생활 시즌 1,마음의 위로를 받는 드라마
슬기로운 의사생활 시즌 1,슬의생 너무 재밌음 ㅋㅋㅋㅋ
슬기로운 의사생활 시즌 1,"내가 못 만나본건지 현실엔 없다고 생각되지만 그래서 드라마인것... 드라마가 주는 주인공들의 케미, 환자와의 관계, 적당한 유머가 재밌는 휴먼드라마"
슬기로운 의사생활 시즌 1,의학드라마 중 젤 재미있게 봤어요
슬기로운 의사생활 시즌 1,"선 만이 존재하는 세상, 그래서 힐링이었던 드라마"
슬기로운 의사생활 시즌 1,두말하면 길다. 삶의 모든것을 다 담은 드라마. 빨리 3제작해주시길 ㅠ
슬기로운 의사생활 시즌 1,최선을 다하겠습니다.
슬기로운 의사생활 시즌 1,1까지만 봐도 충분한 것 같다
슬기로운 의사생활 시즌 1,진심을 담은 따뜻함이기에 결국 마음에 와닿았다
슬기로운 의사생활 시즌 1,"바 아이스크림 같은 캐릭터성, 하지만 녹아 흐르는 스토리"
슬기로운 의사생활 시즌 1,뒤늦게 봤는데 의드의 코믹판타지멜로휴머니티👍
슬기로운 의사생활 시즌 1,말이 필요한가 재미썽 낭닥은 멋뜨러진 의학이면 슬의는 우정과 코미디를 가져간 의학이다.
슬기로운 의사생활 시즌 1,의사들이 많이 나오는 동화.
슬기로운 의사생활 시즌 1,이렇게 사람좋고 행복하고 잘 풀리는건 판타지에 가깝고 오글거리지만 가끔 마냥 이런 판타지가 땡길 때가 있다.
슬기로운 의사생활 시즌 1,.
슬기로운 의사생활 시즌 1,의학 드라마인데 사람에 대한 정이 느낀다
슬기로운 의사생활 시즌 1,내스타일은아니었음
슬기로운 의사생활 시즌 1,힐링되고 매우 편안한 드라마였습니다!
고질라 VS. 콩,스토리준수 액션은 훌륭함 다만 개연성이 조금 아쉽다
고질라 VS. 콩,.
고질라 VS. 콩,메인이벤트
고질라 VS. 콩,스토리는 유치해도 스케일로 다잡음 무조건 극장
고질라 VS. 콩,타이탄보다 무서운 인간파트
고질라 VS. 콩,역대급 괴수 싸움은 잘 만들었으면서 인간 분량을 이렇게나 가져가야 했을까.
고질라 VS. 콩,"괴수영화라는 장르가 갖춰야 할 박력과 스케일, 그리고 이 영화가 갖춰야 할 스토리의 개연성"
고질라 VS. 콩,<퍼시픽 림> 보단 전투의 속도감이 빨라서 좋았다. 스토리는 뭐..
고질라 VS. 콩,그래! 이게 진짜 SF 괴수 영화지
고질라 VS. 콩,시각효과 팀에게 그저 감사할 따름. 이런 헤비급 싸움에 개연성을 논하고 보면 '할로우'까지 떨어진다. (근데 그 소년은 어떻게 '그 존재'의 이름을 '알고' 있을까?)
고질라 VS. 콩,그래도 콩의 편이 되고 싶은 건 나 뿐인가.
고질라 VS. 콩,후반 전투씬을 보기 위해 기다리는 시간이 너무 지루하다..
고질라 VS. 콩,시각적 쾌감의 극대화
고질라 VS. 콩,"메가톤급 두 괴수의 싸움을 나름 스펙터클하고 실감나게 연출했으며, 인간과 괴물 이야기를 적절히 녹여낸 스토리가 재미요소이기는 하나.. 다소 억지스럽다."
고질라 VS. 콩,되살아난 메탈 기도라..
고질라 VS. 콩,ㅋㅋㅋ
고질라 VS. 콩,"몬스터 유니버스의 액션 끝판왕 영화다,고질라:킹 오브 더 몬스터 보다 훨씬 더 뛰어난 작품성과 액션이 있어서,기대감을 충족시켜주는 영화이다"
고질라 VS. 콩,최고의 즐거움을 선사한다. 점수가 무슨 상관인가 내가 즐거우면 될 것을 부시고 또 부시고 또 부서진다. 이런 쾌감은 이 프랜차이즈만 준다.
고질라 VS. 콩,액션 굳
고질라 VS. 콩,대결의 재미는 있지만
고질라 VS. 콩,전설들의 대결에 왜이렇게 사람을 끼얹지?
고질라 VS. 콩,"9.7/고질라와 킹콩급의 역대급 묵직한 스케일이 속도감과 역동적인 움직임, 그리고 더더욱 거대한 스케일과 만난다면."
고질라 VS. 콩,"이리갔다 저리갔다 정신없고 유치...하고... 어이가 없는... 어거지 설정들이 많아 실망했다. 고질라, 고질라2는 굉장히 재밌게 봤는데 “이건 좀 많이 갔지 않니?”"
고질라 VS. 콩,이 영화 재밌게 볼 수 있는 방법
고질라 VS. 콩,15분 괴수싸움보려고 클리셰덩어리 인간파트봐야하는건 여전
고질라 VS. 콩,"유치함과 촌스러움을 적극 돌파하고자, 과감한 스케일과 새로운 디자인의 괴수들 씬을 비롯해 기초에 충실. 액션과 SF 판타지 장르의 매력을 살려낸 인스턴트의 매력을 지닌 재밌는 영화"
고질라 VS. 콩,"도심 한 복판 콩, 고질라 VS 메카의 핸디캡 태그 매치라니…. 이게 블록버스터다"
고질라 VS. 콩,액션과 시각효과는 멋있긴 했다. 롤러코스터 느낌.
고질라 VS. 콩,시원시원하게 잘 만들어진 [괴수] 영화. 드디어 괴수가 주인공이 되었다.
고질라 VS. 콩,박력 넘치는 오락 영화로는 무난하다
고질라 VS. 콩,2.5
고질라 VS. 콩,솔직히 내용은 잘 기억 안나지만 치고박고 싸우는것만 봐도 즐거웠다
고질라 VS. 콩,마지막 괴수들 싸우는 장면을 잘만들어서 그런가 그전 이야기를 그럴 수 있다는 식으로 흘러가게 만든다
고질라 VS. 콩,줄거리는 황당한 이야기와 간단한 구조로 되어 있고 오직 괴수들의 싸움장면에 집중한 영화. 거대괴수의 육중한 싸움을 너무 잘 만들어서 허접한 이야기의 빈자리를 많이 채워준 느낌.
고질라 VS. 콩,"드디어 우리가 원하던 이상적인 괴수물. 인간의 개입도 적고, 괴수들은 세상 시원하게 치고 박고 싸우고, 진행도 별거 없이 시원시원하게 뻗어 나간다."
고질라 VS. 콩,괴수들이 부비부비하는데 눈이 즐겁다. 인간 분량 줄이고 괴수 분량 늘어서 후속작이 나오길.
고질라 VS. 콩,스토리는 거들 뿐 다 부신다
고질라 VS. 콩,영화 03
고질라 VS. 콩,인간 파트와 괴수 파트의 재미는 반비례한다.
고질라 VS. 콩,인간 파트를 덜 뺀 것이 별점 0.5점 감점의 이유다
고질라 VS. 콩,콩 불쌍해... 이걸 끝까지 본 나도...불쌍 ㅜ
고질라 VS. 콩,빅매치도 맞고 열심히는 싸우는데... 이상하게 타격감도 별로 없고 배경이 쓸데없이 크다
고질라 VS. 콩,스토리 - ★★ 연기력 - ★★ 몰입도 - ★★ 필요없는 캐릭터가 너무 많은 거 같음
고질라 VS. 콩,역대 최고의 메카고질라
고질라 VS. 콩,역시 사람 나오는 파트를 줄이니까 겁나 재밌다!
고질라 VS. 콩,"뛰어난 CG퀄, 지루하지 않은 전개. 팝콘무비지만 예상외로 볼만했다. 몬스터 버스는 제발 이렇게만 가자"
고질라 VS. 콩,괴수물과 메카물에서 기대하던 액션들을 남김 없이 거대하게 화끈하게
고질라 VS. 콩,졌다
고질라 VS. 콩,인간 때문에 사이좋게 못지내는 고질라와 콩.
고질라 VS. 콩,더도말고 덜도 말고 눈과 귀가 즐거운 영화
