﻿movie_title,review
백 인 액션,별로 재미가 없음.
백 인 액션,메리에겐 먼가 특별한 것이 있을줄 알았는데 세월에는 그 삐친 앞머리도 주저 앉았나 보다. 눈 먼 레이의 그 열정적인 모습은 사라지고 내 눈까지 멀게 해버렸구려.
백 인 액션,가족간 대화가 재밌는게 몇번 있었음
백 인 액션,2020년대 중반에 90년대 감성은 너무하지 않나..
백 인 액션,가볍게 보기 좋은 영화
백 인 액션,"어디서 봤던 것들이 적당하게 버무려진, 시간 때우기 적절한 영화"
백 인 액션,기본에 출중한 액션 영화지만 기본만 있었다
백 인 액션,카메론 디아즈의 매력은 여전하고 가족 함께 보기 괜찮은 팝콘 무비
백 인 액션,"25년 전 설 연휴, TV에서 온 가족이 떡국 먹으면서 보기에는 매우 무난한 가족 액션 영화처럼 만들었다."
백 인 액션,인크레더블의 실사판?? 오랜만에 가족 영화 같은 액션 영화..
백 인 액션,전형적인 헐리우드 코믹스파이 영화
백 인 액션,영화관에서 봤으면 후회했겠지만 넷플릭스 킬링타임용으로 보기에는 괜찮았음. 조금 옛날 스타일이 느껴지는 영화지만 베테랑 배우들 연기는 볼만했음
백 인 액션,예전 액션코미디 영화들이 생각나는 작품. 가볍게 보기엔 딱 좋다.
백 인 액션,미녀삼총사의엔젤을 다시보는것 만으로 만족.. 익숙한 스토리.. 특별할것 없는 액션.. 시간 때우기엔 좋은영화.
백 인 액션,"럽코x액션은 역시 카메론 디아즈🫶 여전히 사랑스러운 얼굴. 가족영화라서 액션 수위가 낮고, 좀 비과학적이지만 그래도 가볍고 귀여운 영화다. 후속작 나오면 좋겠음."
백 인 액션,B급 액션영화라고 우기면 할말 없음.
백 인 액션,전직스파이가족액션코미디. 아는 맛 칵테일.
백 인 액션,2025버전 스파이키즈 같다!
백 인 액션,"처음 5분이 집중하기좋았음 뒤로갈수록 액션,스파이물인데 쪼여오는맛이 없음"
백 인 액션,지루할 틈 없는 스파이 액션😎 카메론 디아즈의 화려한 귀한!
백 인 액션,가족의 화해와 평화를 목표로 다시 달려!
백 인 액션,떡밥도 많이 깔고 스케일도 큰데 뭔가 어설픈 케미
백 인 액션,그냥 흔한 아는맛 공장형 스파이 영화
백 인 액션,뻔한 넷플릭스표 액션 코미디이지만 카메론 디아즈 복귀는 환영
백 인 액션,제이미 폭스와 카메론 디아즈가 복귀했다
백 인 액션,백 인 액션 정보 출연진 관람평점(해외평점) 리뷰 후기 결말 스포 쿠키 넷플릭스 코믹액션첩보물 영화추천
글래디에이터,피의 연마재로 복수의 단검을 벼린 뒤 긍지의 방패 뒤에 숨기고 당당한 표정으로 나아가는 이야기.
글래디에이터,중학교 2학년(2000년) 자전거 타고 간 영화관에서 느꼈던 그 감동.
글래디에이터,역시 리플리스콧은 스펙터클의 대가다. 로마제국의 정치적 혼란 중의 노예들의 반란을 다루나 결국 중심에는 버림받은 아들의 뒤틀린 강박과 모든 것을 잃은 전사의 복수심의 피비린내 나는...
글래디에이터,어릴때 아버지랑 봤던 레전드영화^^
글래디에이터,"모든 것이 웅장한 가운데, 감정의 표현은 너무나 섬세하다."
글래디에이터,"어릴 적 비디오 테이프로 몇 번을 돌려봤던 작품, 이번에는 감독판으로 다시 보았는데 과연 필요없는 장면이 많아서 굳이 감독판을 찾아볼 필요는 없는 것 같다"
글래디에이터,"특별히 SF적인 무언가를 집어넣지 않고도 스토리에 압도되는 느낌을 주다니, 진정한 블록버스터 영화답다."
글래디에이터,멋진 시간 가는줄 모르게 재밌게 본 영화
글래디에이터,"정말 너무 웅장하다 주인공부터 빌런,OST 그냥 모든게 좋으며 러셀 크로우는 멋있어도 너무 멋있다"
글래디에이터,간단한데 재밌다.
글래디에이터,어릴 적 극장에서 봤던 충격. 비장한 복수극
글래디에이터,스케일 bgm 시나리오 모든게 웅장하다
글래디에이터,멋진전개 캐릭터 빌런 모두 좋앗음.. 이떄의 러셀 크로우는 진짜 멋있었음
글래디에이터,.
글래디에이터,한줄평 - Now We Are Free
글래디에이터,밀밭을 훑듯 고운 흙모래를 움켜쥘 때마다 콜로세움의 관중처럼 숨죽이고 환호한다.
글래디에이터,러셀크로우하면 막시무스가 자연스럽게 오버랩되는 인상적인 로마 시대극.
글래디에이터,25년만에 다시본 영화인데 25년전 극장에서 보았던 그 대단한 감동과 웅장함은 없고 단점이 너무 많아서 아쉬움
글래디에이터,로마식 무협의 맛
글래디에이터,쇠냄새와 피냄새 가득한 영화
글래디에이터,수없이 봤지만 다시 봐도 명작이다
글래디에이터,고대 로마의 웅장함을 생생하게 담아낸 영상미. 러셀 크로우의 카리스마 넘치는 연기는 막시무스 캐릭터에 생명력을 불어넣는다.
글래디에이터,깔끔한 수작이나 더 잘 만들 수 있었을 것만 같다
글래디에이터,호불호 안 갈리는 영웅영화의 정석
글래디에이터,생동감 넘치는 액션과 웅장한 규모보다 정적이고 숨막히는 감정표현들이 장점인 영화
글래디에이터,잘 만든 작품이긴하나 내 취향은 아닌걸로.
글래디에이터,"힘과 명예, 독재와 공화정의 칼끝은 누가 쥐고 어디를 향하나."
글래디에이터,엄마아빠는 왜 이런 영화 혼자 봤지… 이게 진짜 “영화”지
글래디에이터,"광기에도 잃어버리지 않은 인간의 모습, 폭력에도 무너지지 않은 영웅의 가치."
글래디에이터,“역시 고대 로마의 검투사들의 열기는 언제나 대단하다”
글래디에이터,2를 보고 1을보니 2가 1 스토리를 얼마나 차용했는 지 느껴진다. 다만 2편이 그렇게 폄하될 정도로 1이 그렇게까진 완벽하지 않다고 생각한다
글래디에이터,"2편 관람 전 1편 다시보기. 역쉬 대작의 면모들. 로마 시대로 나를 데려다 놓음. 통치술로서 검투 경기. 노예제, 인간의 잔인함은 본성이 아니라 믿고 싶다."
글래디에이터,"완벽한 기승전결의 고대 로마 대서사시, 가슴이 웅장해지는 초반 전투씬과 콜로세움 검투 경기는 단연 백미!!"
글래디에이터,"돌아온 진정한 황제의 아들. 플롯은 1편의 복사판 같지만, 고대 콜로세움 전투의 재현은 정말 대단합니다."
글래디에이터,여운이 강렬함
글래디에이터,"단점이 자꾸 눈에 보이지만, 러셸 크로우의 남성미와 검투 장면의 멋에 흠뻑 취하다보면 조금 흐릿해진다."
글래디에이터,글래디에이터
글래디에이터,무자비하게 충돌하는 두 증오사이 피어오르는 섬세한 감정들
글래디에이터,고결한자가 복수귀에서 다시 돌아오는 장면은 실로 감탄을 금치 못하였다. 시저의 연기도 압권!
글래디에이터,영웅 서사의 교과서
글래디에이터,깔-끔
글래디에이터,영화는 가볼 수 없는 시절을 간접 체험해 볼 수 있는 경험을 선사해 준다고 했던가. 고대 중세 성애자 감독답게 그 시대에 빠져든 것 같은 느낌을 받는다.
글래디에이터,영화 상영 시간이 길고 검투사라는 흥미가 떨어지는 소재지만 시간 가는 줄 모르고 봤다
글래디에이터,세월이 지나도 빛바래지 않는 장인 정신
글래디에이터,엠마고 하라고 함. 평 불가함. 이름 쓰고 사인까지 해서 평 리뷰 쓰는 거 불가함.
글래디에이터,인생영화까지는 아니지만 재밌어요 2편을 보기위해 ...
글래디에이터,뻔한 내용을 실감나게 살림
글래디에이터,압도적인 스토리의 서사시
글래디에이터,러셀 크로우의 환상적인 연기에 이븐에게 깔리는 사운트트랙
글래디에이터,매력적인 스토리와 캐릭터들 그리고 화려한 볼거리
D.P. 시즌 1,"초상이 내려앉은 줄도 모르고, 젊은 날의 초상이라 치부하면서, 초상을 치르고 있다."
D.P. 시즌 1,군대 부조리를 필터없이 다 보여준다. 극적인 부분도 꽤 많지만 마지막화에서 수통 관련 대사를 보면... 잊혀지던 군생활이 기억난다.
D.P. 시즌 1,아...군필자면 끝까지 안볼수가 없는.. 잘만든작품 그리고 이미 연기잘하는줄은 알았지만 조현철 배우님은 진짜 연기갑 ㅜㅜ
D.P. 시즌 1,저한테 왜 그러셨습니까? 그냥 그래도 되는 줄 알았어.
D.P. 시즌 1,좋은 드라마인데 전 너무 가슴 아프고 보는 게 힘들었어요.
D.P. 시즌 1,캐릭터설정이 명확해서 좋다 군대문제에 대해 콕 찝어낸 이야기 연출도 훌륭하다
D.P. 시즌 1,"군대 부조리 재현과 함께 추리, 액션극을 모두 잘 융합하여 보여준 드라마."
D.P. 시즌 1,디피를 뛰어 넘을 OTT 오리지널은 없다
D.P. 시즌 1,조석봉 일병은 군대에만 있는 것이 아니다
D.P. 시즌 1,인트로에서 울컥하는 감정을 안 느낀 사람 있을까? 이 드라마는 인트로부터 찢어놨다!
D.P. 시즌 1,군대를 안 가봐서 모르겠지만 우리아빠가 이거 보고 ptsd 왔다고 함 그리고 다들 감정선을 잘 살린듯 그리고 뻔한 느낌도 없었음 중간중간 재밌는 포인트가 많음
D.P. 시즌 1,군대라는 인권유린의 현장에서 벗어나려 탈영병이 된 자들을 그들의 삶을 위해서 잡아들여야하는 자들의 딜레마.
D.P. 시즌 1,연출 스토리 연기 3박자의 합이 완벽했던 드라마 넷플릭스 초 추천작
D.P. 시즌 1,"한준희 감독 선견지명 있네. 인지도 있는 정해인으로 대중의 관심을 잡고, 구교환으로 색깔 입히고, 손석구, 신승호, 조현철까지 배치하는 캐스팅 센스. 연출도 깔끔하니 군더더기 없다"
D.P. 시즌 1,내 최애 한국 드라마. 시즌 2를 기대할 수 밖에 없다.
D.P. 시즌 1,얼굴믿고 까부는 개폐급 안준호
D.P. 시즌 1,🐅🪖
D.P. 시즌 1,단절된 사회고발극
D.P. 시즌 1,연기도 잘하고 내용도 졸잼..
D.P. 시즌 1,재밌음!! 한호열 상뱀 너무 좋고 류이강 개에바라고 봉디쌤..😭
D.P. 시즌 1,군대 소재 드라마 좋아해서 정말 재밌게봤어요
D.P. 시즌 1,다양한 이유로 괴롭힘당하는 사람들과 그런 사람들을 잡는 D.P. 조 디피는 탈영병들을 잡아야 할까 놓아주어야 할까 사람들에대한 고찰을하게됨.
D.P. 시즌 1,한 개인의 이야기라면 과장이지만 한 집단의 이야기라면 축약이다
D.P. 시즌 1,구교환 정해인 뿐만아니라 조연들도 너무 훌륭함... 특히 황장수 병장 실제론 미필이라는거에 충격!!!!
D.P. 시즌 1,군대라는 인권유린의 현장에서 벗어나려 탈영병이 된 자들을 그들의 삶을 위해서 잡아들여야 하는 자들의 딜레마.
D.P. 시즌 1,제일 듣기 싫은 말 요즘은 안그래
D.P. 시즌 1,틀어놓고 다르거하기 좋아요
D.P. 시즌 1,"단지 드라마로서만 이 세상에 존재하는 이야기였다면 얼마나 좋았을까.. 아프고, 무겁고, 슬프다."
D.P. 시즌 1,군대는 다 똑같애. 계속 문제는 생기지.
D.P. 시즌 1,묵직하게 어쩌면 깊게
D.P. 시즌 1,동생 입대 후 용기내어 다시 보았다. 입대 다가온 언젠가부터는 보기가 힘들어서 말이다. 그런데 다른 드라마처럼 N차 시청은 꽤 오랜 시간이 흐르고 가능할 듯하다.
D.P. 시즌 1,화두를 넘지 못하는 연출의 매너리즘.
D.P. 시즌 1,현실은 드라마보다 더 하겠지만 나름 잘 만든 드라마 같아요
D.P. 시즌 1,그냥저냥
D.P. 시즌 1,가슴이 먹먹하다.... ㅠㅠ
D.P. 시즌 1,용서받지 못한 자들은 어디에나 존재한다
D.P. 시즌 1,.
D.P. 시즌 1,멍에를 짊어진 명예로운 젊은이들이여
D.P. 시즌 1,마음이 아프다.
D.P. 시즌 1,미필자도 끝까지 보게 만든는 드라마
D.P. 시즌 1,디피1의 한 에피소드마다 너무 몰입해서 보게된다
D.P. 시즌 1,너무재밌게봤다
D.P. 시즌 1,마지막화와 조석봉 일뱀....ㅠㅠ
D.P. 시즌 1,추억을 뛰어넘는 작품성
D.P. 시즌 1,아련하며 씁쓸한 감정만이 남아돈다.
D.P. 시즌 1,대한민국 남자들의 역린을 파고드는 동시에 그들 각자에게 건네는 위로의 메시지
D.P. 시즌 1,사회고발물의 정수 같다는 생각이 든다 수많은 영수증들의 교환 입덕작.... 전혀 다른 배경에서 자란 두 사람이 팀을 이뤄 탈영병을 잡기 위한 여정을 한다 너무너무재밋다......
D.P. 시즌 1,서로에게 조금만 더 다정한 세상이 되기를.
D.P. 시즌 1,변화됐다 하지만 지금도 비슷한 일은 계속해서 일어난다
D.P. 시즌 1,정말 세상은 불합리하다 착한자가 살기 힘든 세상 그건 군대나 사회나 직장이나 어디나 마찬가지. 세상은 착한 사람을 그냥두기는 커녕 지혜롭지 못하다고 비난한다.
아마존 활명수,tv예능 보는 줄 알았네ㅋㅋ 생각지도 못한 부분에서 몇 번 웃음 터짐ㅋㅋ 마지막에는 전형적이지만 그래도 짠했음ㅜ
아마존 활명수,B급영화보다 못한 억지 웃음 코드에 너무 뻔한 스토리.. 나에게 어디에서 웃고 감동을 느껴야하는 지 꼭좀 알려주세요~
아마존 활명수,"예상되는 개그, 그 개그를 맞출때 짜릿함"
아마존 활명수,오랜만에 재대로 된 코믹 감동 폭발!!!
아마존 활명수,활명수라는 느낌이 딱 드는 작품이었어요!!
아마존 활명수,"뻔한 스토리의 B급 영화. 차라리 유튜브에서 '아마존의 눈물' 다큐멘터리를 보고, 류승룡 배우님의 과거작 '극한직업'을 재감상하는게 나을듯."
아마존 활명수,사람들의 관점은 다양하겠지만 내 기준에선 가족들이 아무 생각없이 웃을 수 있고 다본 후 즐겁게 마음이 편해지는 영화라고 생각한다. 명절날 보는 코믹영화같은?
아마존 활명수,웃음 코드가 너무 진부하고 억지 스러움. ㅠㅠ
아마존 활명수,정말 억지로라도 웃어쥬고 싶었는데 ㅋㅋㅋㅋ안나옴
아마존 활명수,유치와 재치 한 끝차이
아마존 활명수,보는 내가 부끄럽죠
아마존 활명수,간만에 빡쳐서 별점 매겨요 ~~ 중학생들이 모여서 일주일 만에 만들만한 이야기 입니다. 제작비가 얼마라구요 ?? ㅎ 대박이네 ㅋㅋ
아마존 활명수,순식간에 시간이 가네요 빵터짐요
아마존 활명수,개꿀잼 나는 최고의영화라 생각한다 b급 쿄미디로 딱맞아요
아마존 활명수,웃기긴 웃긴데 유치하기 이루 말로할 수 없다
아마존 활명수,배아플정도로 웃긴건 아니고 소소잼정도 킬링타임용으로 나쁘지않음
아마존 활명수,대충 얼기설기 구성에 과장 유머가 더해져 소화불량
아마존 활명수,"낡은연출,클리셰 덩어리에 B급 코미디같은 제목으로 개그 타율이 높지않다. 요즘도 이런 개그가 통할 줄 알았다면 큰 오산."
아마존 활명수,초등학교 자녀와 함께 보면 딱 좋을 영화! 거기까지.
아마존 활명수,영화보면서 내 막힌 속은 누가 뚫어주나
아마존 활명수,너무 인위적입니다. 입꼬리 안 올라갔어요... 몇 년전에 찍은 작품인가?
아마존 활명수,폭소보다는 피식하고 웃는 느낌! 진선규의 원맨쇼. 혼자서 웃기려 고군분투 하지만 역부족이다. 양궁을 소재로 했으면서 경기의 긴장감이 현저히 떨어진다.
아마존 활명수,이걸 코미디 영화라고 만든건가
아마존 활명수,70년대 아동용 영화보는 느낌
아마존 활명수,재미와 감동 두마리의 토끼를 다 잡은 최고의 걸작
아마존 활명수,아직도 이런 영화를 만드네...
아마존 활명수,2.3/과녁만 귀신같이 피해 가는 명백한 불합격점 코미디.
아마존 활명수,유치하다는 말은 코믹영화의 칭찬.
아마존 활명수,하나도 안 웃김 ㅠㅠ 웃음코드가 안 맞았음 ㅠㅠ
아마존 활명수,시사회 꽉찬 자리에서 사람들 안웃음 너무 진부한 설정과 레피토리 배우들도 억지스러움 외국 원주민 연기자는 연기 잘함. 나머지 모두가 어색함
아마존 활명수,참 성의없다. 아시아 국적 선수들 역할로 나온 사람들은 그냥 딱 봐도 전부 한국사람이더라. 진선규는 1인 2역한다고 고생했다. 극한직업은 재밌어서 몇번 봤는데 이건...
아마존 활명수,재미와 감동 한 스푼 ^^ 간만에 코믹영화 재미있게 봤습니다. 아마존활명수 화이팅~~~♡♡♡
아마존 활명수,웃기려는 강박이 엇박이 되어 감동마저 삐끗
아마존 활명수,무엇보다도 코미디가 단 한 번도 웃기지 않았다.
아마존 활명수,"지구의 허파 아마존을 지키자! 거대한 아파트성곽에 갇혀있는 우리들,.코메디속 뜨거운 눈물과 감동의 휘몰이! 자막 올라가며 마지막에 한번더 빵!!! 슈팅을 날린다."
아마존 활명수,오랜만에 유쾌하고 잼있었음
아마존 활명수,.
아마존 활명수,아마존 활명수 시사회 후기 정보 출연진 관람평점 리뷰 결말 스포 쿠키 아는 맛 올드한 코미디 한국영화
아마존 활명수,마음 편하게 보면 나쁘지 않을 영화. 의외로 뭉클한 포인트도 있었음.
아마존 활명수,코미디에 충실한. 유쾌한 영화. 배우들이 연기를 참 잘했다. 요즘 웃을일 많이 없는데 재밌게 봤어요^0^
아마존 활명수,와우.. 연기가 쩝니다. 웃음과 감동이 함께했네요. 다들 왜 연기를 잘하는 걸까요? 많이 웃었습니다
아마존 활명수,연기부터 모두것이 이상해요 총제작비가 130억이라고 하는데 나는 이영화을 심형래씨 코믹이라고 생각해요 초딩들이 좋아할 영화같아요
아마존 활명수,"별 기대없이 봤는데 웃다가 울다가...시간가는 줄 몰랐어요. 류승룡배우의 표정연기 굿, 진선규배우의 말투 굿 브라질배우님들 진짜 아마존원주민 인줄....ㄱㅅㄲ 너무 웃겼어요."
아마존 활명수,끝까지 못봄
아마존 활명수,이젠 굳이 이런 영화를 영화관에서 봐야할지..
아마존 활명수,웃겼으면 됐지 뭐.ㅋㅋㅋ
아마존 활명수,설 명절에 부모님과 재밌게 봄~ 많이 본 뻔한 스토리지만 가족과 소소하게 보긴 괜춘
아마존 활명수,이 왜 감동적임...
아마존 활명수,양궁 오피셜 스폰서인 현대만 신났잖아요
아마존 활명수,X
슬기로운 의사생활 시즌 2,이런 의사들만 병원에 있으면 좋겠다ㅎㅎ;;
슬기로운 의사생활 시즌 2,노래는 너무 좋다
슬기로운 의사생활 시즌 2,배우님들의 연기도 굿!!! 노래를 보는 재미도 굿!!
슬기로운 의사생활 시즌 2,시즌1은 진짜 의학드라마 같아서 재미있었는데 시즌2는 진부한 연애서사에 초점을 맞춰선지 뭔가 루즈해졌음
슬기로운 의사생활 시즌 2,모두가 너무너무 좋다고 하는데 난 그냥 재미있는 정도였다. 인생 드라마라고 하기엔 나에게 뭔가 2프로 부족했던 드라마.
슬기로운 의사생활 시즌 2,시즌1보다 업그레이드 된 개그감ㅋㅋㅋㅋㅋ 시즌2도 이렇게 좋을 수 있나요!! 시즌3 기다리고 있습니다
슬기로운 의사생활 시즌 2,시즌3 내놔
슬기로운 의사생활 시즌 2,"여전히 착하고 좋은 친구들, 특히 매력 터지는 이익준과 장겨울."
슬기로운 의사생활 시즌 2,"작품성, 연기력, 음악, 연출 뭐 하나 빼놓을게 없었던 현실공감 힐링 유쾌 따뜻한 작품. 추운 겨울, 마음이 헛헛 할때 슬의생1,2를 정주행 하며 위로를 받았던 기억이 납니다."
슬기로운 의사생활 시즌 2,의사되고싶어짐!!!
슬기로운 의사생활 시즌 2,슬기로운 방법을 알려주는
슬기로운 의사생활 시즌 2,윈터가든!!!!!!! + 이렇게 끝나는 건 의리 지킨 사람들에게 예의가 아니지..... 안녕 구구즈..
슬기로운 의사생활 시즌 2,멜로가 더욱 가미된 슬의생^^
슬기로운 의사생활 시즌 2,시즌1과 동일한 이유로 질리도록 봄
슬기로운 의사생활 시즌 2,의학 드라마지만 편안함과 즐거움이 큰 드라마
슬기로운 의사생활 시즌 2,"시즌1 우려먹기, 매번 억지 교훈 만들어서 티나게 대사로 전달하기"
슬기로운 의사생활 시즌 2,의학드라마와 로맨스를 둘다 잡은 힐링 드라마
슬기로운 의사생활 시즌 2,옛정 때문에 의리로 봤고 이제 다시는 마주치지 맙시다
슬기로운 의사생활 시즌 2,"병원에서 연애하는 드라마 질색인데, 이런 드라마라면 환영이다."
슬기로운 의사생활 시즌 2,판타지 같지만 이렇게 화면에서라도 환하게 웃어보는 것이 어디야.
슬기로운 의사생활 시즌 2,시즌1 만큼의 몰입도가 없다.
슬기로운 의사생활 시즌 2,판타지 시즌2
슬기로운 의사생활 시즌 2,깔끔하게 재밌다
슬기로운 의사생활 시즌 2,몇번을 봐도 재미있어요
슬기로운 의사생활 시즌 2,시즌1 그대로
슬기로운 의사생활 시즌 2,바람직한 신파와 훌륭한 캐릭터성이 메인.
슬기로운 의사생활 시즌 2,시즌3 나오면 무조건 본방사수다. 그냥말필요 없으니 봐야한다.
슬기로운 의사생활 시즌 2,어딘가 점점 어색해지고 의사생활이 뒷전이 되는 느낌.
슬기로운 의사생활 시즌 2,보다 지치는 판타지
슬기로운 의사생활 시즌 2,의드계의 프렌즈~
슬기로운 의사생활 시즌 2,좋은 OST가 많았어서 그걸로도 기억되는 작품!
슬기로운 의사생활 시즌 2,방치된 떡밥들을 위해 예정대로 즌3를 주세요.
슬기로운 의사생활 시즌 2,슬기로운 시리즈를 좋아하는 나로썬 슬기로운 + 병원이야기 그냥 프리패스 정주행 여러번 한 작품 중 하나👍
슬기로운 의사생활 시즌 2,주변에 99즈같은 친구들이 있다면 그 사람의 인생은 복받은 인생
슬기로운 의사생활 시즌 2,인생드라마
슬기로운 의사생활 시즌 2,99의 청춘은 계속된다 !
슬기로운 의사생활 시즌 2,너무 따뜻한 공룡능선 다섯 친구들의 힐링 스토리.
슬기로운 의사생활 시즌 2,배우들 간에 케미도 너무 좋고 연기도 좋고 특히 미도와 파라솔 노래가 너무 좋았습니다 그리고 준완이랑 익순이 너무 좋아💗
슬기로운 의사생활 시즌 2,시즌 1의 강점이 시즌 2의 약점이 되었다.
슬기로운 의사생활 시즌 2,스토리도 너무 재밌고 마음 편안하게 볼수 있는 드라마였습니다 슬기로운 전공 생활도 기대되네요
슬기로운 의사생활 시즌 2,"직업소명의식. 피곤하고 힘들어도, 늘 동료들과 행복하게 즐기면서 프로답게 일하자고…"
슬기로운 의사생활 시즌 2,"인생 역작 중 하나, 의사로써가 아닌 휴먼 드라마"
슬기로운 의사생활 시즌 2,재방송에 재방송 본거도 다시보고 수십번은 본 거같다. 그냥 공기처럼 마신 드라마
슬기로운 의사생활 시즌 2,드라마라기보단 동화에 가까운.
슬기로운 의사생활 시즌 2,가끔씩 좋은 사람들에게 나쁜일이 일어나곤 한다
슬기로운 의사생활 시즌 2,"현실엔 없는 의사들이지만 현실에도 있었으면 하는 바람을 갖고 챙겨보는 드라마. 잔잔함 속에 긴장감도 있고, 일단 모든 배우들의 연기가 완벽했고, ost들도 좋다."
슬기로운 의사생활 시즌 2,"세상 멋졌던, 여전히 매력적인 그들이 돌아오긴 했는데, 뭘 빼놓고 온것 같다. 그 많던 감동 모먼트들, 다 어디갔지?🥲 난 떡밥 수습만을 기다린것이 아니었는데,,기대가 컸나보다."
슬기로운 의사생활 시즌 2,시즌제 드라마를 위한 준비가 덜 된 상태에서 의기투합으로만 진행했다가 여러가지 한계를 보이고 그냥 평범한 트렌디 드라마가 되어 버림.
슬기로운 의사생활 시즌 2,.
슬기로운 의사생활 시즌 2,"시즌1 본사람은 시즌2는 무조건 보는 드라마 우정, 사랑의 내용과, 의학드라마에서 빌런이 없는 순수하고 재밌는 드라마"
허트 로커,이라크 전쟁과 관련된 작품 중 이 영화를 빼놓고 논하는 것은 엄청난 실수
허트 로커,다큐멘터리라고 봐도 무방한 현실감과 언제 터질지 모르는 폭탄에서 오는 긴장감과 몰입감이 최고인 영화
허트 로커,심장에서 내뿜는 터질듯한 굉음 고요하게 퍼져나가는 서스펜스의 파편
허트 로커,이라크 자이툰 파병 용사로서 더 몰입해서 봤던 영화
허트 로커,의외의 매력 제레미 레너!
허트 로커,재수없다
허트 로커,누구는 목숨 걸고 해결해도 누구는 다시 쉽게 설치한다
허트 로커,총소리 대포 소리 없이 조여오는 조용한 전쟁
허트 로커,"전쟁이라는 비일상에 익숙해져 일상으론 돌아갈 수 없게 되어버린 사람들의 이야기. 익숙해지지 못한 사람은 전쟁터에서 망가지고, 익숙해진 사람은 전쟁터가 아닌 곳에선 살아갈 수 없다"
허트 로커,전쟁에 미친 한 남자의 광기 어린 눈빛에 점점 사로잡힌다.
허트 로커,오직 죽음으로만 벗어날 수 있으리라(4.0)
허트 로커,39일처럼 느껴졌던 130분. 내 손에 땀 나는 것 좀 봐.
허트 로커,짜릿한 긴장감이 멈추지 않았다
허트 로커,.
허트 로커,두려움이 주는 아드레날린에 중독이 되면...
허트 로커,전쟁은 마약
허트 로커,"당시 무정부 이라크와 미군의 폭탄제거활동을 체험하다. 극도의 위험을 자처하는 그가 전형적인 이타적 영웅캐릭터인줄 알았는데, 주변인의 위험도 개의치않는 독불장군 리스크중독자라니.."
허트 로커,나를 살아있게 하는 폭탄의 맛
허트 로커,전쟁은 일상이 되면 쉽게 벗어나지못하는 마약이 된다.
허트 로커,전쟁 미치광이들과 인간 그 경계 어딘가의 영화
허트 로커,"손짓과 호흡 그리고 내리쬐는 태양까지, 모든것이 뇌관같로 기폭제 같다. 숨죽이고 주먹 꽉쥐고 보게 되는 영화."
허트 로커,2시간동안 폭탄 해체반의 고통과 땀나는 해체씬을 보여준다
허트 로커,마약과도 같은 생과 사의 기로.
허트 로커,전쟁이 일상인 남자의 비극적인 시간.
허트 로커,취해가는 인물들을 조롱하는 듯 무자비한 클로즈업
허트 로커,아무도 원해서 중독되는 사람은 없다.
허트 로커,전쟁은 마약이다.
허트 로커,생사를 넘나드는 복어알 조리중독.
허트 로커,의도된 건조함에서 비롯되는 강렬한 서스펜스에 온몸이 저릿저릿.
허트 로커,캐스린 비글로우표 리얼리티 전쟁 영화의 정점
허트 로커,정말 대단한 긴장감의 계속됨
허트 로커,"난 아직도 제임스의 행동원인이 위험한 순간에서의 스릴인지, 구하지 못했던 사람들에 대한 죄책감과 부채의식인지, 군인으로서의 사명감인지 모르겠다."
허트 로커,마음을 닫아버린 사람
허트 로커,죽음에 대한 공포로만 느껴지는 삶의 감각. 전쟁의 저주에 대하여.
허트 로커,허트 로커
허트 로커,긴장감이 최고조인 영화다. 전쟁의 참상도 고스란히 느껴지는 수작
허트 로커,"서스펜스, 서스펜스, 서스펜스"
허트 로커,영화 03
허트 로커,이라크 전쟁의 한복판 속으로 .. war is a drug
허트 로커,"전쟁의 한가운데, 자극의 한가운데"
허트 로커,아드레날린 중독
허트 로커,"이미 파괴된 일상, 돌아갈 곳은 먼지와 방호복만 남은 전장뿐. 전쟁이 그들에게 새기는 적응이란 파편."
허트 로커,흔들리는 시선에도 주저않는 마음이 가져다주는 극한의 서스펜스
허트 로커,캐서린 비글로우 감독의 최고작
허트 로커,쉽사리 한줄로 이 영화를 평가할 순 없을것.
허트 로커,묵직
허트 로커,그가 좋아하던 유일한 한가지는 폭탄해체가 아니었을까
허트 로커,조용한 전쟁
허트 로커,"덩케르크, 보고 있나?"
허트 로커,끈질기고 위태로워 보이는 그 공간에 있을 때 그는 비로소 심장이 뛴다.
월-E,대사 하나 없으나 내게 있어 이 영화는 수 많은 대사들을 포함하고 있다
월-E,"모든 것이 파괴되고 쓰레기로 변한 아포칼립스에서도 사랑스러움은 존재하며, 따스함은 싹을 틔운다."
월-E,감동과 신선함의 환상특급
월-E,"어릴때 보고, 시간이 흘러 다시 보니 보는 시각이 이리도 달라진다. 월-E가 이렇게 개상남자였다니"
월-E,인간보다 더 인간적인 로봇이야기. 대사없이 표정만으로도 철저하게 살아있는 감정과 1차원적으로 사랑에 다가서는 모습은 아날로그감성을 미래배경에 덧입혀내는 작업과 함께 감성과 테크놀로...
월-E,앞으로 이보다 잘 만든 애니매이션이 나올 수 있을까.
월-E,지금이 이것마저 희망적일 정도로 암울한 상황만 아니라면 더 와닿았겠지만 월e와 이브의 감동적 서사에 홀리지 않을 수 없었다.
월-E,내 앞에 그려진 선을 넘어 너에게 닿기를
월-E,"초반 아포칼립스 압도적 분위기, 중반부 우주의 아름다운 영상미, 후반 디즈니 특유의 힐링과 따뜻한 메세지. 기승전결이 완벽한 영화"
월-E,별 다른 대사 없이도 사람이 아닌 로봇 간에 사랑을 납득시키다.
월-E,#🌱 너랑 깍지끼려고 내 손이 갈라졌나봐.
월-E,정해진 경계를 벗어난 순간
월-E,꼼꼼하고 세심한 묘사. 소설 '멋진 신세계'와 현재적 문제의식까지 덧붙인 괜찮은 애니
월-E,내가 본 영화 중 가장 순수한 멜로
월-E,버려진 청소 로봇이 인간에게 알려주는 순수함과 아름다운 사랑.
월-E,쓰레기 버리는 기계의 사랑이 어찌 이리 아름다운지
월-E,인생애니... 로봇 둘 나오는데 왜이렇게 설레냐고ㅠㅠ❤️
월-E,그저 환상적일 뿐.
월-E,이 영화를 재미있게 보기위해선 월E의 순수함을 공감할 동심이 필요하다. 그리고 월E의 동심에 공감할지 외로움에 공감할지는 영화를 보는 사람의 상황에 달렸다.
월-E,초등학생 때 이 영화 극장에서 보고 그후로 쭉 내 인생 애니메이션 1위가 되어준 진짜 애정하는 영화..! 아마 내가 죽기 전까지 월e를 뛰어넘는 애니메이션은 나오기 힘들 것 같다ㅠ
월-E,"내가 생각하는 인류사 최고의 애니메이션.. 환경오염에 대한 경고, 로맨스, 기술이 발전할 수록 편해지는 인류, 귀여운 케릭터까지 모든것이 최고.."
월-E,"우주를 배경으로 한 아름다운 영상에 캐릭터들의 움직임 하나하나가 섬세하게 표현됐으며 대사가 거의 없는데도 큰 울림이 있는 감정선, 적재적소에 깔리는 BGM까지... 모든 면에서 완..."
월-E,아름답고 여운깊게 표현된 디스토피아적 쓰레기장
월-E,이렇게 사랑스러운 깡통 로봇을 보았는가?
월-E,디즈니의 명작 중 하나
월-E,왈리 …~~~~!!
월-E,ㅠㅠㅠ재밋슴 고철들의 사랑이야기
월-E,월이!!!
월-E,절제된 대사로 충분히 전달되는 애니메이션이라니. 외국 영화 자막 속도 못쫓아가 서러운 나. 미래의 지구가 살 만한 곳이 아닐 거라는 예감.
월-E,손을 잡고 싶다는 것의 의미
월-E,애니메이션계의 다크나이트
월-E,영화에서 대사는 그리 중요한 게 아니라는 점.
월-E,3d애니의 무성영화
월-E,픽사 최고의 영화
월-E,폐허속이나 혹여나 사랑스런 감동의 물결속으로 빠져든다.
월-E,바퀴벌레도 가끔은 귀여울 수 있다
월-E,기계적인 소재로 이렇게 아름다운 사랑이야기를 만들 수가 있을까
월-E,🌱
월-E,인간을 구분 짓는 것은 곧 낭만임을
월-E,순수한 낭만과 사랑. 세계의 끝에서도 희망을 잃지 않는 호기심이 세상을 구원한다
월-E,이이브~~~
월-E,개봉때 극장에서 ‘이바(eve)! 를 부르는 윌리가 정말 귀여웠고 마지막엔 왜인지 모를 뭉클함에 눈물도 흘렸네요
월-E,"깜찍한 로봇이 황량한 지구에서 전해주는 메세지, 그리고 감정들"
월-E,"로봇의 순애보의 힘이라니.. 순둥하고 의지 강한 월-E가 사랑스럽고, 로봇들의 이야기가 이뻤다. 뜬금없이 월-E랑 이브, 조니5 셋이 함께 얘기가 펼쳐지는 걸 상상하게 됐다."
월-E,나는 이 영화가 참 좋다. 이브와 월이가 대화없이 눈빛과 행동으로 서로의 감정을 읽고 유대감을 느끼는 그 동안이 참 좋다.
월-E,각자 다른 상황의 로봇들의 사랑이야기 월E 너무 귀엽다
월-E,디지털 세상에서 우리는 서로에게 얼마나 무신경한가? 우리는 인간보다 로봇에게 감정이 많은 모순적인 세계에 살고 있다
월-E,어느것 하나 빠지는게 없구만!
월-E,이러니 픽사에 빠질 수 밖에
월-E,"메마른 땅 위에서도 돋아나는 생명, 피어나는 감정을 픽사적 SF로 풀어낸다."
보고타: 마지막 기회의 땅,시간낭비 상당햐~ 오글오글 예측가능 뻔한 스토리
보고타: 마지막 기회의 땅,생각보다 볼만한 그런 영화..하지만 마지막으로 갈수록 굳이..?싶은 내용임
보고타: 마지막 기회의 땅,2010년대 후반 한국 영화 시장은 마치 IMF 직전의 한국 같다는 걸 스스로 보여준다.
보고타: 마지막 기회의 땅,부산국제영화제에서 보고타 미리보고 왔어용
보고타: 마지막 기회의 땅,IMF시잘에 한국을 떠나 콜롬비아 보고타에 정착하려는 ㄱ국희를 통해 한인들의 삶을 느와르적인 느낌으로 풀어가는 영화! 이민사회에서 있을법한 이야기들! 아무도 믿을수 없는 세상!
보고타: 마지막 기회의 땅,"장르의 변화를 꽤하다, 치밀하지 못하여 와르르 무너지다."
보고타: 마지막 기회의 땅,보고타
보고타: 마지막 기회의 땅,돈맛보다 더 무서운 건 ‘불신의 맛’
보고타: 마지막 기회의 땅,새해 첫 영화인데 선택을 잘못했다. 영화 참 못 만들었다. 해외까지 가서 찍었는데 이것 밖에 안되나.
보고타: 마지막 기회의 땅,등급을 높혀서 좀더 찐하게 만들었다면 어땠을까 (24.12.30 시사회)
보고타: 마지막 기회의 땅,그 뜻을 정확히 파악하는 이에게 제공하는 기회의 땅.
보고타: 마지막 기회의 땅,"결국 그 기회는 누구를 위한 기회였나 원래부터 혼자였는지, 아니면 모든 걸 무참히 짓밟고 난 결말이 혼자인 건지 모르겠다 꿈이 없는 이가 악을 쓰며 살아남으려 했을 때 벌어지는 일"
보고타: 마지막 기회의 땅,"IMF때 이민간 한인들의 이야기에 음모,밀수를 우겨넣어 범죄물로 그럴싸하게 포장한다.하지만 이희준의 콧수염 분장만큼 싼마이한 이야기와 비주얼은 아싸라비아 콜롬비아 대사만큼 촌스럽다"
보고타: 마지막 기회의 땅,뭉툭한 서사와 캐릭터로 어필하니 소재의 개성이 와르르.
보고타: 마지막 기회의 땅,잔뜩 무게만 잡을 뿐.
보고타: 마지막 기회의 땅,오랜만에 느끼는 참담함
보고타: 마지막 기회의 땅,음.....
보고타: 마지막 기회의 땅,보고타 | 마지막 기회의 땅에 자욱이 낀 허무함
보고타: 마지막 기회의 땅,뭘 말하고 싶은 영화인지 도통 모르겠다
보고타: 마지막 기회의 땅,보고타: 마지막 기회의 땅 후기
보고타: 마지막 기회의 땅,동물의 세계어서 최극단인 먹이사슬을 잘 보여준다.
보고타: 마지막 기회의 땅,독특한 소재와 콜롬비아 배경의 이국적인 장면들이 꽤 볼만했던 영화!! 역시 배우들 연기가 출중하니 보는 맛 가득했음! 송중기한테 젤 잘 어울리는 캐릭터가 아니었나..
보고타: 마지막 기회의 땅,2025년 새해 첫 최악의 영화 탄생! 원두커피처럼 진하지 않고 밍밍한 망작!
보고타: 마지막 기회의 땅,사투리 와 커피맛 만큼 진하지못해 덜그럭 덜그럭
보고타: 마지막 기회의 땅,"어떤 캐릭터의 스토리를 전달하기엔 너무 부족하며, 몰입조차 어려워 그냥 강 건너 불구경하다 영화관을 나온 느낌이다. ""이건 무슨 영화일까?"""
보고타: 마지막 기회의 땅,"이국 땅에서의 처절한 삶이라는 메시지는 잘 전달된 듯. 초중반까지는 여러 이해관계가 섞이며 흥미로웠지만, 중후반부로 가면서 힘이 좀 빠진 느낌. 실력파 배우들이라 연기는 깔게 없다"
보고타: 마지막 기회의 땅,2025년 내 최악의 영화 현재 날짜 1월 4일
보고타: 마지막 기회의 땅,콜롬비아에서 패딩을 밀수할 거라고 생각도 못했는데 소재가 너무 신박해서 재밌었어요!! 영상미도 너무 좋았고 무엇보다 배우들 연기에 몰입이 잘되서 재밌게 보고 왔습니다!!!!
보고타: 마지막 기회의 땅,개인적으로는 소재도 특이하고 재밌었어요 배우들 연기 너무 좋았
보고타: 마지막 기회의 땅,첨예하지 못한 스토리에 총성만 난무하여 깊이감이 떨어진다.
보고타: 마지막 기회의 땅,쓸모없을 줄 알았는데 쓸데가 생겼네
보고타: 마지막 기회의 땅,"좋던 싫던, 보고 현타"
보고타: 마지막 기회의 땅,뒤로 갈 수록 그들만의 갈등으로 가는 느낌.
보고타: 마지막 기회의 땅,믿음없는 사람들이 모여서 벌이는 배신극. 보고타는 잘못이 없고 사람들이 문제임. 다들 성난 사람들만 나옴.
보고타: 마지막 기회의 땅,"평점 낮아서 기대 안 하고 보면 볼 만함. 그치만 디게 루즈함 ,,,,"
보고타: 마지막 기회의 땅,송중기의 다양한 캐릭터를 살리지 못한 어설픈 느와르
보고타: 마지막 기회의 땅,6구역은 고사하고 3구역도 힘들어보인다.
보고타: 마지막 기회의 땅,너무 재밌게 봤어요! 시대상과 잘 맞는 시나리오였던거 같아요 이국적인 풍경도 한몫했구요
보고타: 마지막 기회의 땅,"콜롬비아의 영상미가 지루하지 않고, 배우들의 연기력이 너무 좋다"
보고타: 마지막 기회의 땅,"기회란 무엇인가에 대해서 다시금 생각해 볼 수 있게 한 영화, 해외에서 촬영해서 이국적인 풍경들과 특유의 영상미가 아름다워서 지루하지 않게 보게 된다."
보고타: 마지막 기회의 땅,무한도전으로만 알았던 보고타를 제대로 알게 해준 영화! 로케 영상미가 너무 예뻐요!!
보고타: 마지막 기회의 땅,빈 구석만 채우면 멋진 영화가 되었을텐데
보고타: 마지막 기회의 땅,별로 궁금하지 않은 망한집 외동아들의 콜롬비아 생존기
보고타: 마지막 기회의 땅,7.1/옷장사 느와르.
보고타: 마지막 기회의 땅,"무능한 연출과 무기력한 각본, 한국영화 범죄 느와르 장르의 밑바닥"
보고타: 마지막 기회의 땅,뻔한 우물 안에서 보여주는 이런저런 이야기의 한계.
보고타: 마지막 기회의 땅,아직도 롤렉스는 째깍째깍.
보고타: 마지막 기회의 땅,옛 마피아 영화와 플롯이 비슷하다 그래서 정감같고 몰입하여 영화를 볼 수 있었다.
보고타: 마지막 기회의 땅,진짜 심각하게 재미없어요 주인공에 몰입도 전혀 안되고
보고타: 마지막 기회의 땅,이 중구난방하고 도무지 이해할 수 없는 스토리는 또 뭐람; 아싸라비아 콜롬비아 나올때부터 심상치 않았는데.. 자꾸만 스토리 흐름이 끊기는 이상한 전개. 무도 보고타 드립이 더 꿀잼
500일의 썸머,500일의 여름을 보내고서야 가을을 맞이할 준비를 마친 남자.
500일의 썸머,"이를테면 브루스 스프링스턴을 모르면서 'Born To Run'을 좋아하는 척 해서는, 상대가 내 운명이어야만 한다고 확신하고 그 사람을 자신에게 끼워 맞추려 해서는, 그래서는 사랑..."
500일의 썸머,넌 나의 링고스타를 존중하지 않았지
500일의 썸머,"사랑 할 땐 운명인 줄 알아도, 결국 인연은 만드는 것."
500일의 썸머,썸머를 욕하던 20대의 나는 어느새 썸머를 이해하게 됐다
500일의 썸머,민들레 씨앗은 운명이 아닌 우연으로 안착한다.
500일의 썸머,"운명은 정해져있는 것이 아니라, 만들어 나가는 것"
500일의 썸머,"당연하고 일상적이지만 특별한 나날들을 자세히 들여다보면? 그 일상에 배경음악이 깔리고, 영화가 되며 팝송이 되고 사랑이 된다."
500일의 썸머,그건 모두 내 환상에서 시작된 것이었지만 기적이 없다는 걸 알기에 매달리지 않는다
500일의 썸머,왜 하필 유난히도 긴 계절이 여름이었을까.
500일의 썸머,한 계절이 1년중 4분의 1만을 차지하는 이유
500일의 썸머,운명과 우연은 사랑의 속성으로 함께 존재한다.
500일의 썸머,삶의 순환 속에서 갑작스럽게 다가왔던 '계절'이 내 것이 아니었음을 인정하는 순간 새로운 '계절'을 맞이할 준비가 되다.
500일의 썸머,만나고 설레고 사랑하고 달콤하고 행복하고 헤어지고 매달리고 원망하고 미워지고 절망하고 잊혀지고 또 만나다
500일의 썸머,다음장으로 넘어갈 수 있는 용기
500일의 썸머,우연에 끌림을 더하면 우리는 그것을 운명이라 여기게 된다.
500일의 썸머,나는 대체로 톰이었음 매번 쿨하지 못함
500일의 썸머,운명이든 우연이든 사랑은 맞았잖아
500일의 썸머,썸머가 왜 나쁜 년인지 모르겠어
500일의 썸머,"두 남녀의 사람의 방식 중 누가 옳다 할 수 없다. 그렇기에 답답할 수도 있고, 이해할 수도 있고."
500일의 썸머,500일의 썸머를 다시 봤다. 이 영화를 처음 봤을 때가 생각났다. 나는 이 영화에 열광했다. 내가 영화를 만든다면 바로 이런 영화를 만들고 싶었을 거라는 이상한 반가움마저 ...
500일의 썸머,"여름이에게 500일 동안 비싼 수업료 호되게 치렀으니, 가을이에겐 배운 걸 좀 잘 써먹어 보길."
500일의 썸머,"볼 때 마다 새로운 영화가 있다. 이 영화가 그렇다. 누구에게 감정이입을 하는지, 최근에 어떤 사랑을 했는지, 지금 어떤 사랑을 하고 있는지에 따라 다르게 보인다."
500일의 썸머,우연과 운명.. 여름이었다...
500일의 썸머,"그녀가 있었던 500일의 시간, 그녀가 없을 앞으로의 시간"
500일의 썸머,사랑은 노력해보고 기원해봐도 잡힐 듯 잡히지 않는 불가사의하고 미완의 감정.
500일의 썸머,"""우연, 그게 전부야"" 첫사랑 갓 실패한 남자에게 필독도서같은 영화."
500일의 썸머,그저 그런 영화
500일의 썸머,"시간을 교차편집한 게 마음에 든다. 우린 생각과 감각이 지배한다면 톰은 생각이, 썸머는 감각이 우선하는 경우?"
500일의 썸머,가장 개인적인 로맨스 영화.
500일의 썸머,영화 500일의 썸머 리뷰
500일의 썸머,최고
500일의 썸머,커여움
500일의 썸머,"우연을 쉴 새 없이 말하니, 가끔 운명이라 말하기도 했다."
500일의 썸머,그 남자 그 여자의 사정. 지난 세월 지난 나의 썸머들.
500일의 썸머,감성을 찾으려 애쓰나 애달픈 감정에 기복이 느껴진다.
500일의 썸머,내가 영화를 사랑하기 시작한 이유 내가 영화를 사랑하는 이유
500일의 썸머,"사랑에 빠지고, 본인의 사랑에서만 혼자 기대한 사람이 느끼는 깨달음. 운명처럼 기다리지 않고 스스로 사람에게 다가서는 마음이 우연을 잇게 된다. 찬물 더운물 오가는 즐거운 영화."
500일의 썸머,청춘의 중간에서 가장 많이 만나볼 우연에 대한 이야기
500일의 썸머,!!!
500일의 썸머,누구나 잊지못하는 여름이 있지
500일의 썸머,"기억에 많이 남을 듯한 영화, 로맨스하면 딱 떠오를 듯"
500일의 썸머,톰이 그렇게 믿었던 '운명'밑은 어두웠다
500일의 썸머,여름을 500일이나 안고 있었던 톰이 가을을 받아들인것은 운명이다
500일의 썸머,잔인하리만치 현실적이다 재밌지만 다시 보지는 않을 영화
500일의 썸머,이별이 마냥 미운 것만은 아니군요!
500일의 썸머,제목이 뭔가 싶지만 꼭 봐야 할 영화!
500일의 썸머,"어린 시절 처음 봤을 땐 썸머가 미웠고, 어른이 되고 다시 보니 톰 한테 화가 난다."
500일의 썸머,아리면서도 즐거운 것은 현실의 사랑이라서.
500일의 썸머,"그 이유를 알 것 같아서 결말이 더욱 아련하고, 그래서 더욱 마음에 든다."
