﻿movie_title,review
콜디스트 게임,이도저도 아님 퀸스겜빗같이 천재성 돋보이는 체스실력을 보여주는 것도 아니고 첩보물같은 긴장감도별로없고 진짜 애매한영화...
콜디스트 게임,드라마에 비해 긴장감이 느껴지지 않는 좀 민밋한 연출.. 위기상황에 대한 묘사가 자료화면만으로 보여지니.. 극의 서스펜스가 떨어진다.. 주인공 캐릭터도 다소 많이 아쉽다.
콜디스트 게임,내게도 최면을.
콜디스트 게임,거대한 사건 속에 숨겨져 있을 법한 것을 상상력을 통해 그리려한 점은 평가받을 만ᆢ
콜디스트 게임,차갑고 냉정한 냉전시대 속에 빛나는 폴란드의 따뜻함
바튼 아카데미,하나 잃으면 전부 잃은 듯했던 아이. 반쪽 눈으로 살아가는 법 배우기.
바튼 아카데미,이걸 발렌타인데이에 혼자 가서 보고 온 나도 사실 숨은 주인공 아닐까ㅋㅋㅋ
바튼 아카데미,예고편보고 기대하고 갔던 분위기는 아니지만 힐링 영화로는 딱이었음. 생각보다 잔잔했음
바튼 아카데미,따뜻한 영화가 좋다는 건 역사와 전통이 증명한다.
바튼 아카데미,매년 크리스마스가 되면 이 영화를 꺼내볼 것 같다.
바튼 아카데미,스토리가 어떻게 진행될지 뻔히 보여도 예상하는대로 진행됐으면 싶을 때 있는데 이 영화가 그랬음 그러나 하나도 진부하지않고 위트와 감동도 모자라거나 과하지않음
바튼 아카데미,"결핍이 쌓아올린 ""앙트라 누"" @28th 부산국제영화제"
바튼 아카데미,저마다 상처를 가진 이들이 서로에게 버틸 수 있는 온기와 나아갈 수 있는 힘이 된다는 믿음을 이토록 따뜻하고 뭉클하게.
바튼 아카데미,9.3/모두가 항우울제 하나쯤은 품고 다니는 세상 속 망한 체리 주빌레에 담긴 진심처럼.
바튼 아카데미,‘남겨진’사람들도 그들안에서만큼은 ‘선택된’이라는 표현을 서로가 써주고 싶어했을것이다
바튼 아카데미,서로에 상처 외로움 찌꺼기제거는 사람의따스함으로
바튼 아카데미,잔잔하다. 연기가 뛰어난 것도 알겠고 따스함도 느껴지지만 너무 잔잔해서 몰입도가 떨어졌던 것 같다.
바튼 아카데미,"때로는 우리네 같은 어설픈 평범함이 더 친근할 때가 있다. 그나저나 폴 선생님의 양보는 언제쯤 위로될 수 있을까, 우리 일상에서도 그런 날이 올 수 있을지."
바튼 아카데미,불협화음이 만들어 낸 하모니. 외로움들이 모여 서로를 치유하다. “앙트레 누!”
바튼 아카데미,"◈ 바튼맨으로서 긍지를 가져도 될만큼, 그해 그 크리스마스 시즌은 최고의 수업이었다. 영화를 본 이후에도 좀처럼 멈추지 않는 이 울림…"
바튼 아카데미,"너무나 훌륭한 극본, 연출, 액팅의 하모니. 메리 아주머니가 차려준 식탁에서 밥 먹고 싶고, 중학교 때 그 선생님이 보고 싶어졌다. 알렉산더 페인의 최고작! 2023. 4.5"
바튼 아카데미,예전의 알렉산더 페인이었다면 더 근사했을텐데 하는 아쉬움 반 썩어도 준치 반...
바튼 아카데미,알렉산더 페인은 폴 지아매티란 자신의 페르소나를 통해 꼬장꼬장한 자신의 모습을 나쁘게 투영하는 신기한 능력을 보여주고 있다. 좋은 사람이라곤 없는 영화에서 따뜻함을 만들어내는 스토
바튼 아카데미,"오랜만에 소시적 미국 스타일의 드라마를 봤다. 1차적인 캐릭터 설정, 작위적인 내러티브, 은근 강요조의 감동 등은 여전히 거슬리지만 그래도 작금의 마블류 쓰레기들보단 낫지않은가"
바튼 아카데미,여백의 유임
바튼 아카데미,언젠가 이 영화를 정말 다시 한 번 보고 싶은 날이 올 거 같다
바튼 아카데미,노잼 노감동 캐릭터 몰입도 감정도 동요 안 되는 스토리도 그냥저냥 연기도 그냥저냥 그냥 크리스마스 영화로 극장말고 오티티로도 보면 될 영화 돈 아까운 영화였다.
바튼 아카데미,"상처를 감추고 살아가는 이들에게 건네는 따듯한 위로, 메리 크리스마스"
바튼 아카데미,앙트레 누! 우리끼리 얘기지만 또 보자 :)
바튼 아카데미,상처뿐인 것 같은 외로운 인생을 버틸 수 있게 하는 건 결국 마주 잡은 손의 온기
바튼 아카데미,바튼 아카데미 | 뻔한 이야기 속에 숨은 진주
바튼 아카데미,사람 냄새나는 온기
바튼 아카데미,뜨거운 작별인사. 거기에 담긴 우정과 진심.
바튼 아카데미,소외된 이들이 가족을 이루며 서로를 치유하는 바튼맨들의 앙트레 누
바튼 아카데미,웨스 앤더슨의 기계적인 면모를 듬뿍 덜어낸 듯한 감성적인 영화
바튼 아카데미,저마다 빛을 가진 사람들의 찬란한 찰나에 대하여
바튼 아카데미,인생이란 횃대위에 놓인 사이드웨이
바튼 아카데미,각기 다른 이유로 남겨진 자들이 함께 하는 심연의 위로.
바튼 아카데미,"기대 하나도 안 하고 갔더니 만족도 최상! 퀸 같은 영화. 비주류들의 비주류에 의한 비주류를 위한 영화. 루즈하지 않고, 스토리와 연출도 좋고, 영화 중간중간 여기저기서 폭소가"
바튼 아카데미,외로운 우리의 크리스마스를 위해 건배!
바튼 아카데미,흥미롭다
바튼 아카데미,"현실적인 웃음, 결핍과 결핍이 마주할 때 우리는 비로소 완연한 위로를 받게 된다."
바튼 아카데미,"따뜻한 결말인 척 하지만, 사실 그렇지 않은…"
바튼 아카데미,"서로가 서로에게 든든한 힘이 되고, 따뜻한 위안이 되다."
바튼 아카데미,"크리스마스, 연말에 보기 좋은 따뜻한 영화 서로 숨기고 싶었던 결핍과 약점을 의도치 않게 공유하며 점점 서로에게 스며들고 친구가 되어가는 과정이 나에게도 스며들었다."
바튼 아카데미,상처받은 이들끼리 상처를 핥아주는거지
바튼 아카데미,잔잔한 파도에 모든 집중을 더하다
바튼 아카데미,인생의 단계마다 마주치는 터닝포인트가 된 크리스마스 연휴담
바튼 아카데미,진짜 핏줄은 아니지만 따뜻한 가족
바튼 아카데미,내 마음을 따뜻하게 해준 2025년 첫 영화!!!
바튼 아카데미,“앙트레 누” 가려진 진심은 오른쪽 눈을 마주해야 꿰뚫을 수 있다.
바튼 아카데미,분명 봤는데 뭔 내용이었지
바튼 아카데미,"뻔하지만 따뜻했던, 크리스마스와 한 해의 마지막 날 그 중간 어디쯤 보기 좋은 영화"
바튼 아카데미,공허한 마음을 채우는 이타적 온기!
바튼 아카데미,"우리의 삶은 늘 부족함에 둘러쌓여 짓눌리지만 그렇기에 우리는 어설픔에도 미소지을 수 있으며, 타인을 이해할 수 있고, 서로를 돌보며 살아갈 수 있다"
007 카지노 로얄,폭탄 제조범은 깃털같이 우아하게 도망치는데 본드는 우당탕쿵탕 벽까지 때려부수면서 쫒아가는 오프닝 추격씬 부터 내이름은 본드 제임스 본드 라고 말하는 엔딩까지 마음에 든다.
007 카지노 로얄,'에바 그린'의 미모 밖에 안 보인다.
007 카지노 로얄,엔딩만으로도 3점을 줄수 있다
007 카지노 로얄,발톱을 숨긴 야수성의 섹시한 영화
007 카지노 로얄,모든 것의 시작이었던 영화
007 카지노 로얄,기승전결이 기억이 안나면 봤어도 별점을 안매긴다. 007시리즈 대부분을 그래서 평가안했는데 얜 별 4개까지 줬다. 보는 걸 추천한다.
007 카지노 로얄,세련된 리부트
007 카지노 로얄,007 다니엘크레이그 나온거 중에 가장 재밌게 봄
007 카지노 로얄,다니엘크레이그의 본드시리즈중에 최고!!
007 카지노 로얄,뛰어난 플롯과 액션으로 다듬어진 세련된 제임스 본드의 재탄생
007 카지노 로얄,뛰어난 007의 맨몸액션의 귀환
007 카지노 로얄,플레이 타임이 상당하지만 지루하지 않았다. 하지만 멋진 기계 장치가 안나오는 007은 뭔가 중요한 걸 잃은 게 아닐까
007 카지노 로얄,007 시리즈 최고의 작품!
007 카지노 로얄,"수트발 잘 받는 본드, 제임스 본드"
007 카지노 로얄,엔딩씬에서 외친다 이게 제임스 본드지!
007 카지노 로얄,에바 그린누나 날 가져요.
007 카지노 로얄,.
007 카지노 로얄,"고전 첩보 시리즈물의 세련된 업그레이드. 각자 완벽한 맞춤 정장을 입은듯한 주인공과 히로인, 그리고 빌런"
007 카지노 로얄,킬링타임용
007 카지노 로얄,아직은 혈기왕성한 다니엘 크레이그의 007 첫번째 작품
007 카지노 로얄,와 거기 고문은 너무했다 진짜
007 카지노 로얄,개인적으로 마음에 들었던 오프닝과 기억에 딱 박히는 마지막의 그 대사와 장면.
007 카지노 로얄,모두가 거부하던 다니엘 크레이그의 제임스 본드의 전설은 여기서 시작되었다
007 카지노 로얄,새로운 007을 소개하는 멋진 작품.
007 카지노 로얄,"유치 뽕짝 코믹 액션에서 모던 첩보 액션으로 완벽히 탈바꿈한, 시리즈의 부활에 성공한 기념비적인 작품. *그 묵직한 타격감(?)의 고통을 어떻게 못 느낄 수 있을까."
007 카지노 로얄,매즈 때문에 3점 주는 것 뿐
007 카지노 로얄,"인상적인 오프닝 추격씬, 멋지긴 한데 왜 필요한지 알 수 없는 첩보 시퀀스"
007 카지노 로얄,Le Chiffre
007 카지노 로얄,리부트 개념의 007을 맞아 서툴고 거친 배우를 본드의 초년병시절로 꾸며준 영화. 그런 영화가 되기 위한 극적인 장치였던 베스퍼 린드를 연기한 에바그린에게 박수를.
007 카지노 로얄,"Welcome back, 007"
007 카지노 로얄,다니엘 크레이그 첫 본드 역할인데 찰떡같이 잘 어울리네 스토리도 좋고 거칠고 상남자 향기 듬뿍이네
007 카지노 로얄,내가 아는 그 본드가 아닌가베
007 카지노 로얄,깔끔한 액션과 볼거리 그리고 시리즈를 관통할 트라우마.
007 카지노 로얄,본드걸과의 유대가 가장 애틋했던 영화
007 카지노 로얄,긴장의 끈을 놓으려고 하면 괜히 불안해지게 만든다.
007 카지노 로얄,매즈 미켈슨 때문에 찾아봄. 악당이지만 너무 불쌍하구나.
007 카지노 로얄,누구에게나 순수했던 처음은 있었다.
007 카지노 로얄,내가 본 첫 007 영화. 수트 간지가 흐르는 다니엘 크레이그 참 맘에 든다.
007 카지노 로얄,007 프랜차이즈의 산소호흡기이자 전기충격기
007 카지노 로얄,처음 본 007이자 가장 재밌게 본 007
007 카지노 로얄,이 거만한 영국 남자의 매력을 이제야 알았다
007 카지노 로얄,내 마음속 007의 시작
007 카지노 로얄,007이라는 낡은 캐릭터를 어떻게 현재에 정착시키느냐.
007 카지노 로얄,후반부에는 본드가 환상을 꿈꾸는 줄 알았는데 현실이네?? 하......
007 카지노 로얄,스파이의 낭만을 벗고 스타일을 입었다. 절정의 비극을 위한 지루함은 감내할 부분.
007 카지노 로얄,왜 그랬어요 베스퍼...
007 카지노 로얄,각성제 에바 그린
007 카지노 로얄,액션과 정열과 자각을 싹 다 긁어모아 그대에게. 노름판은 커지고 판돈은 올랐으니 갈 길이 구만리로다.
007 카지노 로얄,기차에서의 티키타카를 다시 보니 왜 본드가 베스파에게 철저하게 빠졌는지 알겠다
007 카지노 로얄,제임스 본드의 거칠고 새로운 해석을 위한 첫걸음.
정체,"로맨스만 잘찍는줄 알았던 후지이 미치히토, 이런것도 잘찍는구나."
정체,과하지 않은 연출이 마음에 들었어요. 특히 마지막에 소리를 없애고 주인공의 표정을 보여주는 장면이 인상적입니다.
정체,인간의 선은 무엇이며 그 정체는 무엇인가. 요코하마 류세이라는 미소년을 여러 방식으로 연출하면서 인간의 정체성과 존엄성에 대한 큰 그림을 그리는 작품.
나의 아저씨,아이유의 인생 캐릭터 갱신
나의 아저씨,차갑게 시작했지만 따뜻한 드라마
나의 아저씨,서로를 통해 삶을 치유하게 되는 이야기. Ost좋음
나의 아저씨,"어른에 대한 정의가 필요했던, 어두웠던 마냥 어둡지만 않았던 드라마"
나의 아저씨,딱하다고 안타까워하다가도 내 삶을 돌아보며 술 한잔을 한다.
나의 아저씨,마음을 어루만져주는 인생드라마
나의 아저씨,내용도 좋고 결말도 다 좋았는데 너무 어두워서 5점 만점이 아닌 드라마.
나의 아저씨,처음엔 그냥 불륜 드라마인줄 알고 피했는데 중년 남성으로서 갖게 되는 고민을 던져주는 이야기였다. 가까이 있는 이들에 대한 소중함과 이 시대 진짜 필요한 어른이 뭔지 알려주는.
나의 아저씨,김원석 감독님이 좋아서 보게 됐는데 한동안 지안이가 신경쓰였던 폭풍감동의 소중한 드라마ㅠㅠ
나의 아저씨,누군가에게 나는 어떠한 '어른'으로 남을 것인가에 대한 따뜻한 물음
나의 아저씨,망가졌다 생각할 때 온전한 나와 주변을 돌아보게 만든다. 열심히 살았지만 불쌍해지는 삶을 살지는 않는지 묻게하는 작품.
나의 아저씨,나의 인생드라마 안본사람 없게 해주세요
나의 아저씨,드라마 보는 내내 마음을 가누기 쉽지 않을만큼 몰입력있게 봤다.
나의 아저씨,개인적으로 인생 최고의 드라마
나의 아저씨,"인생 드라마. 퇴근 후 자취방에서 혼자 봤는데, 저걸 볼 때의 방 온도, 분위기가 생각남."
나의 아저씨,"지안, 편안함에 이르렀나? 어딘가에서 잘 살고 있기를"
나의 아저씨,한국 드라마에서 이렇게 깔끔한 결말이 있었던가
나의 아저씨,최고의 드라마
나의 아저씨,선균 편안함에 이르렀나? 부디 그곳에서는 편안하길
나의 아저씨,어둡지만 따뜻함이 있는 드라마
나의 아저씨,배우 이지은의 재발견
나의 아저씨,따뜻한어른이좋다
나의 아저씨,"지안, 편안함에 이르렀나"
나의 아저씨,"모두가 성인이 되지만, 모두가 어른이 되지는 않는다."
나의 아저씨,어딘가 병든 사람들이 서로를 보듬으며 버티고 살아가는 게 인생이다.
나의 아저씨,찬바람이 얼굴에 닿을 때면 생각나는 드라마
나의 아저씨,배경부터 인물까지 시린느낌을 주는데 아저씨들이 한기를 가져가고 온기를 나눠주는 느낌 아이유의 어린 얼굴로 날 세운 캐릭터 연기가 좋았음 다리다친 어린 길고양이 같음
나의 아저씨,그냥 보고 말해. 그러면 됩니다.
나의 아저씨,마지막에 몰아치는 편안함에 홀딱 젖었다
나의 아저씨,그렇게 귀여운 아이유가 이렇게 어두운 연기를 잘하다니 참된 어른을 보여주는 드라마
나의 아저씨,편히 잠드소서. 당신의 감동적인 연기 영원히 기억하겠습니다.
나의 아저씨,이제 가슴 아파서 더는 못 보겠다
나의 아저씨,가장 볼만했던 한국 드라마 중에 하나
나의 아저씨,세상을 살며 존경할 만한 어른을 만난다는 것은 세상을 잘 살아가는 것만큼 어려운 것
나의 아저씨,"쓸쓸함이 눈처럼 쌓여 얼어붙은 맘을 녹이는 봄날 같은 한 줄기 위로. 꿋꿋하게, 씩씩하게, 묵묵하게 편안함에 이르러가자."
나의 아저씨,처음으로 3번이나 정주행한 드라마. 작가님이 그리는 사람과 대사들이 너무 인상 깊게 와 닿았고 볼때마다 매번 새로운 감정을 느꼈지만 좋은 드라마다라는 생각은 변하지 않는다.
나의 아저씨,"인생드라마작 중 하나 이 시대, 우리에게 어른이란 무엇인가 나는 잘 자라고 있는 어른은 맞는지 돌아보게합니다"
나의 아저씨,남녀노소 모두에게 감동과 기쁨을 주는 드라마
나의 아저씨,우울한 느낌을 안좋아하지만 삶의 힘을 얻는 기분이 든다
나의 아저씨,.
나의 아저씨,이세상 모든 지안이들이 행복해졌음 합니다
나의 아저씨,지안 편안함에 이르렀나? 어른도. 어른안에 있는 내면아이도. 행복해지길
나의 아저씨,세상에서 제일 불쌍한 애가 내가 불쌍하대
나의 아저씨,-
나의 아저씨,다시보고 싶은데 울까봐 참고 있다.
나의 아저씨,최고다 인생드라마
나의 아저씨,가슴에 새겨질 따뜻한 이미지
나의 아저씨,인생 최애 드라마...짱!!!
나의 아저씨,제 아비어미형제조차 나몰라라하는 이들의 뒤통수에 측은지심이 뭔지 어른이 뭔지 서늘한 감동을 후려갈겨주는.욕망과 양심 사이에서 양심에 심하게 기울어사는 사람이 어른이라 말하는 드라마
나의 아저씨,결말도 완벽
플라워 킬링 문,이야기꾼의 두려움
플라워 킬링 문,완성도 높은 고전영화
플라워 킬링 문,하남자 특 줏대 없음
플라워 킬링 문,생가보다괜찮아요
플라워 킬링 문,살인의 일상화
플라워 킬링 문,기나긴 착취의 역사를 소비가 아닌 목격하고 각인하게 만드는 노장의 시네마.
플라워 킬링 문,비가 들이칠까봐 창문을 닫으려는 남자와 잠잠해질 때 까지 빗소리를 듣는 여자의 대비. 차갑게 꺼내놓는 과오의 시간.
플라워 킬링 문,원주민을 죽이는 것보다 강아지를 발로 차는 게 훨씬 중죄였던 시대. 이제는 대지 위에 더이상의 우스꽝스러운 ‘직각선’이 그어지지 않기를 바랄 뿐.
플라워 킬링 문,건강히 소처럼 일해주길 바라요 감독님 밀키 소원 ٩̋(ˊᵒ̴̶̷̤ ꇴ ᵒ̴̶̷̤ˋ)و
플라워 킬링 문,인간의 추악한 면을 잔잔하게 담아낸다. 연출과 연기는 어마무시하지만 너무 길다.
플라워 킬링 문,"바꿀 수 없는 역사를 기억하고 위로하려는 일, 그것이 스코세이지 감독에게 주어진 또다른 사명이었다."
플라워 킬링 문,"아마도 올해 가장 흥미로운 엔딩? 그 스스로의 역사를 돌아보고 반성하는, 또 나 스스로를 반성하게 하는 눈빛이랄까"
플라워 킬링 문,"스콜세지의 미국에 대한 시선은 옛날에도, 지금도, 앞으로도 냉정하고 적대적일 것이다. 갱스 오브 뉴욕 이전의 더 비관적인 비판."
플라워 킬링 문,연풀과연기가좋아요
플라워 킬링 문,플라워 킬링 문
플라워 킬링 문,"백인들의 수많은 침략의 역사를 되돌아보는 참된 어른의 자세, 진실된 거울 앞에서 써내린 거장의 참회록"
플라워 킬링 문,문명인이라고 착각하는 미개한 하얀 기생충들
플라워 킬링 문,피보다 진했던 인디언들의 눈물로 적힌 역사
플라워 킬링 문,영화관에서 영화를 보는 행위는 잠자는 누군가의 꿈 한조각을 들여다보는 것과 같다고 어디선가 들어본 적이 있다. 세시간 동안 다른 삶을 살다 돌아온 것처럼 아름다운 경험이었다.
플라워 킬링 문,한 톨의 정의조차 찾을 수 없는 라디오 비극(4.0)
플라워 킬링 문,<플라워 킬링 문> 미국이라는 상속자에게 들려주는 편지
플라워 킬링 문,"206분이라는 러닝타임이 무색할 정도로 짧고 흡입력있게 흘러간다. 그 시절을 비판하듯, 개인의 감정을 무의미하게 만들고, 잘못됐음을 꼬집는다."
플라워 킬링 문,욕망에 눈 멀어 붉게 물들인 형제들의 땅
플라워 킬링 문,"평양냉면의 맛을 내고, 비빔냉면의 여운을 준다."
플라워 킬링 문,형형색색의 빛을 머금은 아름다운 꽃밭에 암흑같은 석유를 흩뿌리고 달빛의 그림자로 사건을 감추는 거대한 부조리.
플라워 킬링 문,기생충 - 더 매운 실화 사람이 제일 무섭다
플라워 킬링 문,과오를 돌아보는 무겁고 느린 발걸음.
플라워 킬링 문,이것은 미국 탐욕의 역사를 적절히 비유해서 보여주는 영화~! 하지만 너무 길다...
플라워 킬링 문,죽은 자들은 말이 없고 죽인 자들은 입을 나불댄다.
플라워 킬링 문,도파민에 절여진 내 뇌가 스콜세지의 감성을 온전히 감상하지 못하는게 그저 아쉬울 뿐
플라워 킬링 문,거장은 끝까지 거장이다
플라워 킬링 문,장황이라는 우려를 장엄이라는 감상으로 대치시켜버리는 스콜세지 식 성찰
플라워 킬링 문,"""나를 운디드니에 묻어주오""를 읽고 받았던 충격을 떠오르게 하는 영화. 이 영화는 가급적 많은 사람이 감상하기를 바라는 명작이다."
플라워 킬링 문,역시나 뛰어난 이야기꾼
플라워 킬링 문,그 시대의 참상 그리고 지금도 계속되는 차별
플라워 킬링 문,.
플라워 킬링 문,!!!
플라워 킬링 문,상영시간이 더럽게 긴데 전혀 지루하지 않은 엄청난 영화
플라워 킬링 문,우리 모두 나쁜 짓은 절대 하지 말자.
플라워 킬링 문,"좋은 영화를 보면 경험해 본다는 러닝 타임이 한 시간 짧게 느껴지는 착각을 드디어 처음으로 해 봤다. 뜨거운 석유 시추 현장에서 벌어지는 냉혹한 살인 사건, 잘 어울렸다."
플라워 킬링 문,"그저 그렇게 지나가버려진, 폭력에 물든 자본주의에 대한 한 편의 비극"
플라워 킬링 문,디카프리오가 경찰에게 서서 조사받을땐 말론브랜도인줄. 당시 인디언들이 착취당하고 피해받는 현실의 한 단면을 본듯 ㅠㅠ
플라워 킬링 문,원주민의 암흑기에 앓다가 살아돌아온 것 같은 거장의 정수가 담긴 영화.
플라워 킬링 문,미국의 백인 자본이 어떻게 형성되는 과정을 거짓없이 보여주는 수작.. 자기들것이 아니어도 자기들것으로 만드는 과정에 기가 차다.. 두 배우에 열연에 박수와 찬사를 보낸다..
플라워 킬링 문,묵직하지만 담백하게
플라워 킬링 문,디키프리오와 스콜세지의 만남은 언제나 옳다. 배우의 놀라운 연기와 감독의 스토리를 이끌어내는 연출이 아름답고 잔인한 역사를 담담히 얘기한디
플라워 킬링 문,조금은 과한 생각일지라도..
플라워 킬링 문,이 복잡한 인간의 내면을 온전히 그려내는 디카프리오
플라워 킬링 문,어쩌면 가장 미국적인 이야기
플라워 킬링 문,비참한 오일머니에 대해 생동감 있는 영상으로 잘 담아냈네요
히든 페이스,각자의 욕망의 발견된 그곳. 서로 행복하면 된거야. 원작 보더 더 나아간 반전에서..'헉'. 한국 상업영화에서 보기 드문 서사.
히든 페이스,몰입도최고
히든 페이스,자극이라는 벽 속에 갇혀버린 주제의식
히든 페이스,긴장감 빠진 스릴러잖아! 이게 뭔 영화야? 보고 싶지도 않은 정사씬이 너무 길어!
히든 페이스,두 여배우 연기 외에는 별로. 웬 731부대 설명까지. 비쥬얼도 인간중독만 못 함.
히든 페이스,"어저께 시사회에서 봤습니다. 넷플에서 원작도 봤는데 원작보다 구성이 매끄럽고, 각색이 잘 된 느낌이었습니다. 수위는 높지만 예쁘게 보여져서 괜찮았습니다. 마지막 의외의 결말!"
히든 페이스,의외로 몰입도 높은 에로틱 스릴러. 박지현의 강렬한 연기
히든 페이스,"원작과 전혀 다른 장르로 제작한 건 좋은데, 심각한 졸작이 되어버렸네?"
히든 페이스,애매하게 이어지는 플롯. 노련한 조여정 배우가 빛났다
히든 페이스,너무 정사씬이 치우친 영화는 아닐까..
히든 페이스,인간의 욕망으로 점쳐진 예측불허한 진행
히든 페이스,자극적인게 다인 영화.
히든 페이스,동성애 영화네요!~~~~
히든 페이스,자극에만 치중해서 이끌어가다가 졸속적인 끝맺음
히든 페이스,반전이 전혀 반전스럽게 느껴지지 않는 아이러니
히든 페이스,욕망이라는 키워드를 집요하게 파고든 에로틱 장인 김대우의 내공이 빛나는 영화
히든 페이스,어색한 초반 흥미진진한 중반 어이없는 후반
히든 페이스,"'진짜 삶'과 '은밀한 욕망', 그리고 '용서받지 못할 짓'. 올해 최고의 걸작."
히든 페이스,세가완삼 미슐랭 스릴러
히든 페이스,박찬욱 흉내
히든 페이스,이걸 100만 명이 본 게 진짜 웃김 근데 나도 봄.... 조여정 박지현 송승헌 다 무슨 생각으로 이 영화 찍은 건지 너무 궁금해서 심층 인터뷰 하고 싶어짐
히든 페이스,원작보다 나은 리메이크. 중반부 이후 다소 늘어지다 낙차 크게 결말로 뚝 떨어지는 감이 좀 있지만 그 결말이 꽤나 신박해서 좋은 의미로 웃었다.
히든 페이스,"우리에게 보여주려 했던 것은 욕망인가, 자극인가"
히든 페이스,네 소유욕은 아무도 못말리는구나
히든 페이스,"각자의 욕망이 맞아떨어져서 평온한 일상이 흘러가는, 사랑은 없고 욕망의 거래만 있는 기괴한 세상"
히든 페이스,욕망이 분출되면 관음의 밀실은 고통속으로...
히든 페이스,원작 보다 훨씬 예뻐진 욕망의 히든페이스! 보통의 가족 만큼 각색과 연출이 더 뛰어난 영화. 김대우 작가&김독님의 쇠고랑처렁 찰랑이는 디테일의 슴결이 느껴지는 수작. 치명적인캐릭
히든 페이스,청설 따위를 보고 설레었던 내가 웃긴다.
히든 페이스,에로티시즘의 미학적인 부분과 이야기의 구체성에 대한 아쉽고도 흥미로운 전개.
히든 페이스,밀실의 역할
히든 페이스,좀처럼 못돼쳐먹고 이기적이면서도 바보같은 우리들의 해피엔딩.
히든 페이스,박지현과 조여정의 선후배없는 연기배틀 (송승헌은 늘 그렇듯 아쉬워)
히든 페이스,히든페이스
히든 페이스,"재미있는데, 시시하다."
히든 페이스,와 보는내내 긴장감에 시간가는줄 몰랐습니다…ㄷㄷ 야한줄만 알았는데 개쩐다.. 천만 갈거 같아요 레알.
히든 페이스,모두가 행복하니 이거 완전 럭키비키잖아.
히든 페이스,박지현만 보였음 스릴러라기엔 지루해 긴장감 없어
히든 페이스,사랑을 빙자한 욕망에 눈먼 그들만의 숨겨진 민낯
히든 페이스,남들이 말하는 평범한 삶 속 남 몰래 착장한 욕망이 이렇게 부끄러울 줄이야
히든 페이스,놀라운 시나리오와 예상치 못한 결말. 노출을 감행하고서라도 출연한 배우들이 이유가 있었다. 다만 송승헌씨 연기는 아직도...
히든 페이스,작위적인 설정 뒤에 재미는 숨어버린 요란한 빈 수레
히든 페이스,"글쎄요.. 자극만 주려면 성공 한거같지만,, 감독의 뜻은 모르겠습니다"
히든 페이스,골때림 (좋은의미로)
히든 페이스,문제를 가진 세 인물의 완벽하고 아찔한 해피엔딩
히든 페이스,우리는 과연 본인의 치부가 다 밝혀진 순간에도 어디까지 좋은 사람일 수 있을까
히든 페이스,뭔가 힙한 요소들을 넣고 치명적인 척은 하고 싶은데 어딘가 엉성하고 배우들 매력도 반감되는
히든 페이스,원작보다 좋았다. 원작은 남미의 분위기와 서사라 공감되지 않는 부분들 다수 있었는데... 한국적 정서를 잘 입힌 듯... 특히 음란서생 김대우 감독 작품이라 반가웠다.
히든 페이스,정말 개연성이 없는게 두 여자가 어떻게 친해졌는지 그 집에서 왜 같이 들락 거렸는지 휠체어 탄 선생님이란 분은 뭐하는 사람 이였는지 정말 스릴러도 아니고 애로틱도 아니다
히든 페이스,"올해 개인적으로 영화관에서 40편 정도 봤는데, 유일하게 별점 5점 주고싶다. 유튜브에서 요약본 안보고 가길 추천한다. 십몇분짜리 요약본 보고 가서 0.5점 마이너스 될뻔 했다."
히든 페이스,"전체적인 내용이나 구성이 잘 만든 영화입니다. 송승헌,조여정 배우의 연기도 좋았지만 박지현 배우의 연기가 독보적이네요 박지현 배우를 각인시키는 영화네요"
스즈메의 문단속,하울한테 감명을 많이 받은 신카이 마코토. . .
스즈메의 문단속,"만남, 기억, 그리고 그것을 담는 문. 이 모든 것을 가진 열쇠는 일반적인 스즈메였다."
스즈메의 문단속,아무리 힘든 일이라도 스스로 한계를 넘어야 한다는 것을.
스즈메의 문단속,난왜 이거보는내내 악귀의 어? 문이열렸네 가 계속생각나는거야 ㅎㅎㅎㅎ
스즈메의 문단속,상실에 대한 따스한 위로
스즈메의 문단속,너무 끈다는 느낌.. 지루했다
스즈메의 문단속,돌이킬 수 없는 재난과 어떻게 공존할 것인가에 대한 신카이 마코토의 대답.
스즈메의 문단속,"""다녀오겠습니다""의 의미"
스즈메의 문단속,애니메이션으로 보는 풍경이 이렇게 이쁘다니!!
스즈메의 문단속,한번쯤 봐도 괜찮을듯 해요 나름 재미있었어요
스즈메의 문단속,신카이 마코토가 스즈메를 통해 재난의 문을 열었던 이유
스즈메의 문단속,"#🗝️ 아직 따뜻한 세상에서 덤으로 얻은 이 삶. 오늘의 나는 당신이 지켰을테니 내일의 당신은 내가 지켜서, 돌려드립니다."
스즈메의 문단속,"상실의 폐허 속 되풀이 되는 재앙에 맞서며, 그간 지나쳐온 문들을 되돌아 본다"
스즈메의 문단속,재액 넘치는 세계라 해도 오직 선의만이
스즈메의 문단속,문안에 갇힌 우리의 마음 너머를 위로한다
스즈메의 문단속,요 감독이라면 영상미는 말할것도 없고 의자가 이렇게 스윗할 일인가 (23.02.28 시사회)
스즈메의 문단속,"다녀온다고, 다녀왔다고 말할 수 있기를 바라며 따뜻하게 감싸주는 이야기"
스즈메의 문단속,상실의 상흔을 치료할 수 있는 자는 오직 자신뿐이라고 말하는 것 같다.
스즈메의 문단속,"부끄럽게도, 이 나이에 '만화영화'를 보고 울었다. 위로는 누구에게나 필요하다. 제목을 좀 더 잘 번역할 수 있지 않을까 생각했었지만 영화관을 나서며 딱 맞는 제목임을 납득했다."
스즈메의 문단속,OST와 작화 때문에 본다고 해도 납득가는 영화
스즈메의 문단속,두번의 관람.. 스즈메가 스즈메에게 해주는 장면에서 하염없이 눈물이 흘렀다
스즈메의 문단속,함께 울어야만 달라지는 일이 있다
스즈메의 문단속,"그저 전작과 똑같은게 단점인데, 장점이 되는 애매한 경우. 결국 전작들이 마음에 안맞았다면 이번 영화도 역시 마음에 안맞을것. 그럼에도 불구하고 확실히 판타지적인 이미지는 좋긴했다"
스즈메의 문단속,"때로는 닫아야, 때로는 열어야 비로소 보일 ‘내일’들. 오늘도 ‘다녀 왔다’는 게 얼마나 소중한 일인지, 유려한 터치로 끝내 설득시키다. (+ 플롯, 드디어 해냈다. 플롯.)"
스즈메의 문단속,상실에 대한 위로와 상처의 봉합.
스즈메의 문단속,아 제가 고양이집사라서 그런 게 아니라요
스즈메의 문단속,영상미 하나는 기가막히다 지진이라는 재난을 막는데 문단속한다는 상상력으로 이야기를 풀어나가는 스즈메의 이야기 조금 엉성한 부분은 있지만 감안하고 보면 볼만한 애니메이션
스즈메의 문단속,영상미와 음향미는 좋았던 영화. 빠져드는 매력이 있다. 스토리와 감동은 그저 그런.
스즈메의 문단속,너의이름은은 못이경
스즈메의 문단속,신카이 마코토 장편 중 최고의 작화. 스토리에 있어 호불호가 갈리는 지점이 있지만 '별의 목소리' '언어의 정원'만큼 서정적인 여운을 길게 남긴다.
스즈메의 문단속,신카이 마코토의 발전과 한계가 동시에 보인다
스즈메의 문단속,시사회 후기. 사건 중심으로 전개되는 이야기인 만큼 롤러코스터를 탄거 마냥 즐거움이 가득했던 영화. 그러나 그 과정에서 캐릭터들간의 감정선을 다루는 데는 미흡했다.
스즈메의 문단속,"문을 열기 전 트라우마에 나 자신을 억압하는 나를, 문을 연 후 모든 고통을 극복하고 미래에 대한 확신에 웃음 짓는 나를"
스즈메의 문단속,영상미나 스토리나 대만족
스즈메의 문단속,재미있어요!
스즈메의 문단속,이게 500만 들 영화야...? 그냥 금사빠 주인공의 전국 유랑기잖아
스즈메의 문단속,스토리나 개연성에 대한 아쉬움은 영상미와 삽입된 음악들로 어느정도 메꿀 수 있을만큼 볼 만했다. 극장이 아닌 TV나 휴대폰으로 본다면 아쉬운 부분들이 많이 느껴질 듯
스즈메의 문단속,오프닝이 진짜 미쳤고 노래 미쳤고 고양이 개귀여움ㅠㅜ
스즈메의 문단속,과거의 문을 넘어 미래를 향하자.
스즈메의 문단속,기대하지않고 보면 재밌대서 그말믿고 아무기대없이 봤다가 가슴먹먹 눈물콧물 감동작살 만신창이가 되서 극장을 나섰다는 거 ㅠ 스릴감 즐기다가... 하아 가슴짠한 영화 음악도 가슴에..
스즈메의 문단속,그래도 나아갑니다.
스즈메의 문단속,신카이 마코토는 이별의 감각들을 뛰어난 작화와 탁월한 음악 선택과 함께 누구보다도 잘 표현하고 그로부터 오는 전율들을 누구보다도 효과적으로 선사하는 감독들 중 하나이다.
스즈메의 문단속,문을 열어 과거를 꼭 안아주고픈 현재의 사람들
스즈메의 문단속,아픔을 딛고 성장하는
스즈메의 문단속,의도치 않게 찾아왔던 과거의 아픔과 슬픔을 보듬다. 뻔한 소재를 새롭게 연관지어서 흥미진진한 스토리를 만들어 나가는 것도 감독의 능력이라고 생각한다.
스즈메의 문단속,우려를 남기며 묵직하고 거칠게 나아가는 재앙에 대한 추모(3.0)
스즈메의 문단속,버려진 장소에서도 피어날 생의 기적을 바라며 소리내며 기도한다.
스즈메의 문단속,후반부로 갈수록 스즈메가 활짝 열렸던 내 마음의 문도 닫아버렸다.
스즈메의 문단속,귀엽고 예쁘고 도키도키 다 하는 감동 이야기. 지진에 모두 무사하길 기원하는 마음이 예쁜 애니메이션으로 만들어졌다.
스즈메의 문단속,스즈메의 문단속 간단 후기
오디션,영화가 의도적으로 가려온 죄를 후반부에 가서야 관객도 깨닫게 된다. 이어지는 복수 장면은 관객들도 섬찟하게 만든다.
오디션,설거지
오디션,"공포는 아닌데 공포처럼 느껴지고, 오디션이 마치 범죄처럼 느껴진 '범죄 로맨스 스릴러'를 짬뽕한 느낌이다."
오디션,.
오디션,정교한 어둠에 잠겨 굴복한 이들의 마음이 이리저리 뒤섞인다. 묵직한 어조로 하는 장난은 이런 느낌일까.
오디션,"일본 특유의 기괴함을 품은 영화였다. 여성에 대한 남성의 인식, 불안함, 죄책감 등 묘한 감정들을 직관적이고 상대적인 비유로 잘 보여준다. 묘하게 정총무를 닮은 남주땜에 힘들었음"
오디션,듣도 보도 못한 처음 느껴보는 기괴함에 몰입되었었다
오디션,평범한 일상 속에 숨겨진 광기와 인간의 욕망.
오디션,오디션(1999) / 미이케 다카시 / ★★★☆
오디션,끼리끼리끼리끼리.
오디션,필요 이상의 혐오감 ㅡbifan
오디션,키리키리키리키리~~
오디션,삐뚤어진 소유욕과 성을 미끼로 낚시한다
오디션,스토리가 전반적으로 늘어져서 지칠 뻔 했는데 홍보 문구대로 마지막 10분에서 정신이 번쩍 듦. 영화에 과몰입하는 바람에 다 끝나고 나도 모르게 발목을 만져 봤다.
오디션,전복하여 드러내는 광기 어린 욕망들.
오디션,키리 키리 키리만은 남았던 영화.
오디션,마지막을 위해 쌓아온 이야기들은 그 장면 이후에 기억이 안날 정도
오디션,출시년도에 봤었더라면 어땠을까 당시 신선하다는 적당한 기괴함도 25년의 세월을 극복하긴 힘들다 이동진 추천빨 거품있음 ㅋ
오디션,영화 내내 불편함과 한심함이 공존한다
오디션,책으로만 봐야 했을 영화.
오디션,나랑 안 맞아..
오디션,시간이 지나도 떠오르는 무시무시함.
오디션,이런 도착증 고어 영화 만들지 말고 그냥 감독 혼자 주변의 마조히스트 여성 찾아가서 대침 주고 찔러달라고 부탁하면 안 돼?
오디션,대단했을 것 같다. 최초 개봉 시점인 2000년 당시에는. 당시 문제작에 대한 호기심 해소를 했다는 것에 의미를.
오디션,난 당신밖에 없는데 당신은 많은 걸 갖고있네요 난 그 일부가 되는건 싫어요 내 전부를 드려도 당신은 내 전부가 되어주진 않는군요
오디션,와이어 소리만 들어도 오금이 저린다...
오디션,많은 영화의 모티브가 되었을 후반부의 공포에 압도된다
오디션,누구의 오디션인가
오디션,기대치가 너무 컸다
오디션,더할 나위 없는 잔혹한 그로테스크.
오디션,가학적인 사랑의 끝
오디션,진실하지 못한 사랑을 위한 20분간의 새디즘
오디션,"욕망이 부른 잔혹극, 여주의 과거는 화차랑 비슷하네"
오디션,누가 누구를 선별한 걸까? 끼리끼리끼리한 고문의 오디션.
오디션,자위해 낳은 욕망의 발목을 잘라버린다.
오디션,섬뜩했던 키리키리가 이제는 눈물소리로 들린다
오디션,착취의 대상에게 착취되는 이야기. 오디션은 내가 보고 있었다? (이거 그냥 오디션 보는 이야기 아니었나요. 감독님 좀 하드코어 하네요...)
오디션,키리키리 나만 사랑해야 해요.. 나만..!
오디션,내사랑을 자루에 담을수 있을때까지 키리키리
오디션,"고전명작, 초중반부는 로코느낌이다가 후반부 40분에 갑자기 떡밥이 풀리면서 해결 고어한 장면도 나옴"
오디션,기괴한 것을 늘어놓고 기괴함을 느끼라 하니 괜시리 나오는 웃음.
오디션,"미이케 다카시 필모그래피의 정점, 영화 자체가 기나긴 악몽으로 느껴진다."
오디션,"윤리를 넘다드는 내면의 무의식이 뒤섞이고, 고통을 전가하는 순수한 모습이 압도적이지만 시대에 풍화된 자극은 기대에 부흥하지 못한다."
오디션,긴 상영 시간을 지루함 없이 끝까지 긴장하며 볼 수 있는 영화였고 생각 보다 무섭진 않았네요.
오디션,현실과 비현실을 넘나드는 후반부의 화면 연출이 정말 맘에 들었다. 그리고 키리키리키리~ 이 소리는 정말 기괴하면서도 너무 슬프다.
오디션,오디션
오디션,엄청난 고어 영화를 생각했던 내 생각과 너무 달랐다. 초반 중반 부분 독특한 멜로로 진행되는데 왜이리 졸립던지. 후반 15분만 보면 될듯. 고어팬이라면 딴 영화를 보는 것이 어떨지
오디션,원작 보지말고 볼껄..
오디션,생각보다 정교하고 복잡했다. 몸도 마음도 너무 아픈 영화
오디션,퀴퀴한 곰팡이 냄새와 피비릿내가 스크린을 뚫고 나올 것 같다
베놈 2: 렛 데어 비 카니지,쿠키 보기 위해 본편 90분을 봐야 했다.
베놈 2: 렛 데어 비 카니지,베놈 1도 그랬지만 굉장히 취향저격으로 봤다. 사실 좀 더 줄였어도 무방했을 법도 하지만 이정도면 군더더기 없이 짧고 굵게 끝낸 듯 하다. 전편보다도 재밌게 봤다면 나 이상한거니?
베놈 2: 렛 데어 비 카니지,"<베놈 2: 렛 데어 비 카니지(Venom: Let There Be Carnage)> (앤디 서키스, 2021)"
베놈 2: 렛 데어 비 카니지,<베놈 2> 부전자전인 속편에 희망을 주는 마지막 2분
베놈 2: 렛 데어 비 카니지,1편은 재밌었는데...ㅠㅜ
베놈 2: 렛 데어 비 카니지,조금 더 베놈이 잔인했으면
베놈 2: 렛 데어 비 카니지,출연한 배우들에게 조문을 보내야 하나 앤디서키스의 무모한 도전!
베놈 2: 렛 데어 비 카니지,왜 90년대 영화를 보는 것 같지?
베놈 2: 렛 데어 비 카니지,톰 하디와 베놈의 러브 스토리
베놈 2: 렛 데어 비 카니지,1만한 2 찾기가 어렵다지만..
베놈 2: 렛 데어 비 카니지,난 그냥 1편보단 조앗는디
베놈 2: 렛 데어 비 카니지,1편과 마찬가지로 청불등급이어야 더 화끈하고 자연스러웠을 장면들이 있어서 아쉽지만 전작보다는 그래도 액션이 강화된 버디/브로맨스 영화
베놈 2: 렛 데어 비 카니지,참을 수 없는 베놈의 가벼움...
베놈 2: 렛 데어 비 카니지,영화보다 긴 니놈혓바닥이 나랑잘안맞나보다
베놈 2: 렛 데어 비 카니지,한줄평 (영상포함)
베놈 2: 렛 데어 비 카니지,전체적으로 무성의한 수준의 발전 없는 답습
베놈 2: 렛 데어 비 카니지,"예상대로, 걱정대로."
베놈 2: 렛 데어 비 카니지,전작의 단점을 장점으로 승화시킨 버디무비.
베놈 2: 렛 데어 비 카니지,베놈 때문에 간신히 보는 무미건조한 맛.
베놈 2: 렛 데어 비 카니지,가장 기대했던 빌런을 이토록 소모시키는 것도 능력
베놈 2: 렛 데어 비 카니지,감독 : my precious
베놈 2: 렛 데어 비 카니지,마블 시네마틱 유니버스의 족쇄.
베놈 2: 렛 데어 비 카니지,보지 마세요
베놈 2: 렛 데어 비 카니지,심비오트 활용을 못해
베놈 2: 렛 데어 비 카니지,난 안 잔인해서 다행이던데 ^^;;;
베놈 2: 렛 데어 비 카니지,베놈이 이렇게 귀여운 애였다니
베놈 2: 렛 데어 비 카니지,헤헤
베놈 2: 렛 데어 비 카니지,개연성을 베놈으로 속일 수는 없다
베놈 2: 렛 데어 비 카니지,"영양가 없는 내용은 길게, 결말은 허겁지겁 마무리"
베놈 2: 렛 데어 비 카니지,아쉽게도 나는 우디 헤럴슨에게 감명받은 영화는 없는것 같다
베놈 2: 렛 데어 비 카니지,정이 가다 못해 이젠 귀여워 보이기 까지 하는 영화
베놈 2: 렛 데어 비 카니지,쿠키영상이 4점
베놈 2: 렛 데어 비 카니지,나는 2>1>3순으로 좋다. 주인공과 베놈의 관계성이 재밌음
베놈 2: 렛 데어 비 카니지,1편에 비해 재미 없다고 느껴질 수도 있겠지만 베놈을 좋아하면 무척이나 재밌다...
베놈 2: 렛 데어 비 카니지,1편을 따라가지는 못한다 ㅠㅠ
베놈 2: 렛 데어 비 카니지,베놈과 에디의 케미만 빼면 너무나 뻔하고 허술한 히어로영화
베놈 2: 렛 데어 비 카니지,참 못 만들었고 재미도 없다. 더 이상 할 말이 없다. 정말 못 만들었고 재미도 없다.
베놈 2: 렛 데어 비 카니지,시저가 영화도 만들었군.
베놈 2: 렛 데어 비 카니지,어쩌면 이 개판의 스토리가 베놈만의 매력이 아닐까.
베놈 2: 렛 데어 비 카니지,상상력의 결핍2
베놈 2: 렛 데어 비 카니지,.
베놈 2: 렛 데어 비 카니지,도무지 개연성 있게 흘러가는 때가 없다.
베놈 2: 렛 데어 비 카니지,오래 살고 보니 카니지 실사화도 보네
베놈 2: 렛 데어 비 카니지,징그럽지만 매력적인 녀석의 귀환
베놈 2: 렛 데어 비 카니지,부부싸움하고 조정기간동안 별거하는데 망나니 아들놈 때문에 뭉쳤다가 화해해서 아들 혼쭐 좀 내주고 신혼여행 가는 내용이죠 대충? 2021. 12. 25.
베놈 2: 렛 데어 비 카니지,슈리크 캐릭터를 수단으로써 소비하는 게 빤히 보이길래 내가 이렇게 영화 비평을 잘했나 싶었다.
베놈 2: 렛 데어 비 카니지,쿠키를 위해 이 영화를 만들었다
베놈 2: 렛 데어 비 카니지,1편에 비해서 아쉬웠던 영화. 어느 누군가는 매력이라 느낄 수도 있는 베놈 특유의 유치함을 넘어 단순하게 그냥 유치했던 느낌…
베놈 2: 렛 데어 비 카니지,중요한 순간에 어퍼컷을 못 날리는 엉터리 CG영화.
베놈 2: 렛 데어 비 카니지,베놈1보다는 재미가 덜 했지만 그래도 내 취향이라 재밌게 봤다. 쿠키영상이 뭘 뜻하는지 베놈3 빨리 보고 싶다
