﻿movie_title,review
69세,부족한 연출을 메꾸는 예수정 배우의 존재감 현실 속에서 잊혀지고 숨어버리는 심효정들에게 조심스레 손내미는 영화
69세,인생이 질기다는 그 말씀처럼 포기하지 말아주셨으면
69세,"예수정 배우님의 연기가 엄청나게 돋보인 영화. 묵묵히 털고 일어나, 진실을 밝히는"
69세,살아있는 우리 모두가 오늘의 주인공이기 때문에.
69세,.
69세,"""고소인이 젊은 여자였다면 그 사람이 구속됐을까요?"""
69세,이게 왜 좌표 찍혀서 별점 테러 당할 영화인지 전혀 이해가 가지 않는다. 노인이 주체가 된 성장영화라는 느낌.
69세,어두운 주제를 어둡게 다뤄서 너무 힘들다 여주의 용기에 박수를 실화라는데 실제 결말은 어떻게?
69세,-
69세,결말이 작위적이라 생각했는데 실화에서 결말만 약간 각색했다는 것을 알게 되니 영화 결말은 이해가 되고 이 세상은 이해가 안 된다
69세,인생 그렇게 쉽게 끝나지 않아!
69세,전하고자 하는 메시지를 감당하지 못하는 공허한 고백...
69세,"'아직 살아있으니까'라는 이유를 찾게 되는 때에, 저 정도 털고 일어설 강단은 있을까. 더이상 뒷걸음질 치지 말고 씩씩하게 밀어붙여야 한다."
69세,타자화의 수미상관
69세,"나는 치워야 하는 쓰레기가 아닙니다. 한 여성이자 노인, 그리고 인간입니다."
69세,"진중하고 침착하게, 어느새 움직여 있다"
69세,"조심좀하지그랬어요라는 말에 숨이 막힌다. 젊은여자보다도 소외된, 법원조차 인정하지않는 사각지대에 존재하는 효정이 할수있는건 무엇이 있었을까. 예수정선생님의 조용한 분노가 인상적"
69세,소외되었던 노년에까지 다다른 여성서사의 확장!!
69세,드러내지 않는 문제를 수면위로 끌어올리다.
69세,삶을 오래 산 시인의 현실
69세,"인생 그렇게 쉽게 끝나지 않아! 자극적일 수 있는 소재이지만, 자극적이지 않게, ""인간의 존엄성"" 이라는 메세지가 보고나서 마음에 남을 수 있도록 너무나 잘 그려낸 좋은 작품이다."
69세,아름다운 영화
69세,우리의 편견을 깨야 하는 이유
69세,"첫 장면부터 강렬했다. 컴컴한 어둠이다. 물리치료를 받던 69세, 효정과 남자 간호조무사, 중호의 대화 소리와 함께 물리치료 기계 소리만이 들리는데 둘의 대화에 집중할 수밖에 없다..."
69세,<69세>는 성폭력 피해자를 시혜적 시선으로만 그려내지 않는다. 감성적인 ‘노인동정론’에만 머무르지도 않는다. 중심 사건에서도 필요한 최소한의 묘사만을 하며 독립적 인간으로서 효정...
69세,인생은 그리 쉽게 끝나지 않는다
69세,흡입력 있는 예수정과 기주봉의 연기와 작품이 주는 설정들. 69세 여성이 29세 남성에게 당한 성폭력이라는 천인공노할 소재를 '보여주기의 수단'으로 이용하지 않은 것만으로도.
로스트 하이웨이,경계를 뒤집어 출구 없는 순환 속으로 몰아가는 악몽의 연출.
로스트 하이웨이,한줄평 - 가장 매혹적인 데이빗 린치 작품
로스트 하이웨이,뫼비우스의 띠같은 영화구조. 하지만 속을 들여다보면 현실에서 도망치는 프레드의 서사이다. 역시 남자는 힘. 140613
로스트 하이웨이,“탈출구 찾아 내달린 이 길은 끝없이 돌고도는 폭력이라는 고속도로”
로스트 하이웨이,영화계의 프로이트 데이빗린치
로스트 하이웨이,실제를 부정하며 망상에 빠져 살다 보니 거기가 진짜 현실인 양.
로스트 하이웨이,무의식을 현상하는 최적의 작법
로스트 하이웨이,"시종일관 감각을 자극하고, 두뇌를 뒤흔드는 수미상관."
로스트 하이웨이,"난해하고 혼란스러운건 사실, 그러나 세련된 연출로 관객을 끝까지 끌고가는것도 사실!"
로스트 하이웨이,.
로스트 하이웨이,특유의 뜸들이는 말투로 집중하게 만드는게 좋고 그렇게 영화의 요상한 이야기를 보고있다가 중간중간 웃음 터지는 부분이 참 매력적이다. 음악도 반갑고 예상 못했다.
로스트 하이웨이,직선처럼 보이는 원형도로에서 나를 잡아먹고 포식하는 나.
로스트 하이웨이,길을 잃으려 악몽속으로
로스트 하이웨이,어찌 보면 쉽고 어찌보면 어려운 이해의 전복에 관하여
로스트 하이웨이,뒷심 부족. 아 물론 내가 😅
로스트 하이웨이,"<로스트 하이웨이(Lost Highway)> (데이빗 린치, 1997)"
로스트 하이웨이,기존 린치 감독의 몽환적 드라이브중에서는 가장 빈약하지만 수미쌍관의 환상은 그만의 인장을 확실히 돋을새김한다.
로스트 하이웨이,별로 안궁금한 미스테리.
로스트 하이웨이,영화가 몽환적인건가 내가 잠든 것인가...드르렁드르렁
로스트 하이웨이,기분 좋은 어지러움
로스트 하이웨이,"자신과의 통화, 변신과 살인, 그리고 미스터리 남자로 괴상한 스토리를 구조적으로 아름답게 엮은 린치 스타일 느와르. 스릴넘치면서도 강렬한 분위기들을 꾸준히 연출하지만 결론적으로 얻..."
로스트 하이웨이,데이빗 린치식 여성혐오. 여성의 섹슈얼리티에 대한 남성의 무의식적 공포.
트위스터스,"일단 재밌다. 이것만으로도 영화관에서 볼 이유는 충분하다. 토네이도를 사랑해서, 그리고 사랑하는 사람들을 지키기 위해서. 결국 모든 것은 사랑으로부터."
트위스터스,케이트의 토네이도 트라우마 극복 어드벤쳐
트위스터스,이것은 ‘FEEL IT IN 4DX’가 아닌 ’EXPERIENCE IT IN 4DX’(원래 IMAX)다
트위스터스,기대만큼 훌륭하네요
트위스터스,아는 김치찌개 맛의 재난영화
트위스터스,토친자들😍 이과가 세상을 구한다. 영화 속 구름 물리학 흥미진진하고 인류애도 충전됨. 리얼한 재난상황 영상도 음향효과도 ost도 모두 훌륭. feel it chase it
트위스터스,4DX로 감상하면 나도 모르게 어디 잡을 곳 없나 두리번거리게 된다.
트위스터스,이거 4DX 상영관에서 봤으면 난 지렸을 것 같다..
트위스터스,지금까지 본 토네이도 영화중에 제일 재밌고 화면에 담긴 자연이 아름다우면서도 무서웠다. 그리고 난 글렌 파월의 매력에 또 빠져버렸다!
트위스터스,미국판 why책 토네이도편 보는 느낌의 단순함
트위스터스,"조금 직설적으로 써보자면 인투더스톰과 트위스터스 두 영화의 차이가 있는 걸까? 였다. 토네이도를 설명하는 과정에서의 디테일, 신파의 감소, 비슷한 CG 차이가 크진 않다고 느꼈다."
트위스터스,"4DX로 보는 재미는 있지만 효과없이 체험하면 과연 재미있을까 의문점이 든다……주인공들만 빗겨가는 위험,토네이도에 미친자들이 마침내 모자를 덮었지만 올드했다……."
트위스터스,정공법으로 승부하는 안정적인 블록버스터 데뷔전. 뻔하지만 확실하게 관객들을 빨아들인다
트위스터스,4D로 보니 재밌었음. 아니었다면... 장담은 못하겠지만
트위스터스,옛날 트위스터 영화를 현대식에 맞춰 4K 업스케일한 재난 영화
트위스터스,손에 땀을 쥔다는 건 이런 것
트위스터스,요즘의 재난 영화의 흐름에서 벗어난 재미있는 영화 였습니다.
트위스터스,포디를 위한 포디에 의한 포디 최적화 영화 ㅋㅋ
트위스터스,길들여지지 않는 것을 길들이기
트위스터스,이삭이 한국영화의 새 지평을 연 토네이도로 돌아왔다! #미나리 처럼 알차고 야무진 #시원한 영화 🍧 처럼 무럭무럭 #4dx #닥관시 🤣🥰
트위스터스,"적당한 긴장감, 적당한 서사, 아주 뛰어나지는 않지만, 충분히 재밌게 즐길 수 있는 영화다. 다른 사람에게 스스럼 없이 추천할 수 있는 영화다."
트위스터스,딱 7점 더 도 말고 7점 8점 주기에는 아쉽고 6점 주기에는 이것저것 잘 버무림 카레같은 느낌 제육볶음 급은 아닌데 그렇다고 밑반찬 취급하기에는 훌륭하고
트위스터스,진짜로 가짜같은 이 연출이란
트위스터스,헐리우드 상업 영화의 정석같은 영화.
트위스터스,.
트위스터스,여름 재난 블록버스터가 돌아왔다
트위스터스,자연재해의 파괴력보다 눈에 띄는 재난피해의 무기력
트위스터스,이변 하나 없는 단순한 경로에서 나오는 매스꺼움.
트위스터스,유쾌하면서 현실적이게 휘몰아치는 블록버스터
트위스터스,자만감 용오름으로 얻은PTSD를 회오리로 치유하는법
트위스터스,볼만한 재난영화
트위스터스,U4D로 보면 토네이도를 직접 체험하게 된다
트위스터스,토네이도가 지나간 자리에서도 살아가는 사람들의 이야기 거센 바람으로 앗아갈 수 없는 어떤 것에 대한 이야기
트위스터스,4D를 불호하고 신촌 CGV의 낙후된 4DX로 봤음에도 꼭 4D로 보라고 추천하고 싶은 영화
트위스터스,문제의 예측에서 해결로
트위스터스,자연과 맞짱떠서 이기긴 힘들어도…
트위스터스,어찌됐든 클라이막스만큼은 정말 인상적이다.
트위스터스,토네이도와 관련하여 다양한 감정을 느낄 수 있고 스펙터클한 볼거리와 감동까지 전하는 재난 영화.
트위스터스,"의상, 음향, 배우, 연출, 시각효과 모두 90점 이상이다"
트위스터스,우리는 무언가를 사랑하면 평생 이해하려고 노력해야 한다.
트위스터스,트위스터스
트위스터스,트위스터스 를 보고 나서
트위스터스,"두려움을 넘어선 진한 휴머니즘. 균형 있는 이야기 구성. 블록버스터도 특기였네, 정이삭 감독!"
트위스터스,"캐릭터의 심리가 얕더라도, 난해해진 영화판에서 뚝심있이 나간 수작 (8/8 GV)"
트위스터스,돌비로 보면 내가 직접 토네이도를 만남 느낌이다.. 돌비 강력추천 드립니다 자세한 평은 개봉하면 한번더 보고..
트위스터스,"토네이도가 너무 빈번히 발생되어서 짜친다 생각했지만, 영화의 배경인 ""오클라호마""에 관해서 알고나니 재미가 배가되었다."
트위스터스,평범하지만 가장 안전하게 휘몰아친 서사 폭풍.
트위스터스,노잼
트위스터스,중간까지는 신선하고 나쁘지 않았는데 갑자기 너무 착해져서 아동교육 영화인가 싶었다.
트위스터스,한국은 산이 많아 토네이도 사고가 없어 공감이 안될것 같았지만 영화는 장면 하나 하나로 극복함
남한산성,결코 들뜨지 않는 연출
남한산성,"최근 한국 사극에 이런 설정이 있을까 싶다. '명량'처럼 승전 그 자체를 강조하거나, '임금님의 사건수첩'처럼 개그 그 자체를 강조하는 경우와 다르게, '남한산성'은 김훈 소설..."
남한산성,"전쟁영화다. 피가 튀고 살점이 난무하는 전쟁이 아니다. 그 시절, 남한산성의 차가운 공기만큼이나 차가운 두 신하의 전쟁이다. 호흡과 눈빛, 대사 한 줄까지 그야말로 냉전이라 해도 ..."
남한산성,좋은 재료가 있다면 억지 치장을 하지 않아도 이렇게 좋은 영화를 만들 수 있다는 것
남한산성,품격이 가득한 영화적 완성이 그 어떤 기교나 강요없이 이루어진다.
남한산성,이 혹독한 추위가 영원한 것은 아니기에
남한산성,너무 좋은 영환데 잠들어버림
남한산성,뼈에 아롯이 새기는 능축하고 서늘한 퇴고
남한산성,어떤 쪽에도 치우치지 않고 중심을 잡아가며 이야기를 차갑고 냉철하게 전달하는 힘이 대단한 영화.
남한산성,역대 대한민국 사극 영화 중 단연 최고
남한산성,"결말을 알지만 지루하지 않았다. 지금도 힘없는 나라의 민초인 것이 별반 다르지 않아 더욱 고통스러웠다. 감독과 배우 모두 훌륭한, 묵직한 정공법으로 잘 만든 영화다."
남한산성,인물의 얼굴과 입으로 포를 쏘는 클로즈업의 영화
남한산성,두 천재의 티키타카를 감히 볼수있다는것 자체가 영광이다
남한산성,조선판 서울의 봄
남한산성,진실을 마주하고 미래로 나아갈 수 있다는 자신감. 2021.09.03.
남한산성,'강한자가 살아남는 것이 아니라 살아남는 자가 강한 자다' 라는 말은 비겁하게 혹은 굴욕적으로 살아남은 약자의 그럴싸한 변명일지도.
남한산성,배우들의 연기
남한산성,군사 300명이 죽었소 누군가 책임을 져야하지 않겠소 이대사가 왜이렇게 와닿는지
남한산성,'길'을 나아가게 해줄 신하들을 두고서 '길'을 잃어버린 왕으로 인해 그 겨울은 유난히도 시리다.
남한산성,"굴욕적인 삶과 떳떳한 죽음의 갈림길, 다른 선택을 성토하는 두 충신..."
남한산성,한국 사극이 나아가야할 방향성을 제시한 대작. 신파없이 이렇게 잘만들 수 있는데도 흥행에 실패했다는게 어이가 없다. 우리나라 관객 수준의 문제인건가
남한산성,"어떻게 살 것이며, 어떻게 죽을 것인가?"
남한산성,갇힌 그들보다 더 갑갑한 영화를 보는 내 마음
남한산성,무게감이 너무 깊어 심하게 담백한 느낌이라 긴장감을 느끼기 힘들었다.
남한산성,칸이 무섭다…
남한산성,그래도 그 때 사람들에게 대의명분이라는 것이 있었다
남한산성,2017년 국내영화의 야심작 중 하나로 평가받았던 '남한산성'은 개봉하기 전부터 '잘해야 본전'이라는 평가가 대다수였다. '병자호란'과 '삼전도의 굴욕'이라는 한국사의 비극을 다루...
남한산성,그 길고 깊었던 겨울은 마침내 거슬러가 민들레꽃이 피는 봄을 다시 맞이했다.
남한산성,누구에게나 납득은 되는 이야기. 차갑고도 힘있는 연출
남한산성,시대극으로도 좋았고 정치적 갈등면에서도 좋았고 역사적으로도 좋았다.
남한산성,방법의 간극 그러나 위국의 마음은 통했던 그들.
남한산성,대의와 명분은 도대체 누굴 위한것인가
남한산성,"나약한 인간에게 곰과 호랑이가 말한다. 죽어서 살것인가, 살아서 죽을 것인가."
남한산성,장면 하나하나 대사 하나하나 묵직하다
남한산성,"갓 사이로 뚫어져 나오는 절제의 미가 순박하고 정감 가는 조선의 미와 만나, 전에 없는 차가운 명작을 만들어냈다."
남한산성,무뚝뚝하게 깊이 파고든다
남한산성,인생은 B와 D 사이의 C이고 그 것이 쌓여 H를 이룬다 과거의 선택을 반추하며 우리는 어떤 선택을 하여야할까
남한산성,갑자기 득도해서 급속도로 사회주의 이론에 접근해버린 예조판서님 좀 웃겼다
남한산성,상업영화이지만 담담하게 읊조린 우리네의 굴욕
남한산성,겨울만큼이나 차갑게 그려낸 치욕
남한산성,사극 진하게 우려왔는데 맛있음
남한산성,그야말로 명연기들의 향연
남한산성,전장은 스산하고 전쟁은 실익에 따른 설익은 현실이다.
남한산성,그 달궈진 쇠와 같이
남한산성,"발전과 조화없는 순수한 90년대 감성. 이야기, 대사, 연출은 무거운 역사마저 피식하게 한다. 2017년"
남한산성,잘만든거 같은데 지루한부분을 참는게 관건
남한산성,김훈 감독이 선사하는 한국 역사의 부활
남한산성,리더를 잘 못 만났을 경우 백성들이 고달파 진다. 어리석은 군주 아래에는 간신들이 넘쳐난다. 어찌 현시점과 이렇게 유사할까?
남한산성,다 알고서도 긴장되는 이 느낌...
남한산성,그 이듬해 봄 민들레가 피었고 나루는 동무들과 연을 날리러 갔다. 민들레는 민초들을 의미한다. 성밖에서 어떤 전쟁이 일어나든 성안에서 누가 싸우고 있는지 상관없이 민들레는 그렇게
캐롤,“말하지 못하는 내 사랑은 어디쯤 있을까” <가장 따뜻한 색 블루>를 평하면서도 썼는데 내가 생각하는 퀴어 영화의 최우선 목표는 ‘그들은 우리와 다르지 않다’는 것을 설득하려는 ...
캐롤,가끔 내가 일상생활을 하다가 뜬금없이 떠오르는 영화 장면들이 있는데 그중 하나가 이 영화 엔딩에서의 케이트 블란쳇의 눈빛이다 아마 평생토록 못 잊지 않을까
캐롤,캐롤
캐롤,축축한 겨울밤에 혼자 보고싶은 영화
캐롤,케이트블랏쳇의 연기는 기품이 느껴진다. 마지막 장면은 잊혀지지 않을 듯.
캐롤,"아무 이유없이, 속절없이 빠져드는 사랑의 순간"
캐롤,"인간에게 사랑은 ""생물학""적인 것이 아니라 ""물리학""적인 것 일지도."
캐롤,눈빛만 마주쳐도 괜스레 기분이 좋아졌다
캐롤,멜로의 정석. 배우는 대사가 아니라 눈빛과 표정으로 감정을 전달한다는 표현 외에 어떤 말로 이 영화를 감히 평할 수 있을까. 케이트 블란쳇과 루니 마라의 섬세한 연기는 스크린 위에...
캐롤,"케이트블란쳇이랑 루니마라가 연기해주는 퀴어영화.. 대사도 별로 없지만 분위기,눈빛,몇안되는 대사들로 보는사람을 붙잡는 영화..!"
캐롤,"What a strange girl you are, flung out of space 최고의 사랑고백과 함께 테레즈의 심장박동이 내내 화면을 뚫고 나온다"
캐롤,"쓸쓸함, 그 쓸쓸한 고귀한 사랑에 대하여."
캐롤,사랑이라는 이름으로 다가온 겨울의 온기
캐롤,눈처럼 쌓이는 비언어적 표현이 전하는 겨울의 사랑
캐롤,영상과 배우들의 눈과 섬세한 연기가 너무 매력적이였어요 스타일도 너무 예뻐서 깜놀 클래식차 그시대에 매력에 빠져버렸으니 강추입니다
캐롤,제가 뭐라고 이 영화에 평을 남길 수 있겠습니까... 그냥 매 겨울 크리스마스가 오면 생각나는 영화
캐롤,"작은 숨결, 몸짓 하나하나를 새겨넣는 토드 헤인즈의 연출과 케이트 블란쳇의 마지막 눈빛만으로도"
캐롤,테레즈에게 상처를 준 캐롤은 미웠지만 그 눈빛만큼은 미워할 수 없었다.
캐롤,눈처럼 다가온 사랑에 함께 녹고 싶은 마음
캐롤,"사랑의 강렬함이 뭔지 잊어갈 때, 케이트 블란쳇의 눈빛이면 다시 일깨워주고도 남겠다."
캐롤,사랑받고 싶다
캐롤,위아래가 존재하는 평행선이 곡선으로 내려가거나 올라가 얽히는 사랑의 띠
캐롤,추운 겨울 내 마음을 녹인 캐롤같이 다가온 사랑
캐롤,첫눈길에 이끌렸고.. 마지막 눈빛은 모든걸 담았다.
캐롤,사랑하자니 서로의 상처만 늘고 헤어지자니 그댄 너무 아름답다
캐롤,닿을듯 말듯 간질간질한
캐롤,"보고 싶었어요, 그대. 이 두 눈으로."
캐롤,애틋하게 바라보던 시선 끝에 있던 건 서로를 바라보는 우리였음을
캐롤,"그 시선과 그 표정이 그리웠고, 그립고, 그리울 것이다."
캐롤,평범하지 않음을 특별하다고 여길 때까지 얼마큼 시간이 걸릴까
캐롤,"말 한마디보다, 진한 눈빛으로 전하는 진심"
캐롤,"들리지 않을지라도, 끝난걸 알면서도 당신이 그립다고 속삭이는 마음"
캐롤,여자와 여자가 사랑에 빠지는 건 평범하지 않은 사람들의 이야기일까? 성별을 떠나 사랑에 빠지는 장면과 서로의 감정을 나누는 모습이 따뜻하고 예쁘게 담긴 영화.
캐롤,겨울에 내리는 눈처럼 하늘에서 떨어진 나의 천사. 어쩌면 사랑에 이유 따윈 중요한 게 아닐지 모른다. 그저 마주친 시선에 이끌린다면 그만으로 더이상 우연은 아니게 되었을지도
캐롤,그 말이 사실인지 확인할 방법이 없듯이 이 감정이 사랑인지 알 수 없지만 잊혀지지 않는 그 눈빛은 사랑이다.
캐롤,"연기는 좋았지만, 영화는 취향에 맞지 않았다"
캐롤,바라만 봐도 사랑이 느껴지는 눈빛은 정말 큰 여운을 남긴다.
캐롤,엔딩
캐롤,"""How could I hate you"""
캐롤,말라가던 단풍나무와 시들었던 꽃이 만들어낸 활기와 고혹적인 분위기
캐롤,"사랑에 빠질 수 밖에 없는 그녀, 아니 그녀들"
캐롤,너무나 형식적인 관계에서 벗어나 도파민과 희열을 독보적으로 얻었기에 중독되었지만 알고보면 다 똑같다.. 실망만 더 커질뿐. 우연이라는 것은 없다만 좋은 만남이라는 것은 남녀사이에�
캐롤,"마음을 확인하는 것 조차 이렇게 힘든 사랑인데, ""병""이니 뭐니하며 힘들게 좀 하지말아요. 2016년"
캐롤,두 배우의 케미는 환상이었으나 스토리는 넘나 기대 이하 수준의 진부함
캐롤,첫 눈에 반하는 순간과 그 후 혼란스러운 감정을 너무 잘 표현했다.
캐롤,이영화를 떠올릴때면 항상 케이트블란쳇배우의 마지막 눈빛과 미소가 가장먼저 생각난다. 그거면 된다.
캐롤,빠르게 달려나가는 사랑의 길
캐롤,첫 눈에 반하면 일어나는 수없이 많은 아름다운 일들. 응시하는 로맨스.
캐롤,160204. 4 160206. 160308. 160315. 17xxxx. 4.5 180618. 5 . 감정의 끝자락에 다가서는데만 3년이 걸렸다.
캐롤,"우아하고, 조심스럽게 던진다. “I love you”"
헤어질 결심,잠겨 죽어도 좋으니 너는 물처럼 내게 밀려오라
헤어질 결심,죽을만큼 사랑했음을 죽음으로 증명하기
헤어질 결심,"모순과 중의로 일궈낸, 마침내 완성된 박찬욱의 세계."
헤어질 결심,마침내 미완성으로 완성해버린 사랑
헤어질 결심,사랑의 무서움을 보여준 작품.
헤어질 결심,영화 헤어질 결심 리뷰
헤어질 결심,한낱 호르몬의 장난일뿐이라고 생각했는데 그로인해 사람을 죽일수도 살릴수도 있다는 것이 무섭고도 슬프다.
헤어질 결심,정동의 판도라 상자
헤어질 결심,사람들의 추천으로 이 작품을 봤지만 실망했다. 난 이 캐릭터들의 감정을 공감할 수 없었다.
헤어질 결심,가장 박찬욱스러운 품격있고 우아한 궁서체의 사랑
헤어질 결심,가질 수 없다면 차라리 영원한 미결로 그의 가슴 속에 자리하리라
헤어질 결심,바닷물에 빠진 것은 서래인가 해준인가
헤어질 결심,뺨을 철썩 후려 갈겨 맞아버렸다. 붕괴된 사랑은 모래에 잠식됐다. 마침내.
헤어질 결심,"박찬욱 영화답게 때깔은 좋았는데, 대단한 거 보여줄 것처럼 해놓고는 뒤로 갈수록 별 거 없이 밍밍했다."
헤어질 결심,영화는 끝이 났는데 서래를 찾는 해준의 절규가 나를 쪼차오자나.....
헤어질 결심,"이야기의 끝에 도달하고 나서도, 안개 속에서 빠져나오지 못하게 만드는 여운에 휩쓸려 영화와 헤어질 결심을 하지 못하다."
헤어질 결심,박찬욱감독님 정말배운변태입니다
헤어질 결심,싸늘하다 초밥에서 핫도그로~ 내가 그러케 나쁨미까?
헤어질 결심,안개에 잠식되고 깊은 바닷속에 사무쳐도 사랑을 택할테니.
헤어질 결심,모호하기에 분명하고 미결이기에 영원할 사랑을 섬세하게 응시한다.
헤어질 결심,"잔혹함의 다이얼을 낮추고, 이창의 눈으로 고소 공포증이 있는, 그래서 나는 결백하다는 인물의 감정을 고백한다"
헤어질 결심,헤어질 결심
헤어질 결심,결심만 하다가 세월 다 지나가겠다
헤어질 결심,"매일매일 하지만 단 한번도, 그 누구와도 성공 하지 못한 헤어질결심"
헤어질 결심,A+ 불륜이란 소재를 불쾌하지 않게 표현한다.
헤어질 결심,너와 만나기 위해 난 헤어질 결심을 했다.
헤어질 결심,불륜이라는 틀 안에있는 처절한 팅웨이의 짝사랑
헤어질 결심,해준이 파도가 몰아치는 바다에서 서래를 찾아 부르짖는다. 마침내
헤어질 결심,보고 나서 바로 다시한번 보고 싶어지는 영화는 오랜만.
헤어질 결심,처음엔 뭐지 하다가 가면 갈 수록 빠져든다. 그리고 처음부터 박찬욱 감독의 스타일이 묻어 있는 작품.
헤어질 결심,박찬욱의 무진기행
헤어질 결심,완벽합니다
헤어질 결심,아름다운 미장센 속 헤어질 결심과 지속되는 사랑
헤어질 결심,이런 영화가 있어 좋다
헤어질 결심,"미결에서 완결로, 현대판 버티고"
헤어질 결심,내가 그렇게 나쁩니까?!!
헤어질 결심,사랑스러운데 사랑한다고 말하고 싶은데 그렇지 못할 때의 씁쓸함.
헤어질 결심,너무완벽한영화였다 내취향저격이다
헤어질 결심,"헤어질 결심이 불러오는 모순적이지만 끝없는 사랑, 우리 모두 헤어질 결심을 하고 실패한 경험이 있지 않은가."
헤어질 결심,미완에서 영원으로 죽어서까지 그리워하게하다. 마침내
헤어질 결심,이렇게 끝내야 작품성을 인정받을 수 있다는 어떤 강박이 느껴졌음..
헤어질 결심,어려운데 끝까지 다좠다
헤어질 결심,사랑이라는 말 없이 사랑을 표현한다. 그게 이 영화의 장점이라고 생각한다. 서래는 해준의 미결 사건으로 남기 위해 바닷가에 잠기는 영원한 붕괴를 선택했다.
헤어질 결심,어떤 영화는 파도처럼 몰아치지만 어떤 영화는 잉크처럼 잔잔히 번지기도 하지요. 이건 잉크같은 영화같다
헤어질 결심,그럼 그게 사랑이 돼?
헤어질 결심,나는 완전히 붕괴됐어요 어떻게 이런 대사를 쓸 수 있을까 정서경 작가와 박감독님의 조합은 정말 최강이다
헤어질 결심,나는 완전히 붕괴 됐어요
헤어질 결심,"내용도 재밌고, 영상미가 뛰어납니다👍👍"
헤어질 결심,마지막 모래에 뭍히는 서래의 모습이 잊혀지질않는다
헤어질 결심,"5.0! 고품격, 단정함, 꼿꼿함을 마침내 멜로라는 장르 안에서 웰메이드로 완성한 퍼펙트 영화. 5.0! 박찬욱 세계와 헤어질 결심을 못 하게 만든다. 2022. 5.0."
오토라는 남자,주위를 둘러보면 결코 혼자가 아닌 게 인생
오토라는 남자,"세상은 꼰대를 필요로 하고, 꼰대는 세상이 필요하다. 수십 년간 따듯한 사랑을 받아온 톰 행크스가 오토라는 이름으로, 변해버린 세상에 남아 있는 온기에 불을 붙인다."
오토라는 남자,원작의 매력들이 여전히 남어있지만 그래도 재탕은 재탕
오토라는 남자,"결말이 뻔하게 보이는 전형적인 미국식 가족 영화지만 보는 내내 입가에 미소가 번지며, 변해가는 오토의 모습이 반가워진다."
오토라는 남자,My life was was black and white before I met Sonya. She was the color.
오토라는 남자,할리우드로 옮겨지니 톰 행크스의 <업>이자 <그랜 토리노>가 되는 놀라운 마법.
오토라는 남자,BIG HEART를 가진 남자 오토
오토라는 남자,삶은 함께할 때 비로소 흑백에서 컬러가 된다.
오토라는 남자,[오토라는 남자] 짧은 시사회 후기
오토라는 남자,"상처받아서, 또 상처받기 싫어서 마음이 딱딱해졌지만 사실 그 누구보다 여린 남자."
오토라는 남자,하지 말았어야 했던 리메이크의 대표적 사례.
오토라는 남자,영화를 보는 내내 차갑기만 하던 오토가 변해가는 모습과 오토 덕분에 행복해하는 이웃들을 보며 나도 동시에 미소 짓고 울수 있었던 영화
오토라는 남자,언제나 사람이 아름답다는 평범한 진리. 보이는 걸로 사랑받을 수 있는 사람이 몇이나 될까. 빅 이후 톰 행크스는 한 번도 실망시킨 적이 없다. 마리아나 뜨레비뇨... 최고의 연기.
오토라는 남자,내 삶 주변에도 오토 할아버지가 있다면 마리솔처럼 행동할 것
오토라는 남자,앨런 렌치는 육각 렌치구나. 톰 행크스는 워낙 오래 봐서 그런지 꼰대 할아버지로 보이지 않는 것이 단점. 젊은 시절을 실제 아들이 연기했는데 별로 닮지 않아서 살짝 어색하기도.
오토라는 남자,옆집 아저씨가 인생에 대해 거부감없이 부드럽게 얘기해주는 느낌. 세대를 나누는 현시점에 필요한 이야기였다.
오토라는 남자,스웨덴의 '오베'에서 한층 따뜻해진 '오토'. 관계의 상처는 관계로 회복된다라.
오토라는 남자,O.T.T.O 꼰대와 애정 사이
오토라는 남자,당신이 없으니까 되는 게 없어
오토라는 남자,<오토라는 남자>가 자살 대신 자연사를 선택한 이유
오토라는 남자,톰행크스에 연기엔 깊이가 있고 쉽게 가늠하기 힘든 연기를 보여준다.. 폐쇄적이였던 자기 자신을 이웃들이 도와주며 점점 마음을 열어가는 모습이 아름다운 영화
오토라는 남자,엔딩신에서 눈물이...
오토라는 남자,넘치지 않았지만 부족하지도 않았던 영화
오토라는 남자,우리가 잃어버린 가치관에 대하여
오토라는 남자,코미디가 아니라 정신나간 머저리같은 사회에 개탄하며 복장이 터지는 영화.
오토라는 남자,톰 행크스의 연륜미가 물씬 느껴지며 다가온다.
오토라는 남자,사실 어떻게 보면 뻔한 결말이지만 이 뻔한 스토리가 뭐길래 눈물이 또르르.
오토라는 남자,겉바속촉 오토 할아버지 결국 오토는 모두에게 따듯한 사람이었다
오토라는 남자,공동체란 어떤 것인가.
오토라는 남자,!
오토라는 남자,더 이상 아무 것도 필요 없다 생각 해도 사람과 사랑이 있다면
오토라는 남자,사람은 혼자 살 수 없다. 공동체의 중요성. 예상되는 전개
오토라는 남자,눈물이 많으면 휴지를 꼭 챙겨서 봐야할 영화
오토라는 남자,Netflix
오토라는 남자,"돕고 싶어서 살고, 살고 싶어서 돕는"
오토라는 남자,자신만의 철학을 가지고 살아온 깐깐한 노인과 그 주변인들의 이야기를 자연스럽게 그려내는 영화. 톰 행크스의 내공이 느껴지는 연기로 모든 장면과 씬들을 이끌어 나감. 따뜻한 이야기.
오토라는 남자,혈연이 아닌 가족으로 따듯해지는 이야기.
오토라는 남자,오토같은 멋진 죽음이 있기를…
오토라는 남자,사람은 그렇게 서로 도우며 살아간다
오토라는 남자,눈물은 나는데 입은 웃고 있다. 이 여운은 한동안 갈 것 같다.
오토라는 남자,까칠하지만 알고보면 따듯한 남자 오토. 오토와 이웃들을 보니 왜인지 눈물이 흐른다ㅠ
오토라는 남자,ㅇ
오토라는 남자,이웃의 의미
오토라는 남자,같이의 가치
오토라는 남자,요즘들어 우리 주변에 필히 필요한 이웃이지 않을까..하는 생각을 해본다..
오토라는 남자,혼자서도 잘할 수 있으나 혼자서만 살아갈 수 없다.
오토라는 남자,톰 행크스가 없으면 누가 그 빈 자리를 채울 수 있을까.
오토라는 남자,잔잔한 우리사회의 일상을 담아내어 가볍게 보기 좋다
오토라는 남자,오란만에 잔잔하고 감동적인 영화👍
오토라는 남자,영화가 좋다. 뭔가 뻔한 느낌이지만 그래도 좋다. 내용부터 연기력까지!
대도시의 사랑법,퀴어장르 드라마의 신세계 최고의 작품
대도시의 사랑법,살면서 봤던 퀴어 작품 중에 단연코 최고임. 좋은 원작을 바탕으로 좋은 연출에 배우까지 더하니 감동 받았고 생각할 거리를 잔뜩 던져주며 여운을 남기는 훌륭한 작품임. 사랑가득하길!
대도시의 사랑법,내가 나일 수 있게 해주는 영화
대도시의 사랑법,영과 규호의 천진난만한 말들이 좋았다. 아이러니하게 그런 말들에서 짙고 진한 사랑을 느꼈다.
대도시의 사랑법,전체적으로 10년전 웹드 같다. 초반은 내용도 다 스킵하느라 영화나 원작 안 봤으면 이해도 안 됐을듯...한국 퀴어작 중 퀄리티 있는 편이라 느껴졌지만 그냥 분위기만 있는 드라마
대도시의 사랑법,남윤수가 아닌 캐릭터 고영에게 정이 가지 않는다 왜일까
대도시의 사랑법,세상에 이런 드라마는 없었다
대도시의 사랑법,원작 팬인데 좋았어요
대도시의 사랑법,"누가 내 게이 삶을 복사 붙여놓기한 느낌. 어떻게 이리도 감성을 잘 표현해내고, 순간을 잘 포착해냈을까. 감독들의 만만찮은 만듦새와 배우들의 무서운 수준의 연기력들에 감탄!"
대도시의 사랑법,"배우들이 조금만 더 연기를 잘했다면 훨씬 좋았을 수작. 가족, 친구, 연인과의 사랑을 향해 때론 모든 걸 던지고 때론 도망치고 때론 관망하는 청춘이 참 좋은 연출과 함께 잘 담겼다"
대도시의 사랑법,한 사람을 이해하기까지는 참 많은 이야기가 필요하구나
대도시의 사랑법,"있는 힘껏, 최선을 다해서, 사무치도록 사랑을 해보고 싶어졌다."
대도시의 사랑법,"”그러거나 말거나, 너였으니까“"
대도시의 사랑법,그냥 발칙하기만 함
대도시의 사랑법,"게이를 빼고 보면 그냥 사람 사는 모습, 사랑과 이별, 흔한 이야기. 영이는 끝내 어린듯하다."
대도시의 사랑법,남윤수 볼려고 본 드라마지만 스토리하고 다 좋았던 드라마임
대도시의 사랑법,"진짜..연기력만 조금 더 탄탄했다면..아쉽지만 던지는 메세지가 많아서 좋았다. 세상의 모든 종류의 ""다름""이 슬픈 영역이지 않길 바라니까."
대도시의 사랑법,아직 영화와 책 안 본 상태에서 드라마 좋았다. 나같운 꼰대가 좋았음 진짜 잘 만든 것이 틀림없지. 원작자에게 먼저 경의를 표함. 조만간 다양성이 평범한 시선으로 다가오게끔.
대도시의 사랑법,규호 영이 찐이다..
대도시의 사랑법,사랑이란 단어는 같아도 모양은 다르다 우리는 그렇게 모두 다 같지만 다른 사랑을 하고 있다.
대도시의 사랑법,"사랑이란,, 퀴어물이지만 퀴어를 떼고 봐도 사랑이란..생각하게 됨"
대도시의 사랑법,노콘노섹
대도시의 사랑법,솔직히 1~2화는 별로다. 어쩔수없이 영화랑 비교할수밖에없는데.. 음 음. 그치만 가면 갈수록 진가가 드러난다. 영아 규호야 행복해야돼
대도시의 사랑법,드라마 대도시의 사랑법
대도시의 사랑법,아름답게 성장하는 '사람의 사랑'을 탐구하고 연구하는 모든 이들을 위한 영화를 뛰어넘은 2024년 최고의 드라마.
대도시의 사랑법,영화가 아니었으면 거들떠보지도 않았을 듯... 1~2화는 최악임
대도시의 사랑법,규호와 영이 재회했으면 좋겠다. 그러지 않을 거란 걸 알면서도.
대도시의 사랑법,사랑은 인간의 욕구일 것이다 그 방향이 다른 사람의 이야기
대도시의 사랑법,남윤수의 고영이 노상현의 고영보다 좋았다.
대도시의 사랑법,서울에 방세가 얼만데 ㅅㅂ 이란 명대사가 이 영화를 대변해주는 느낌
대도시의 사랑법,영아. 영수야 사랑해
대도시의 사랑법,미쳤네 이거. 올해의 띵작
대도시의 사랑법,이런 장르의 작품을 처음 봤는데 처음본거라 그런가 재밌고 흥미로웠음 남자남자 이야기인데 나를 넣고 남여이야기로 생각하니까 슬프고 설레고 다양한 감정들이 나왔음
대도시의 사랑법,"여전히 사랑에 대해 이야기하고 있지만, 사랑을 하고 있지 않다."
대도시의 사랑법,"그러거나 말거나, 너였으니까"
하이재킹,4DX로 보니 마치 현장 속에서 바라보는 듯 강렬한 느낌
하이재킹,"끝나고 한동안 일어설 수 없게 마음이 이상해짐ㅠㅠ 아니 어떻게 이런 일이 실화야? 하정우와 성동일의 하드캐리가 좋았고, 이건 꼭 4dx로 봐야 진가를 느낄 수 있을듯!"
하이재킹,역사적 의미 외에는 매력이 보이지 않는다
하이재킹,여객기로 곡예비행이 가능한지는 모르겟지만 긴장감과 오락성은 충분한영화 옛날의 문화도 신기했고 실화라는것도 놀라웠다
하이재킹,"그리 오래되지않은 우리 역사라는 사실에 휴전으로 나뉜 분단국가의 국민이라는걸 환기하게됐고 6.25를 앞둔 지금 호국선열을 기리는 마음도 가져본다. 스토리, 서사, 연출 모두 훌륭함"
하이재킹,분단의 아픔.. 감동.. 스릴과 액션 다잡은 최고의 영화
하이재킹,"고증에만 열심히 힘을 쏟고, 장르적 재미는 탑승 못해"
하이재킹,하이재킹을 당했는데 현대사의 굴곡이 느껴진다.
하이재킹,잘못된 각색으로 인한 하정우 몰아주기. 샷이 비면서 실종되는 서스펜스. 실화보다 드라마틱하지 못하는 결과.
하이재킹,승객55명을 살린 기장의 숭고한 희생 연기력으로 긴장감과 감동과 시대적 슬픔도 보여줌. 다시 보고 싶은 영화
하이재킹,"실화기반이지만 그렇게 무겁지 않고 재밌게 즐길 수 있는 영화, 캐릭터에게 몰입하기 좋으며 스토리와 연출, 항공액션이 정말 좋았고 적당한 감동과 여운이 남아도는것도 너무 좋았다."
하이재킹,가볍게 보러 갔다가 마음이 많이 무거워지는 영화! 아직 분단국가라는 현실과 그로인한 희생되는 사실 상기시키게되는 영화였습니다 배우들 연기력 대박~
하이재킹,실화를 바탕으로 잘 각색된 무난한 상업영화
하이재킹,"시간은 잘 간다는 게 장점이긴 하지만, 전체적으로 촌스럽고 승객들 캐릭터 구축이 아예 되질 않았다. 실화라는 데서 놀람."
하이재킹,여진구 하정우 연기 좋앗어요!
하이재킹,기대 많이 안 하고 갔는데 생각보다 더 재밌게 봤어요! 실화 기반인 줄 몰랐는데.. 스토리도 괜찮고 여운도 남고 재밌었습니다 저는 2D로 봤지만 4DX로 보면 더 재밌을 것 같아요
하이재킹,"누군가의 목숨을 건 사명감, 정신력의 감사함."
하이재킹,구수한 옛스러움이 나를 납치하는데 싫지않아
하이재킹,오랜만에 마음이 울리는 좋은 영화를 보았네요 집사람도 짠하다고 하네요 여진구님 연기실력 놀랬구요 다른분인줄 알겠어요 하정우님은 여전히 멋지네요
하이재킹,그 시절의 비행기와 공항에 재미있다는 생각이 들었고 그 시절 역사의 연좌제가 참 슬프다는 생각도 들었네요 그래도 기대보다 더 괜찮은 영화네요 재미있게 봤어요
하이재킹,[하이재킹 4DX] 짧은 시사회 후기
하이재킹,분단국가가 아니면 모두 행복했을건데 씁쓸
하이재킹,기대안하고 봤는데 여진구의 연기가 진짜 대단해요. 원래도 잘하는 배우였는데 더 다양한 연기가 기대됨. 비행기 액션?도 좋았어요.
하이재킹,"처음부터 끝까지 긴장감을 놓을 수 없었습니다. 모든 배우의 연기는 탄탄했으며, 하정우씨와 여진구씨의 연기 합이 너무 잘 맞았습니다. 비행기라는 한정된 공간을 잘 살린 영화입니다."
하이재킹,내 시간의 하이재킹 했습니다
하이재킹,"서론, 결론 후가 길지 않고 핵심에 집중해서 좋았다. 다양한 캐릭터들의 서사를 다루느라 잡다해지지 않고 몇 캐릭터들의 이야기에 집중한것도. 4DX 효과도 준수."
하이재킹,태인아 너무 잘해 줬다. 수많은 죽을 고비속에서도 승객의 안전을 최우선 해줬어. 마지막 비행까지 잘했어. 이제 꼼장어에 소주 한잔하러 가야지. 태인아 일어나봐 태인아 왜 말이 없니
하이재킹,역사적 사실을 잘 활용했지만 연출이나 cg면에서 아쉬운 부분들이 너무 많다.
하이재킹,기술도 다가와야 이야기가 보인다
하이재킹,F인 나도 항마력 떨어지는 부기장이 이해되지 않는 휴머니즘에 당황할 때쯤.실화임을 알고 숙연해짐..
하이재킹,우리에게도 <설리: 허드슨강의 기적>과 같은 용감한 실화가 있었으니.
하이재킹,실화는 그냥 실화인거고 아쉬운 서사 부여
하이재킹,하이재킹
하이재킹,"서사가 담긴 역사물. 가족애와 우정을 느낄 수 있으며, 동시에 악역에게 주어진 서사를 통해 역사적 사실에 대한 죄책감마저 들게 만든다. 무겁지 않으면서도 교훈적인 영화이다."
하이재킹,실화랑 비슷하게 잘만든 영화의 여름철 시원한 영화가 될듯 싶다. (24.6.14 시사회)
하이재킹,"비행기 조종하는 장면이 정말 긴박하고, 초조 했습니다. 실제로 있었던 일이라는게 정말 놀라웠고, 한 장면도 빠짐없이 집중하게 되는 영화였습니다"
하이재킹,지울 수 없는 상처의 흔적. 이북에 가는 것보다 무서웠던 건 지워지지 않았던 낙인. 이데올로기의 아픈 상처와 갈등을 낫게 할 수 있는건 무엇일까.
하이재킹,실화를 바탕으로 제작한 감동적인 영화 손에 땀을 쥐고 보게됨. 나도 비행기 속에 있는 기분. 2d도 몰입도가 좋은데 4d이면 훨씬 몰입해서 감상할수 있을듯.
하이재킹,한국인이 좋아하는 속도 100분
하이재킹,채수빈너무 이뻐용
하이재킹,여진구 배우의 성공적인 빌런 데뷔 하지만 스토리는 글쎄..
하이재킹,그럭저럭
하이재킹,배우들과 포스터로 인해 버튼을 눌렀지만 끝.
하이재킹,긴박하고~맘이 아프네요~~ 잼나게. 봤습니다.
하이재킹,공군이었고 현재도 조종간을 잡는 이로서.. 보고 싶지 않았던 슬픈 이야기. 어설픈 비행씬을 떠나 서사가 남기는 강한 드라마의 힘에 박수를 보낸다.
하이재킹,"숭고한 희생, 20x58의 슬픔을 대신하다."
하이재킹,솔직히 초반에 제압 가능했는데 너무 억지설정 1대1상황에서 아무도 안도와줬단게 사기 설정이고 하정우 총맞고 수류탄 터저도 비명 한번 안지르는 설정에서 현실감 몰입이 안됨
하이재킹,답답하고 지루함. 배우들은 죄가 없다. 감독 탓이다.
하이재킹,월북을 하고 싶으면 혼자 가던가 비행기에 남자들 그렇게 많은데 제압하려던 인간이 한명밖에 없다고? 처음엔 칼과 수동식 사제폭탄 범인 한명에 제압을 못한다는게 말이 되나?
하이재킹,참 뻔한 스토리 감독 생각이 궁금하네 별 한개도 아깝다.
살인자ㅇ난감,"씬박한 4부, 난감한 4부"
살인자ㅇ난감,"이야기가 담고 있는 질문이 없다, 너무 보여주기식 감각에 치중하기만 하는건 시간이 아깝다. 그래도 영상은 그에 맞게 연출한듯"
살인자ㅇ난감,강렬한 첫인상에 비해 부족한 추진력.
살인자ㅇ난감,초반은 신선했는데 후반부로 갈수록 좀 집중이 덜 되는듯. 각 배우들의 연기력은 좋았다. 간혹 불필요하다고 느껴지는 장면들에 눈살이 찌푸려지기도.
살인자ㅇ난감,여느 범죄스릴러에선 볼 수 없는 색다른 느낌의 연출과 음악이 돋보이는 작품.
살인자ㅇ난감,신선한 스토리 전개에 몰입도를 높였다. 역시는 역시. 배우들 연기력에 감탄을 하면서 봤다. 그 중에서도 이희준 배우 연기가 참 인상깊었던 작품.
살인자ㅇ난감,용두사미 느낌ㆍ 시작은 흥미로웠으나 후반부로 갈수록 지루하고 재미도 스토리도 다 놓친 느낌
살인자ㅇ난감,신선한 작품이었던 듯.... 최근 한국 컨텐츠의 여러 가지 가능성을 보여 준 작품인 것 같아요.
살인자ㅇ난감,나만 재미 없어? 그냥 지루했음
살인자ㅇ난감,한국판 다크 히어로의 탄생!
살인자ㅇ난감,신박한 티저 연출로 시작했다가 펴보니 아쉬운 스토리와 연출
살인자ㅇ난감,4화까지는 핵꿀잼이었는데 5화부터 집중력 흐려지고 루즈해져서 1.25배속 하고 억지로 봤다.. 나만 이런건가 싶었는데 리뷰 보니까 다른 분들도 그렇게 느끼신 것 같다.. 너무 아쉽
살인자ㅇ난감,좋아하는 주제가 아니라 몰입이 안될까 걱정했지만 신선한 진행에 무겁지만은 않게 끝까지 봤네요 살인사건을 주재로 이렇게 가볍게 접근한 한국영화가 있었나 싶게 새로운 느낌이었어요
살인자ㅇ난감,만화 원작을 너무 좋아했던 사람으로써 조금 아쉬움이 많았다 긴장감도 부족하고 좀 루즈 해지는 부분도 많았다
살인자ㅇ난감,잘 만든 듯한 드라마지만 원작이 주는 무게감이 없다
살인자ㅇ난감,재밌어요
살인자ㅇ난감,감독이 추구하고자 했다는 '힙함'은 살렸지만 매 화가 전개될수록 몰입도와 설득력은 떨어지기만 한다. 안타까울 따름..
살인자ㅇ난감,넷플릭스가 선금만 주고 3화 이후론 중도금 잔금을 안치렀나 싶을 정도로 이야기 흐름과 극의 톤 앤 매너가 급격하게 무너진다.
살인자ㅇ난감,손석구가 부들부들거리다 끝나버린.
살인자ㅇ난감,흥미롭고 자극적이라 멈출 수 없다. 하지만 뒤로갈 수록 읭?!
살인자ㅇ난감,이탕의 못다 읽은 죄와 벌
살인자ㅇ난감,처음에는 긴장감과 속도감 흥미 후반으로 갈 수록 개연성 부족에 흥미 반감 이쉽다가 정확한 평점
살인자ㅇ난감,어디로 튈지 모를거 같은 통통튀는 매력이 있는 케릭터들. 매화 마지막에 신선함을 불어넣는 끝처리. 여러 케릭터에 저마다의 서사로 설득력 배가시키기. 신선한 연출과 좋은 연기까지!
살인자ㅇ난감,연출방법이 신박하다는 느낌 그치만 산만하다고 느껴지는 부분도 있었음. 후반으로 갈수록 힘이 약해지는 느낌
살인자ㅇ난감,간만에 넷플에서 재밌는게 나왔다
살인자ㅇ난감,흥미롭고 아쉬운 용두사미.
살인자ㅇ난감,초반에 몰아치는 몰입감이 좋았지만 뒷심은 너무 부족했다.
살인자ㅇ난감,중간부터 개노잼
살인자ㅇ난감,"4화에서 갑자기 산으로 가는 듯한 느낌이었지만 나름 납득시켰고 잘 마무리했다. 그러나 짜임새가 그다지 좋진 못하다. 손석구, 이희준 배우 두분의 연기가 훌륭하다."
살인자ㅇ난감,스타일리쉬하게 달리다 금방 지쳐버리네
살인자ㅇ난감,"제목부터 재밌는. 스토리 아주 신선합니다. 8화까지 아주 쫀쫀하게 전개되고, 과하게 잔인하지도 않고 오히려 유쾌하게 풀어내서 좋아요. 그리고 배우들 연기가 너무 자연스럽고 굿!"
살인자ㅇ난감,4화까지 5점 4화 이후로는 2.5네요 ㅜ 아쉽습니다
살인자ㅇ난감,후반부로 갈수록 지루해지는 서사가 아쉽다.
살인자ㅇ난감,"세상을 잘못된 방식으로 지키려는 도라이들 / 초반 3회까지의 연출방식과 색감은 독창적이었지만, 이후엔 그저 똑같은 드라마가 되었다..."
살인자ㅇ난감,살인자ㅇ난감(A KILLER PARADOX)
살인자ㅇ난감,"상상을 초월하는 연출, 가치관의 뒤틀림... 물론 3화 까지"
살인자ㅇ난감,무서워요많이
살인자ㅇ난감,첫 화에 배우들의 연기와 흥미를 유발했지만 결말로 갈수록 별로 였던거 같네요.
살인자ㅇ난감,이탕과 노빈이 ‘배트맨과 로빈’ 따라 하기 전까지는 꽤 재밌었다. 4화부터는 배우들의 연기로 간신히 커버친 듯.
살인자ㅇ난감,초반 4부까지의 발랄함이 갑자기 어두워지면서 후반엔 처음 이야기가 맞나싶을정도네.. 새롭진 않아도 배우들이 주는 연기적 무게감과 연출도 나쁘딘 않음.. 4부이후 탕이가 아쉽다..
살인자ㅇ난감,후반부는 마치 다른 드라마를 보는 것 같다..
살인자ㅇ난감,연출 “때깔”에 대한 생각이 너무 큰게 스크린 밖에서도 느껴짐.. ㅠ 인물이나 서사가 주는 울림은 전혀 없어서 너무 아쉬웠던 공기 빠진 풍선 같은 드라마..ㅠㅠ
살인자ㅇ난감,흥미로운 전반부와 불필요한 자극장면을 배제한것은 좋았으나 왜 몸캠장면은 굳이 넣은건지 모를.. 중반이후부터는 요즘 날씨처럼 덥고 늘어지는 연출이 아쉬움
살인자ㅇ난감,음 정말 기대했는데 확실히 감각적이다 라는 느낌은 드는 연출이지만 왜 지루할까요..지루하면 주제라도 분명하던데 생각할 거리를 던져주지도 않네요 시대착오적인 장면들까지..
살인자ㅇ난감,살인장난감
살인자ㅇ난감,독특한 소재로 보기 시작했어요
살인자ㅇ난감,선글라스녀까지의 초반부는 진짜 신선. 전임자 등장 이후 특별함 사라지는 듯하지만 이희준 연기 변신 재밌고 전체적으로 연출의 세련됨이 좋아서 완주할 만했음.
살인자ㅇ난감,배우들 연기 진짜 대박이다!
살인자ㅇ난감,뭔가 아쉬웠는데 마지막 좀 소름이었음
살인자ㅇ난감,노빈 매력적이다.
