﻿movie_title,review
행복의 나라,우리는 정말 소중한 배우 이.선.균.을 잃었다....
행복의 나라,군인은 명령에 복종합니다.같은 상황이 와도 그렇게 할것입니다.가슴이 먹먹해집니다.마지막 원고측 검사의 눈물젖은 눈이 다 말해줍니다.꼭 보세요
행복의 나라,명배우들 연기력과 몰입감 미친 영화 2시간 순삭 서울의 봄 관람한 기억과 겹쳐지면서 더 극대화된 감동 힘겹게 이루어낸 지금의 민주화와 더불어 스스로를 돌아보게 되는 영화
행복의 나라,전두광은 죄도 미워하고 싶고 사람도 더 미워졌으나 이선균은 죄는 미워해도 사람은 용서해주고 싶다
행복의 나라,지금 보고 나왔습니다 영화 보는내내 가슴이 먹먹했습니다 그리고 고이선균님. 안타까울뿐입니다...
행복의 나라,배우들의 연기가 좋았다. 이선균 모습을 볼 수 없다는 사실에 눈물이 절로 납니다.
행복의 나라,'광해' 때 처럼 이번에도 추 감독님이 각색했는데 그때의 감동과 기발함을 이번에도 느낄 수 있다. 다른 건 몰라도 추 감독님의..
행복의 나라,행복의나라... 정말 기대됩니다.
행복의 나라,"그 시대의 아픔도, 그의 마지막 모습도 그저 먹먹할 뿐이다"
행복의 나라,"조정석은 스크린을 날아다니는 다채로운 연기로, 이선균은 정적인 공간속의 담담한 감정 표현을 통해 나를 울린다."
행복의 나라,서울의 봄과 같이 보면 시너지의 효과는 배가 될듯 연기는 다들 말할것도 없고 (시사회 24.8.8)
행복의 나라,'역사는 살아 있다'는 느낌을 받게하는 영화이다. 전두환을 편안히 죽게한 이땅의 방관자들이여 지금이라도 김재규 열사를 재평가 하기 바란다.
행복의 나라,군인은 명령에 복종합니다. 그렇게 하는 것이 내 가족과 내 나라를 지킬 수 있다고 믿기 때문입니다. ㅡ군사정권에 던지는 진짜 군인의 한마디 같았다.
행복의 나라,명배우님들의 연기에 2시간이 언제 갔는지. 이선균배우님 너무 안타까워 눈물이 났어요.
행복의 나라,눈물 나고 잊어서는 안될 역사
행복의 나라,영화관 스크린으로 이선균배우를 만날수 있는 마지막기회라는 것만으로도 이 영화는 볼 이유가 있다.
행복의 나라,행복의 나라 해피버전 필요함
행복의 나라,"행복의 나라로 가기 위해서 아직 가야할 길이 멀게만 느껴지는 요즘, 다시 그 시대를 소환하는 영화들이 많아지는 이유를 곱씹으며"
행복의 나라,악마의시대 목적달성에 짖밟히고도 견딘 모든우리들에게
행복의 나라,기대는 많이 안하고 봤는데 대사들이나 같은상황의 다른 인물들에대한 새로운 평가도 좋았구 배우들 연기는 탑이네요
행복의 나라,파일럿의 조정석과 행복의 나라의 조정석은 다른 사람 같다.이선균이라는 배우의 마지막과 영화에서 그가 맡은 배역의 인물과 겹쳐 보여 아쉽고 그리운 느낌이 든다. 배우들의 연기가빛났다
행복의 나라,아직도 오지 않은 것 같은 ‘행복의 나라’를 호소하다
행복의 나라,임팩트는 확실히 적으나 담백하게 역사왜곡없이 보여주려는 의도가 보인다. 후대에도 오래오래 기억될 수 있는 매개체가 되길
행복의 나라,서울의봄 순한맛 ! 서울의 봄 과는 다른 매력이 있다!
행복의 나라,1026과 1212사이..재판이 졸속이었다는건 역사적 사실로 남았지만 그 역사속 사람의 이야기를 다룬.. 이선균배우님의 마지막 대사는 그의 운명을 예견하고 찍은것처럼 먹먹하다..
행복의 나라,그 시대가 행복의 나라인지에 대한 극강한 거부와 신파아닌 신파지만 어딘가 어느 마음에서 쿡쿡 아려오고 이선균배우의 마지막장면에서는 쏟아졌다
행복의 나라,오늘 시사회보고 나왔는데 조정석 연기 너무 잘하고 손수건 챙겨가세요😭🥹
행복의 나라,근현대사를 기반으로 하여 묵직한 스토리와 배우들의 열연으로 흘러가며 먹먹한 엔딩으로 끝난다
행복의 나라,"엄혹했던 시기, 단심 여론재판으로 처형당한 이선균"
행복의 나라,역사가 스포라 언제나 알고 보게되는 이야기지만 매번 분노하게된다. 답답하고 화도나지만 끝까지 원칙을 지키던 모습은 존경할만 하다.
행복의 나라,영화의 내용은 무겁다. 마냥 재미를 느끼는 영화는 아니지만 영화 보는 내내 등장인물들에게 이입하여 나라면 어떻게 할까 하는 고민들을 하게 됐고 종종 눈물이 나왔다.
행복의 나라,잘 봤어요. 재밌어요. 제가 1살 2살때 이야기인데.. 우리나라 현대사를 좀 더 알고 싶다는 생각이 들었어요. 이선균 배우는...
행복의 나라,행복으로부터 밀려나 심판대에서 갈려나간 이들을 기억하며
행복의 나라,박흥주 대령님 기억합니다!!
행복의 나라,부모님이랑 초2 딸이랑 재밌게 봤습니다 가슴 아픈 이야기.... 휴...
행복의 나라,"핍박과 탄압의 시대, 신념을 지키던 한 사람과의 이야기"
행복의 나라,그들이 생각했던 행복의 나라가 현재 대한민국의 모습일지.. 서울의 봄과의 연관성..배우들 연기는 정말 뛰어나네요.속이 부글부글 끓는건 똑같아
행복의 나라,"박태주 대령을, 이선균 배우님을, 떠나보내야했던 우리들의 슬픈 시대상에 눈물 펑펑 흘렸습니다"
행복의 나라,"여러 가지의 불협화음의 톤. 담담한 극 진행과 감정 과잉의 영화음악, 지루한 두 시간의 러닝타임. 고증과 각색 사이에서 이룬 불균형."
행복의 나라,"지켜내지 못한 시대의 얼굴이 더 사무치게 다가오는, 행복의 나라는 어디인가."
행복의 나라,선균님 평안에 이르길.
행복의 나라,그냥 말 필요 없잖아요. 우리가 지금 이렇게 살아내고 있잖아요. ㅠ
행복의 나라,먹먹하고 답답하고 웃고 화가나고. 가슴 아픈 근현대사 잊지말아야 함
행복의 나라,생각을 많이 하게 되는 영화였습니다 꼭 보시길 바랍니다
행복의 나라,"과한 것 같았고, 억지스럽다 느꼈던 것들이 전부 실화였단게 믿겨지지 않는, 실상을 알 수록 감탄스러운 영화"
행복의 나라,조금 덜어냈으면 싶기도 했지만 전반적으로 좋았다. 행복의 나라 노래 나오는 부분에서 울컥하지 않을 수가 없었다. 조정석 연기 잘한다
행복의 나라,참혹한 세상의 한줄기 빛으로 살아가는 인물들의 삶...
행복의 나라,"영화의 호불호를 떠나서 이선균 배우의 마지막 대사가 박태주의 말이 아닌, 배우 본인의 말인거 같아 먹먹했다"
행복의 나라,엔딩10분전부터 울기시작햇다 너무 영화에 몰입한 나머지ㅡㅡㅡ 스크린이다 올라갔는데도 자리에서 일어나지 못했다....이선균배우의유작....
행복의 나라,닳고 닳은 소재를 쥐어짜내 증발되어 공허해진 노래와 감정들
포레스트 검프,인생을 한번쯤 뒤돌아보게 만든 영화..
포레스트 검프,인생은 스스로 만들어가는 것이었다. 주어진 갈림길 앞에서 어떤 길을 선택하느냐는 모두 자신에게 달려있었다. 포레스트의 인생에도 여러 번 선택의 기회가 있었고 매번 스스로 선택...
포레스트 검프,"마이 네임 이즈 포레스트 검프(X) 마이 네임 이즈 포레스트, 포레스트 검프(O)"
포레스트 검프,"포레스트검프 재개봉작. 영화에 미국 대통령들이 많이 나오드라.. 총 맞아 죽고, 총격 당하고... 닉슨은 하야도 하더라.. 파평 윤씨 석열이도 하야해라.."
포레스트 검프,"""난 가고 싶은 곳에 가기 위해 뛰었는데 그게 삶의 기회가 될 줄은 몰랐어요"" 복잡하게 생각할 거 없어. 인생은 포레스트처럼 솔직하게 그저 할 수 있는 것을 진심을 다하며.."
포레스트 검프,세상에 정답은 없다.
포레스트 검프,인생이란 한상자의 초콜릿 같단다. 무엇이 걸릴지 아무도 모르거든.
포레스트 검프,우유가 요거트가 되는 과정을 담은 영화. 순수하게 그리고 구덕하게. 포레스트의 매력에 푹 빠진다.
포레스트 검프,가상의 한 인물을 통해서 보는 삶에 대한 여러 가지 생각들을 던져주는 스토리가 탄탄하고 연기 연출도 좋은 영화 였음. 명작의 시간을 거슬러도 퇴색되지 않음을 느낄 수 있었음.
포레스트 검프,방황하는 스무살의 딸에게
포레스트 검프,스토리 - ★★★ 연기력 - ★★★★ 몰입도 - ★★★ 복잡하게 생각하지 말자
포레스트 검프,대학교때 독후감을 쓴 영화다. 포레스트는 약속을 잘지킨다. 군대 전우의 유지를 받들어 새우잡이를 했다. 대륙횡단중 갑자기 군중들에게 알라바마로 돌아가겠다 한다. 멈출줄 아는 지혜
포레스트 검프,포레스트의 옆자리에서 낯선 버스를 기다리고 싶어
포레스트 검프,우리가 영화를 볼 때 바라는 모든 것.
포레스트 검프,"시작은 초라해도, 누구든 빛날 수 있기에"
포레스트 검프,"재밌긴 한데, 평생동안 기억하고 싶은 영화는 아니다."
포레스트 검프,포레스트는 의도 하지 않고도 남에게 행복을 주는 능력이 있다
포레스트 검프,세월이 지나도 명작인 영화
포레스트 검프,내 인생까지 돌아보게 만드는 영화다. 바람에 날려 어딘가에 안착했던 깃털이 다시 바람에 날려 다른 어딘가에 안착할 수 있도록. 이런 게 바로 인생이 아닐까 싶다.
포레스트 검프,"한 사람의 인생에 가득히 담겨있는 미국의, 세계의 현대사."
포레스트 검프,애플 주식 좀 살껄
포레스트 검프,인생은 초콜릿상자
포레스트 검프,"인생은 그저 달리기, 반환점이 있는 달리기에 불과하다고. 돌고 돌아 또 뛰어가면 된다고 말해준다. +) 보석같은 70년대 음악들이 빛나는 주크박스같은 영화."
포레스트 검프,인생이란 어려운 질문에 울림있는 답을 한 작품
포레스트 검프,발길 닿는 대로 살면 그게 인생인거야
포레스트 검프,미국 현대사의 격동의 시기를 몸소 겪으면서도 검프는 인생에서 뭐가 중요한 것인지 관객들에게 말해준다. 재미와 감동 모두를 선사하는 드문 영화. 테크놀로지가 적절히 사용된 좋은 영화
포레스트 검프,관객 스스로 감정을 동요하게 하는 탁월한 연출과 각본.
포레스트 검프,완벽했던 영화 인생은 초콜릿상자처럼 어떻게 흘러갈지도 전혀 모르기에 끝까지 관람해야만 한다
포레스트 검프,꿈과 희망과 스토리와 좋은 배우와 연기가 있는 영화 나도 우리 아이도 모든이에게 다 좋았던 명작이다
포레스트 검프,"눈물을 머금고, 미소를 짓게 하다."
포레스트 검프,보세요.
포레스트 검프,"남들이 다 좋다고 해도 나는 기대 없이 봤는데 생각 이상으로 좋았다. 이야기 서술식인데도 하나도 지루하지 않고, 포레스트 검프가 너무 스펙타클 하고 가여운 삶을 살았다는 느낌."
포레스트 검프,"유명한 대사와 음악이라 익숙하고 잘 만들고 좋은 연기인 건 분명한데, 영 감흥이 없다 :("
포레스트 검프,"영화 내내 성실했던 포레스트를 나중에 한 번 더 보고 싶다, 인생이 힘들 때 그때."
포레스트 검프,"삶과 죽음, 사랑, 우정을 비롯한 삶 전반적으로 '나'라는 자체에 대해 돌아볼 수 있게 해주는 영화"
포레스트 검프,그 바보같은 용기가 내게도 있었으면.
포레스트 검프,깃털을 이어받고 써내려갈 당신만의 포레스트 검프
포레스트 검프,일단 달리자 그 끝이 어디더라도
포레스트 검프,"제니, 제니, 제니."
포레스트 검프,역사의 한 부분을 함께 해온 비범한 인물일 지라도 평범함을 원했다.
포레스트 검프,그는 달렸다
포레스트 검프,그의 일생에서 인생을 배운다. 극장에서 볼 수 있어 행운이다.
포레스트 검프,명작인 이유가 있다
포레스트 검프,"복잡한 이유 없이 선택한 길 위에서 최선을 다해, 포레스트 런!"
포레스트 검프,이제서야 본 명작. 삶을 대하는 태도를 바꾸게 할 작은 톱니바퀴 하나가 내 머리 속에 들어왔다.
포레스트 검프,재개봉 이유가 있다
포레스트 검프,깃털이 계속 생각나는 예쁜영화.
포레스트 검프,포레스트 검프
포레스트 검프,달려가는 미국의 역사
포레스트 검프,아름다운 사람과 사랑에 대한 영원한 끝맺음.
콘크리트 유토피아,너희는 선택받은 주민이니라
콘크리트 유토피아,흑과 백으로 옳고 그름을 정할 수 없기에 회색으로 그리다.
콘크리트 유토피아,미래는 왜 다 디스토피아인가 ㅜㅜ 미래가 희망적이었으면
콘크리트 유토피아,이런 상업영화가 그저 반가우면서도 씁쓸해지는 건 어쩔 수 없는 사회의 공기 때문인지도.
콘크리트 유토피아,이런 일이 이제는 진짜 일어날 수도 있다는 생각에 한편으로는 공포영화였다
콘크리트 유토피아,결국 마지막까지 무너지지 않은것은 황궁아파트가 아니라 누울자리 한켠을 내어주는 작은 인류애. 유토피아는 장소가 아니다. 그곳에 있는 사람들의 마음이다
콘크리트 유토피아,생존과 인간성 사이의 간극은 어떻게 매꿀것인가? 마지막 장면까지 많은 생각을 하게 되고 씁쓸하다.. 쓰러지지 않은 황궁아파트보다 쓰러진 아파트에서 인류애를 찾을 수 있다
콘크리트 유토피아,'재밌다' 이 표현은 이 영화에 맞지 않다. '뛰어났다'라는 표현은 이럴때 쓰는거다.
콘크리트 유토피아,그런일이 생길수도 있다는 생각과 동시에 나라면~ 수많은 생각들이 머릿속을 가득채우며 가슴이 참 먹먹하고 아픈 영화였다.
콘크리트 유토피아,이제는 현실로 다가올 가능성이 보여서 그런지 보는 내내 참 착잡하고 씁쓸했던... 그 누구에게도 돌을 던지지 못하겠지만 결국 더불어 살아가야만 하는 삶이라는걸 다시한번 깨닫게 된다
콘크리트 유토피아,공존할수 없는 극박힐 상황이 내게 온다면? 보는내내 계속 기분이 안좋았던 영화.
콘크리트 유토피아,정말 생각할 것들이 많은 영화... 나라면 누구처럼?
콘크리트 유토피아,빠른 도입부와 몰입감 있는 전개가 마음에 들었다. 영탁이 마이크를 쥐고 '아파트'를 부르는 교차편집씬에 이르러서는 감탄이 나왔다. 다만 클라이맥스 이후가 너무 맥없이 풀리는 느낌.
콘크리트 유토피아,선과 악으로만 규정지을 수 없는 인간이라는 존재
콘크리트 유토피아,명분 있는 악함과 대책 없는 선함의 줄다리기 속에 어느 한쪽도 응원하기 싫은 숨죽인 구경꾼들
콘크리트 유토피아,우리사회한단면을여실히보여주는거같아씁쓸하다
콘크리트 유토피아,처절한 생존을 위한 몸부림을 방해하는 박보영 캐릭터의 괴리.
콘크리트 유토피아,영상미는 좋았으나 스토리 상의 강렬함은 없었다. 딱히 감정 이입할 캐릭터를 찾지 못해서 이 영화에 깊이 빠져들지 못했다.
콘크리트 유토피아,인간 본성을 탐구하기에 딱 좋은 재난물
콘크리트 유토피아,시스템이란 면죄부를 받자 드러나는 인간의 역겨운 본성.
콘크리트 유토피아,너무 루즈하다 영상미는 좋지만 갈수록 절망감만 커지는..
콘크리트 유토피아,뒤집혀진 세상에서 빛을 똑바로 바라보고 살기란
콘크리트 유토피아,"악의에 정당성은 없다지만 나라고 저 상황에서 어찌 할 수 있었을까 하는 생각이 의외로 많이 들었다. 억지 눈물, 억지 감동이 없어서 보는 도중에 힘 빠지는 일은 없었음!"
콘크리트 유토피아,유토피아와 디스토피아는 결국 한끗 차이
콘크리트 유토피아,"잿빛 미소를 띄운다, 오늘도 살아있음에 감사하며"
콘크리트 유토피아,이런 일이 생길까봐 영화로만 끝나지 않고 찝찝했단 작품. 나라면 ? 나였다면 ? 캐릭터를 욕하면서도 응원하면서도 볼 수 없었다.
콘크리트 유토피아,마지막 박보영 대사가 이 영화를 말해준다 생각이 들었어요. 이병헌 연기는 가히 말할 것도 없다. 더 흥행 했어야 하는 영화. 재난영화라는 초첨의 홍보보다 재난영화 속 평범한 사람들
콘크리트 유토피아,결국은 다 평범하게 살아가는 사람들이었다
콘크리트 유토피아,연기파 배우 이병헌의 소름끼치는 연기와 힘을 뺀 김선영 배우의 자연스럽게 노련한 연기가 압권
콘크리트 유토피아,아파트는 주민의 것!!인간의 밑바닥을 보는 건 꽤나 흥미롭다
콘크리트 유토피아,영화를 본 뒤 느껴지는 불편함을 잊지 말자.
콘크리트 유토피아,평범한 사람들의 이야기
콘크리트 유토피아,어느새 거주해야만 살아나갈 수 있는 세상에 도착한 우리에게 수려한 회색빛이 덮친 다면.
콘크리트 유토피아,스즈메가 문단속해야하는 이유
콘크리트 유토피아,집단 이기주의속에 남들을 죽이는 '보통 사람들'에 대한 영화
콘크리트 유토피아,미쳤다. 파리대왕 x 동물농장
콘크리트 유토피아,소재가 소재이다 보니 찝찝하다 그만큼 소재에 충실하게 잘만들었다
콘크리트 유토피아,3월 28일 블라인드 미완성본 시사회를 통해 관람.
콘크리트 유토피아,<동물농장> <파리대왕>을 거쳐 <기생충> <혹성탈출>까지 아우르려 했으니 힘이 부칠밖에. 과도한 전지적작가시점으로 도전했던 한국의 '아파트' 신드롬 분석의 한 예.
콘크리트 유토피아,디스토피아 괜춘
콘크리트 유토피아,선과악이없어 내 입장이라면 먼저 생각하게되는 영화
콘크리트 유토피아,모둔 배우들의 연기가 좋았음. 나라면 어떤 선택을 했을지 고민하게 만든 영화.
콘크리트 유토피아,그냥 무거워서 못 보겠다..
콘크리트 유토피아,"원작인 만화를 먼저 본 상태에서 봤는데 원작을 잘 담아냈다고 생각함 박보영의 답답함, 이병헌의 악랄함 여러 인간들의 모습을 잘 대변했다고 생각함"
콘크리트 유토피아,엄태화 감독의 세련된 연출이 눈에 띈다 아파트 부르는 씬...정말 소름
콘크리트 유토피아,"엄태화 감독과, 콘크리트 유니버스라는 거대한 세계관의 미래가 기대되는 영화이자, 아포칼립스 영화 클리셰에 틀에 갇히지 않은 거대한 세계관의 신호탄."
콘크리트 유토피아,이병헌 건치미소 ..
콘크리트 유토피아,선과 악의 경계를 무너뜨리다.
콘크리트 유토피아,흥미로운 소재 사회를 관통하는 시선 좋은 연기 well done!
콘크리트 유토피아,.
지금 우리 학교는 시즌 1,개발암이다ㅋㅋㅋㅋ 시원한 전개가 하나도 없네 최악의K좀비
지금 우리 학교는 시즌 1,한국좀비물의 유산을 가져다가 어설프게 재활용한 결과물
지금 우리 학교는 시즌 1,하이틴 좀비가 이렇게 재밌다니.
지금 우리 학교는 시즌 1,"원작팬들에게 무례하다.. 차라리 원작 그대로 만들었으면 나았을텐데 뜬금없는 전개, 연출 브금도 별로고. 감독이 여자를 어떻게 다루는지만 봐도 수준이 보임. 웑작의 방향이랑 반대임"
지금 우리 학교는 시즌 1,발암캐들의 향연이군요 연출가가 고구마 캐릭터 애호가이신 듯 싶어요.
지금 우리 학교는 시즌 1,학교 내부를 관조하기에도 벅찼던 <지금 우리 학교는>
지금 우리 학교는 시즌 1,초딩분들 무시해서 죄송한데.. 초딩 수준에서나 보라고 만든 개연성없고 유치하기 짝이 없는 19금 고구마
지금 우리 학교는 시즌 1,웹툰을 본 사람으로 각색은 신중하게………재난에 로맨스는 이제……..
지금 우리 학교는 시즌 1,연기가 너무 보기힘들었다..
지금 우리 학교는 시즌 1,좀비보다 인간이 더 무섭다. 분량을 좀 줄여서 8부작이나 6부작으로 했으면 좋았을텐데... 아쉽다. 그래도 ppl 없는 드라마라서 집중이 더 잘됐다. 신파극은 이제 그만...
지금 우리 학교는 시즌 1,최악이다 왜 울고 왜 싸우는지 모르겠다 아직 뇌가 생성이 덜 된것같다
지금 우리 학교는 시즌 1,"너무 기대했던 탓일까? 개연성도 아쉽고, 루즈하다. 스토리보다도 힘 준 듯한 지나친 잔혹함은 오히려 마이너스 요소..."
지금 우리 학교는 시즌 1,자극적인 부분들이 너무 자극적이라는 점이 양날의 검. 좀비 아포칼립스를 좋아해서 봤지만 좀비가 등장하는 장면보다 학생들만 등장하는 장면을 더 좋게 봄
지금 우리 학교는 시즌 1,역시나 원작이 더 재미있었음 잔인하고 울음짜내기에 치중한점이 아쉬움 응원하는 마음에 7점
지금 우리 학교는 시즌 1,"하이틴 좀비물 소재는 좋았지만, 계속되는 좀비 영화와 드라마들... K-좀비의 끝은 어디일까?"
지금 우리 학교는 시즌 1,좀비역할 보조 출연자분들 모두 몸을 너무 잘 쓰고 등장 인물들 모두 십대 특유의 분위기 -좀비한테 쫓기면서도 개인적인 얘기를 한다거나 휙휙 대화주제 바뀐다거나 등등- 를 잘 살렸다
지금 우리 학교는 시즌 1,일단 좀비 바이러스가 퍼지게 된 이야기도 나름 개연성 있었고 러브라인도 있어서 볼만 했다. 딱 킬링타임용 드라마.
지금 우리 학교는 시즌 1,"웹툰원작을 파괴하는 각색,신파요소를 넣은 한물간 연출과 내용전개 시즌2를 생각한듯한 어설픈마무리. 배우들과 좀비들의 고생이 안타까움"
지금 우리 학교는 시즌 1,엔터테인먼트는 이것보다 훨씬 좋은 것이 될 수 있다
지금 우리 학교는 시즌 1,여기 저기 허술한 이야기가 눈살을 찌프리게 만든다. 아이엠히어로가 생각나고 비교하게 된다.
지금 우리 학교는 시즌 1,좀비물 난이도가 높아 졌음에도 좀비 연기는 너무 좋았다. 공간별로 미션을 수행해 나가는 게임같은 느낌과 박진감을 유지했다. 이후의 K 좀비물이 킹덤과 지우학을 넘을 수 있을까
지금 우리 학교는 시즌 1,한줄평 (영상포함)
지금 우리 학교는 시즌 1,더 자극적이게! 그로테스크한 고어물이 된 <지금 우리 학교는>
지금 우리 학교는 시즌 1,일상의 학교가 지옥보다 끔찍한 곳이 된다면
지금 우리 학교는 시즌 1,연기 때문에 보기 힘듦
지금 우리 학교는 시즌 1,진짜 개존잼임 본 좀비드라마중 제일 재밌음 2가 기대되는 드라마
지금 우리 학교는 시즌 1,.
지금 우리 학교는 시즌 1,좀비물에 발암캐를 여전히 빼지 못한 것은 아쉬우나 배경이 학교인 것은 조금 신선했다. 발암일지라도 학생이니 눈 감아 줄 수 있는 듯한.... 스토리 진행도 개연성있고 괜찮음
지금 우리 학교는 시즌 1,몰입감이며 캐릭터며 설정이며 수작인 듯
지금 우리 학교는 시즌 1,방방봐
지금 우리 학교는 시즌 1,엥????친구들이 눈앞에서 죽는데 짝남한테 차였을까봐 걱정하는 이 뭐....부모님 걱정도 안되나봐???? 어이없어
지금 우리 학교는 시즌 1,"으미 괴물들. 언제까지 좀비가 나올 것인가? 학교, 아파트, 군대, 나올곳은 다 찾아 나오것다."
지금 우리 학교는 시즌 1,좀비물을 좋아하기도 하고 원작 웹툰도 재밌게 봤다. 약간 미숙하지만 꽤 잘 만든 것 같다
지금 우리 학교는 시즌 1,전개 등 작품의 아쉬움은 있지만 캐릭터가 매력적이었어서 시즌2를 보고싶어요.
지금 우리 학교는 시즌 1,연기 씨지 진짜 죽여버린다
지금 우리 학교는 시즌 1,스토린 좋았지만 역활들이 다 답답했어요...
지금 우리 학교는 시즌 1,올드하고 쓸데없이 자극적임 5화부터 스위트홈 됨ㅇㅇ 재미도 없고 감동도 없고 로맨스만 있음 으악
지금 우리 학교는 시즌 1,원작이 있음에도 각색하면서 생겨난 엉성한 설정과 무리수로 인해서 캐릭터에 몰입할 수 없어 그 어떠한 드라마도 공감할 수 없다.
지금 우리 학교는 시즌 1,좀비물에서 무슨 예술성을 찾고있냐ㅎㅎㅎㅎ시간 가는줄 모르고 열두편 끝까지 빠른 정주행 했을꺼면서ㅎㅎ
지금 우리 학교는 시즌 1,시간 가는지 모르고 봄
지금 우리 학교는 시즌 1,겨우 다 봤다 보는 내내 그만 볼까 고민했는데 처음보는 배우들이 많이서 끝까지 봤다
지금 우리 학교는 시즌 1,주인공 때문에 암걸려 디지겠는데 이딴게 사이다라고? 재미가 없었던건 아니지만 진짜 대충만든것 같음
지금 우리 학교는 시즌 1,평가절하 개노답
지금 우리 학교는 시즌 1,4편부터 재밌어진다.
지금 우리 학교는 시즌 1,눈은 즐겁지만 머리로는 엥?하게 됨
지금 우리 학교는 시즌 1,드디어 오랜만에 성공한 K-좀비물과 또 실패된 K-재난물
지금 우리 학교는 시즌 1,학교안에서 벌어지는 한국형 좀비의 빠른 속도감과 단순한 스토리. 지루하거나 복잡한 부분 없이 딱 재밌게 즐길만하다.
지금 우리 학교는 시즌 1,웹툰으로만
지금 우리 학교는 시즌 1,웹툰이 더 나음..
지금 우리 학교는 시즌 1,"설정, 개연성, 연기력 등 엉성하고 부족한 부분이 더러 있지만 킬링타임용 하이틴 드라마로 보기엔 괜찮았다. 몰입도 높음."
일상의 관계,이색적인 판타지 섹스를 영화로 표현해서 재밌게 봤어요
일상의 관계,재미있게 봤어요
일상의 관계,ㅡㅡ 심심하면 보셈
일상의 관계,그래도 조금 몰입해 보았음
머니볼,성공과 실패가 교차하는 순간들
머니볼,"실화를 바탕으로 만들어진 영화 '머니볼'. 이 영화는 굳이 극적인 요소, 자극적인 요소를 억지로 끼워넣지 않고 영화 내의 사건들을 담백하게 그려낸다."
머니볼,"You are a loser, Just enjoy the show."
머니볼,야구는 사랑하지 않을 수 없어
머니볼,우리가 언더독을 응원하는 이유.
머니볼,영화 머니볼 리뷰: 각색된 장면을 중심으로
머니볼,"소재, 내용, 연기, 표현 그리고 또. 하나하나 모두 비취향."
머니볼,실화가 가지는 힘
머니볼,"뜨거운 성공 이면의 차가운 도전, 뜨거운 열정 이면의 차가운 고독."
머니볼,언더독의 승리 방정식이 모두 담겨 있다
머니볼,20년이 지난 지금 누군가는 또 다른 방식으로 접근하겠지
머니볼,그 개혁도 이제는 있는 자의 차지이겠지만...
머니볼,야구의 규칙 정도만 간신히 아는 나를 완벽하게 매료시킨 뛰어난 스포츠 드라마.
머니볼,우리가 스포츠를 사랑할수밖에 없는 이유
머니볼,"""just enjoy the show"""
머니볼,'야구'로 표현한 삶. 최고의 야구 영화가 될 수 있는 이유.
머니볼,야구를 좋아했던 나의 전성기시절 실제 있었던 얘기를 너무나 재밌게 잘 만든 수작중에 수작이다 몇번을 봐도 재밌게 끝까지 보게되는 영화 브레드피트 대단한배우야 박찬호선수도 나와 ㅎ
머니볼,너만의 게임을 해
머니볼,야구는 기록경기. 야구사업도 기록에 투자하는 게임ㆍ
머니볼,"해고통보를 배우는 장면이 기억에 남는다. 의연한 척 통보하지만 긴장했고, 쿨하게 떠나던 방출선수의 모습에서 괜히 같이 안도하게 된.. 점점 성장해가는 데이터전문가의 현장적응기 느낌"
머니볼,마운드 뒷편에서 신념을 전력투구하다.
머니볼,무엇보다 각본이 참 좋다
머니볼,인생도 확률로 이어진다면 야구만큼 흥미로울까?
머니볼,“우리 인생의 ‘머니볼 이론’은 꽤 자주 맞았을지도”
머니볼,길을 만들고 선택하고 감내하는 것. 야구를 넘어 인생을 담은 영화
머니볼,차가운 통계와 그 속에 숨어있는 따뜻한 마음씨
머니볼,최고의 자리에 가기위해서는 머니볼이 맞다. 현실이다.
머니볼,모두가 언젠가 루저인 것을...
머니볼,누군가를 신뢰한다는 건 누군가를 신뢰하는 나를 믿는 것. 그 사람의 성공도 실패도 다 내가 감당해야 한다는 것. 관리자의 역할도 쉽지는 않구나
머니볼,지금까지 나오지 않은 전혀 새로운 소재의 영화. 야구를 좋아하는 내겐 정말 흥미로웠다.
머니볼,흥미를 사랑으로 태우는 영화.
머니볼,혹시 작가가 이현세의 공포의 외인구단을 읽고 영감을 받은게 아닌가한다 ㅎㅎ
머니볼,소신과 객기는 증명의 유무에 따른 한 끗 차이.
머니볼,영화보다 더 영화같았던 실화.
머니볼,우리가 고민해야 할 문제는 이 방법을 믿느냐야 우리의 방식을 굳이 남에게 설명하려고 하지마
머니볼,.
머니볼,뭐든 해야 바뀐다.
머니볼,야구 시장을 새롭게 접근하게끔 뒤바꿔 놓은 단장의 이야기.
머니볼,야알못이라 그런가 애슬레틱스의 승리가 크게 와닿진 않았지만 이 영화가 결국 하려는 말은 꼴찌의 승리보다 'The Show'의 가사와 빌의 선택에 담겨있는것 같다
머니볼,"공보다 늦게 따라오는 그림자처럼, 속력을 따라가지 못하는 소리처럼. 이미 그곳에 있다."
머니볼,브래드 피트의 미친 연기력
머니볼,“야구는 사랑하지 않을 수가 없어.“
머니볼,확신이 있다면 즐길 일만 남는다
머니볼,스포츠물 영화 중에 최애
머니볼,"야구를 몰라서 일까? 미국 리그 경기에, 모르는 선수연혁들, 기존 룰에 반한 구태에 대한 반란은 알겠다만 후반 홈런씬정도만 시원하고 스토리 몰입도 재미도 못느꼈다."
머니볼,"미국의 영웅주의… 아니 아메리칸 드림이라고 해야 할듯. 실화에 바탕을 두었다곤 하나… 글쎄… 공감하기엔 부족 허나, 인간의 의지와 좌절에 관해선 눈물이 찔금…"
머니볼,"가성비, 데이터의 힘과 한계를 정확하게 드러낸다"
머니볼,감동이 있는 명화입니다.
머니볼,거대하고 오래된 무언가에 혁신을 가져오는 것은 대상에 대한 사랑이 아닐까. 그것이 재미이던 애증이던
머니볼,내가 야구를 사랑할 수밖에 없는 이유
양들의 침묵,그당시엔 꽤나 충격적인 연쇄살인마 영화
양들의 침묵,스토리를아는데도볼대마다새로와요
양들의 침묵,지금까지 본 스릴러 영화 중 가장 매력적인 빌런.
양들의 침묵,한니발이 옥중에서도 드러내는 포스에 압도당한다.
양들의 침묵,분위기가 자아내는 숨막힘
양들의 침묵,해외 공포영화중. 최고라고. 말할수있음!!! 강추!!!
양들의 침묵,색다른 느낌으로 기억에 남아 있다. 이 영화를 보게 된 시점부터 범죄 스릴러 장르를 좋아하게 됐다. 안소니 홉킨스의 분량이 얼마 되지 않는다는 걸 알았을 때의 큰 놀라움.
양들의 침묵,영화 양들의 침묵는 전혀 군더더기가 없는 범죄 스릴러의 교과서이다. 조디 포스터와 안소니 홉킨스의 긴장감 그리고 공포심이 아직도 온 몸에 핏줄을 타고 흐르는 것 같은 느낌이다.
양들의 침묵,한니발만큼 무서운 빌런이 있다면 어디 한번 소개해주게나
양들의 침묵,"이름값 대비 아쉬웠던 영화, 어쩔 수 없는 옛날 영화라 그런가"
양들의 침묵,역사상 가장 떨리는 영화
양들의 침묵,싸이코패스인 렉터박사가 상상도 못한 방법으로 살인을 저지르고 스털링과 고도의 심리전을 벌이는 범죄스릴러의 최고봉
양들의 침묵,악인과 선인의 시점쇼트 둘 다 섬뜩하게 능하다.
양들의 침묵,기가 센 사람은 단지 눈빛만으로 그 사람을 압도한다.
양들의 침묵,"배우들의 연기, 몇몇 대사와 연출 만으로도 훌륭하다."
양들의 침묵,"범죄 스릴러물의 교본, 끌리는 빌런과 진취적 여성의 탄생"
양들의 침묵,움직임 없이 말로만 긴장감을 만드는 장면과 말 한 마디 없이 움직임만으로 긴장감을 만드는 장면이 한 영화에서 나온다는 사실.
양들의 침묵,"압도적인 한니발과 긴장감 있는 연출, 클래식은 영원하다"
양들의 침묵,마지막 5분 남기고 본걸 개후회할뻔했다
양들의 침묵,훌륭한 연출보다 더 대단한 캐릭터의 매력
양들의 침묵,어릴때는 무서워서 덜덜 떨며봤는데 최근에 다시보니 역시 명작. 안소니홉킨스의 연기 명불허전. 요즘은 왜 이런영화 찾기가 힘든지.
양들의 침묵,시간을 초월해 명작으로 남은데는 다 이유가 있는듯 처음부터 끝까지 흡입력이 장난아님 안소니 홉킨스의 미친연기도 감탄만 나온다
양들의 침묵,오래전 영화지만 당시에 엄청난 화재가 되었던 영화로 소설의 영화화지만 배우들의 연기와 탄탄한 스토리가 최고로 좋았다 충격적인 장면도 많았다
양들의 침묵,연기가 압도적이다
양들의 침묵,본 중에서 가장 소름돋는 연기 끝내주는 한니발
양들의 침묵,배우들의 연기력으로 이끌어낸 과감한 연출 . 7월15일 CGV재개봉으로 재관람
양들의 침묵,.
양들의 침묵,정말 잘 만든 '스릴러'
양들의 침묵,지나치게 자극적인 영화보다 심도있는 완성도의 심리 스릴러
양들의 침묵,미친 연기력과 높은 몰입도. 30년 지난 지금보더라도 촌스럽다는 생각 별로 안들걸?
양들의 침묵,"솔직히 지금 보면 지루함, 근데 배우의 연기력이 그 지루함을 긴장감으로 바꾼다"
양들의 침묵,한니발이 나올때마다 숨이 멎을듯한 긴장감
양들의 침묵,스릴러장르 추천하면 거의 빼놓지않고보이는 갓작품 이거만한게없다...
양들의 침묵,안소니 홉킨스의 소름돋는 연기력과 잘 짜여진 스토리로 집중하게 한다
양들의 침묵,우아한 침착함의 한니발과 뜨거운 침착함의 스털링.
양들의 침묵,극과 극은 가장 가깝다
양들의 침묵,섬찟섬찟 쫄깃쫄깃.
양들의 침묵,奇異는 만들어지는 것이 아니라 이미 존재하는 것. 애초에 존재해 모든 것을 집어삼킨다.
양들의 침묵,치밀하게 쌓아 올리는 스릴과 모든걸 압도하는 한니발의 카리스마
양들의 침묵,한니발 렉터.
양들의 침묵,책도 영화도 명작.
양들의 침묵,사이코패스에게 프러파일링 당하는 여수사관.
양들의 침묵,빼어난 캐릭터 구성과 훌륭하게 갖춰진 이야기로 팽팽한 긴장감을 이어가는 탁월한 스릴러 영화.
양들의 침묵,"스릴러가 만들어낼 수 있는 하나의 경지. 내러티브, 미장센, 촬영, 음향, 연기에 연출력 등 경이로운 리듬이 돋보이는 걸작. 영화를 입문하고 싶은 사람은 꼭 봐야할 작품 중 한편"
양들의 침묵,심리영화장르로는 처음 접한. 처음부터 끝까지 강렬했다.
양들의 침묵,명작이지....홉킨스
양들의 침묵,압도적인 아우라! 그리고 완벽한 앙상블.
양들의 침묵,작품에서 느끼는 공포감 특히 어두운 장면에서 범인과 공존했던 공간은 공포감에 극치였다
양들의 침묵,누에를 찢고 나오는 섬뜩함
양들의 침묵,기대가 너무 거대했다
브레이킹 배드 시즌 1,브레이킹 배드 시즌1 = 1~5화 까지 지루한 걸 참아내면 6화부터 엄청난 일이 벌어진다.
브레이킹 배드 시즌 1,브레이킹배드 완전 인생드라마입니다
브레이킹 배드 시즌 1,걍 엄청난 건지는 모르겠는데?라는 생각이 든 순간 시즌 2를 보고 있었다.
브레이킹 배드 시즌 1,남들 지루하다는 시즌 초반도 난 존잼 이었음. 도대체 이게 왜 100점이 아닌거냐
브레이킹 배드 시즌 1,내 인생에서 최고의 작품
브레이킹 배드 시즌 1,"확 잡아당기는 스토리, 과감한 전개, 훌륭한 연기. 다음 시즌을 저절로 보게 만드는 흡입력."
브레이킹 배드 시즌 1,브레이킹 배드 시즌1 은 브레이킹배드 전체 중 조금 루즈했습니다.. 하지만! 안볼수는 없는 작품이죠.
브레이킹 배드 시즌 1,말이 필요없는 인생 미드
브레이킹 배드 시즌 1,지루하지만 개연성과 현실성 하나만큼은 칼같이 지켰다. 억지재미로 화면을 덮으면서 개연성과 현실성을 옆집 개의 먹이로 주는 작품보다는 훨씬 낫다.
브레이킹 배드 시즌 1,얽히고 설킨 하이젠버그
브레이킹 배드 시즌 1,특별하진 않지만 이끌린다
브레이킹 배드 시즌 1,하이젠버그의 탄생기
브레이킹 배드 시즌 1,마약 딜러에 관한 새로운 시각의 미드
브레이킹 배드 시즌 1,3화까지만 참으면 시즌5까지 하이웨이 와 내가 이 대명작을 이제 알현하다니 할거임
브레이킹 배드 시즌 1,코미디 요소가 많은 라이트 미드 스스로가 못미더운 인간이 기회를 저버리는 방식
브레이킹 배드 시즌 1,화공과 학생으로서 부심이 폭.발.한.다.
브레이킹 배드 시즌 1,그저
브레이킹 배드 시즌 1,GOAT
브레이킹 배드 시즌 1,"미드하면 생각나는 작품 중 하나,초반만 잘 넘기면 시리즈 다 보게 됨"
브레이킹 배드 시즌 1,"그냥 마약파는 드라마인줄만 알았다. 드라마, 주제, 액션, 연기, 디테일까지 완벽."
브레이킹 배드 시즌 1,어? 몇일이 지난거지?
브레이킹 배드 시즌 1,영화로 나왔다면 더 좋았을텐데
브레이킹 배드 시즌 1,.
브레이킹 배드 시즌 1,드라마란 이런것.캐릭터의 변화와 이야기의 변화가 너무나 극적으로 변화한다
브레이킹 배드 시즌 1,'화이트'가 '하이젠버그'로 되기까지
브레이킹 배드 시즌 1,한두시간의 어리둥절함을 견디면 역대 최고의 시리즈가 펼쳐진다
브레이킹 배드 시즌 1,솔직히 시즌1은 지루해서 다 보는데 시간이 오래 걸렸지만 시즌5까지 다 보고 나면 시즌1부터 스토리가 탄탄하고 세밀하게 구성되어 있음을 알 수 있다.
브레이킹 배드 시즌 1,베스트5안에드는 미드 스토리의 몰입도가 여태본미드 중에 최고임
브레이킹 배드 시즌 1,이야 여기는 오프닝 맛집이네
브레이킹 배드 시즌 1,마약으로 배우는 신나는 화학교실!!
브레이킹 배드 시즌 1,제목 그대로 멈출수 없는 마력같은 드라마
브레이킹 배드 시즌 1,"죽음이 다가오자, 도덕은 달아났다."
브레이킹 배드 시즌 1,시작은 미약하지만 끝은 창대하리라
브레이킹 배드 시즌 1,"가족에 대한 광기, 돈에 대한 광기, 인정에 대한 광기, 무엇이 그를 괴물로 만들었을까"
브레이킹 배드 시즌 1,장대한 시작을 알리는 가장 정석에 가까운 방법. 인물의 극단적 변화
브레이킹 배드 시즌 1,두번 다시 화학 선생을 무시하지마라. 제시와 하이젠버그의 마약 제조기의 서막.
브레이킹 배드 시즌 1,명실상부 최고의 미드 중 하나
브레이킹 배드 시즌 1,굿
브레이킹 배드 시즌 1,힘들때 보면 더 힘들지만 도움되는 드라마
브레이킹 배드 시즌 1,다음 시즌에도 살아남는 거죠?
브레이킹 배드 시즌 1,시작부터 주인공의 바지를 벗긴 건 니가 처음이야...
브레이킹 배드 시즌 1,빠져든다. 왜 이제 봤을까
브레이킹 배드 시즌 1,꽤 많은 시청자들이 인생드라마로 꼽는 이유를 알겠는데 그 대열에 동참하기가 쉽지는 않을 것.
브레이킹 배드 시즌 1,인생작을 만나게 해준 넷플릭스에 감사를...
브레이킹 배드 시즌 1,이 드라마는 미쳤다 크랜스톤 최고의 캐릭터
브레이킹 배드 시즌 1,익스트림한 첫 착장🩲 의외로 차분한 전개. 꼬이고 풀리는 것만으로도 꿀잼 연재 쌉가능!
브레이킹 배드 시즌 1,자가규정이라는 지옥에 갇힌 우리
브레이킹 배드 시즌 1,이게... 명작의 맛인가... 츄릅
브레이킹 배드 시즌 1,드라마에 대한 호기심을 완벽히 끌어올려 놓음
브레이킹 배드 시즌 1,마약 범죄 이야기! 화학샘의 마약 성장기?가 재밌당
나 혼자 산다,출연자에 따라 호불호가 강하게 갈리는 프로그램. 처음 기획의도와 맞는 출연진이라면 흥미롭다.
나 혼자 산다,"옛날에는 재미가득, 웃음가득 지금은 논란가득, 가식가득..."
나 혼자 산다,나 이만큼 산다
나 혼자 산다,폼이 좀 오락가락하지만 여전히 재밌는 예능
나 혼자 산다,"박나래씨의 활약을 좋아합니다. 솔직히 남자 패널들은 키씨, 코쿤씨 제외 그냥 그래요. 지저분하고 예의없는 사람의 일상이 궁금하진 않습니다."
나 혼자 산다,최애 예능
나 혼자 산다,"보여주기식으로 변해가서 본질을 흐리고 있지만 기안84, 김대호가 진정한 나혼산으로 살리고 있다"
나 혼자 산다,4점에서 1점으로 바꾸고 박나래님 하차할 때 다시 평가하겠습니다.
나 혼자 산다,더 이상 나혼자 살지 않아서 문제. 거기다가 몇 명의 발언들은 문제가 많다. 나혼자 살지 않기에 더 이상 보고 싶지 않다.
나 혼자 산다,논란과 가식만 가득...
나 혼자 산다,시간이 지날수록 남들과 달라야한다는 집착에 빠지지 않는지.
나 혼자 산다,점점 퇴물로
나 혼자 산다,게스트 없으면 이제 보기 애매함.. 초기때 생날것의 자취라이프라면 이젠 사람들이 '나혼자 살잔다'라고 부르는건 말이 괜히 있는게 아님
나 혼자 산다,온가족이 볼수 있는 프로그램중 하나 우리애가 참 좋아해요 ㅋㅋㅋㅋㅋ
나 혼자 산다,아직도하다니......
나 혼자 산다,"처음 기획의도는 좋았으나, 갈수록 연예인들의 초호화 삶을 보여주기 위한 방송임 관찰형 예능 이제 지겨움"
나 혼자 산다,갈수록 떨어트리고 싶은 별점.. 이건 시즌제로 돌렸어야 했다.
나 혼자 산다,프로그램의 본질은 잃어가는 것 같지만 재밌다
나 혼자 산다,좋아하는 연예인이 어떻게 사는지 궁금할때 최고
나 혼자 산다,워라밸을 잘하는 크루의 일상 이야기는 또다른 동기부여가 되기도함
나 혼자 산다,가끔 보면 재미있어요
나 혼자 산다,팜유 너무 웃겨요 ㅋㅋㅋㅋㅋ
나 혼자 산다,최근 회복되는가 싶더니 더이상의 나혼자 산다의 명성은 없는걸까요 같은 소재만 몇번째😅
나 혼자 산다,이제는 우리가 헤어져야 할 시간 아닐까
나 혼자 산다,내 금요일 최애 프로
나 혼자 산다,맨날 나오는 사람들만 나올 때가 가장 아쉬움
나 혼자 산다,재미는 있지만 어느순간 프로그램의 방향성이 헷갈리기 시작함
나 혼자 산다,나 혼자 살지만 이걸 보면서 위로 받았던 기억은 별로 없었다.
나 혼자 산다,바쁘다 비뻐ㅜ현대사회 도시인의 라디프
나 혼자 산다,연예인의 사생활 침해
나 혼자 산다,혼자봐라
나 혼자 산다,인생 재밌게 사네... 돈 많은 놈들.
나 혼자 산다,"멋지게, 이쁘게 나오려고 하는 연예인들 패스하고, 재밌는 부분만 보면 재밌음"
나 혼자 산다,"관찰 예능 붐의 시작. 그리고 혼밥, 혼영, 혼술.. ‘혼자’가 더 이상 외로움이 아닌 자유, 나만의 시간이라는 단어로 자리잡는 데에 한몫했다."
나 혼자 산다,지금 라인업은 다 죽어가던 나 혼자 산다도 살려냈다.
나 혼자 산다,.
나 혼자 산다,"가난한 사람들의 자리가 사라지고, 잘 사는 사람들만 나와서 요즘은 골라서 봅니다."
나 혼자 산다,의견없음
나 혼자 산다,"재밌게 보고있지만, 그 재미중에 ppl을 찾는 재미도 있다는거- 진솔함이 정말 있는걸까 싶지만 연예인 보는 재미로 본다."
나 혼자 산다,예전에 재미있었다 나름 신선했고 사람냄새가 났다 하지만 지금은 연예인 이미지 관리?느낌 그리고 중간 중간에 너무 코멘트가 많다 재미는 완전히 사라진 느낌
