﻿movie_title,review
존 윅 4,존 윅의 총보다 무서운 윈스턴의 세 치 혀. 존 윅 다정한 살인자여 영원하소서. 그리고.. R.I.P. 샤론 랜스 레드 딕.
존 윅 4,시리즈의 완벽한 종합
존 윅 4,존윅의 지독한 개사랑❤️
존 윅 4,"슈퍼히어로 영화들이 몰락하려는 순간, 블록버스터 지평선 위에 떠오른 것은 이순신의 정신과 함께하는 사무라이 서부극이었다."
존 윅 4,존윅이 이제는 액션을 그만할때가 되었나? 액션이 볼만 한데 하면서 힘들어보인다. 그리고 액션만을 기대하고 3시간은 넘 긴거 같다.
존 윅 4,존윅 4의 액션이 정말 대단한 이유
존 윅 4,싸우는 장면이 전부 다 클라이막스라서 3시간 내내 눈을 뗄 수가 없다.
존 윅 4,3시간이 짧게 느껴질 정도로 꽉 차있어서 재미있게 보았지만 자토이치식 맹인 검사 설정이 너무 싫어서 견딜 수가 없다
존 윅 4,역시나 기대 이상의 액션 후반부 장면은 존윅시리즈중 최고의 명장면 다만 초중반 부분에는 약간 루즈함
존 윅 4,1편의 예상치 못한 인기로 진작 컨셉에 잡아먹혔음에도 기어이 마지막 챕터까지 걸어온 존 윅 아저씨. 매번 투덜대면서도 4편 다 보고 전부 빨간불 주는 나도 좀 이상하긴 해...
존 윅 4,액션이라는 장르를 정의한다. 장르의 쾌감을 예술의 경지에까지 끌어올린 극단의 엔터테인.
존 윅 4,존 윅이라는 캐릭터에 대한 완벽한 헌사이자 대범한 마무리.
존 윅 4,"끈덕진 피로와 쾌감의 여로, 그 황홀한 동시다발"
존 윅 4,"그저 완벽하다는 말밖에 할 수 없는 시리즈의 최고작. 전작들의 단점은 없애고, 장점은 극대화하였다."
존 윅 4,"도로 한 가운데, 성당 계단, 오사카 호텔 등 기대 이상의 액션들을 보여준다 (세상에서 가장 무서운 딩동! 소리를 들었다)"
존 윅 4,"<존 윅>은 그냥 장르다. 끊임없는 액션, 카운팅하다 지치는 킬넘버링. 그야말로 '샷 앤 슬래시 액션' 의 독보적 프렌차이즈이자 정점"
존 윅 4,드디어 해방~~~~ 존 이제 좀 쉴수 있겠지? (는페이크)
존 윅 4,액션영화의 마스터피스
존 윅 4,존윅의 액션신은 새 영화가 나올수록 업그레이드 된다!!
존 윅 4,현대 액션의 총집합체. 보고싶은거 확실히 다 보여주고 끝낸다. 무엇을 기대했는가?
존 윅 4,"액션씬이 피로했던 3편과 달리, 이번에는 존 윅 액션의 절정을 보여준 것 같다."
존 윅 4,전반부는 전작들의 반복이였다. 하지만 후반 액션이 시작되고 감탄했다.
존 윅 4,"과하지만, 화려하게 불타는 마지막 불꽃."
존 윅 4,모잠비크 드릴 플로우 비치 암 존 윅
존 윅 4,통쾌한 액션 견자단의 활약도 볼 만 함 싸우고 싸우고 끝없이 싸우는 영화 마치 만화나 게임처럼 위에서 보여주는 방식은 신선하다 생각됨
존 윅 4,존윅을 보고나서 액션을 보는 눈이 높아졌다 액션영화는 존윅이 최고다 별 하나는 러닝타임 때매 깎음
존 윅 4,시리즈의 종착역다운 결말. 어김없이 화려하고 깔끔한 액션.
존 윅 4,액션영화에서 스토리는 기대하면 안된다
존 윅 4,액션과 간지의 끊이지 않는 협주곡.
존 윅 4,"군더더기 없이 길게, 확실하게 나가는 액션. 이런 영화를 바래왔다."
존 윅 4,존윅 정말.. 착한 얼굴에 그렇지 못한 태도
존 윅 4,마지막 40분 정도의 액션신들은 최고다.
존 윅 4,제목을 쓸 시간에 한놈 더 죽는 영화
존 윅 4,긴 여정을 보았다
존 윅 4,<존 윅 4> 자유와 안식을 찾아 떠나는 마지막 여정
존 윅 4,감각적 미장센과 다양한 상황에 연계된 액션의 포식 혹은 과식
존 윅 4,"존윅이 존윅했다.. 존멋 존잼. 한장르, 한스토리 안에서 더이상 새로울 게 없을 액션 영화인데, 기대 이상을 만족시켜 준 존윅4. 나 너 살아있는거 알고있다."
존 윅 4,"애견인은 기억할 것입니다, 윅의 총을(3.5)"
존 윅 4,쏘고 죽이는 놀이동산
존 윅 4,서양 무협의 엔드게임
존 윅 4,Yeah...가 그리워질듯.
존 윅 4,"1, 2, 3 봤으면 4도 꼭 봐야만..."
존 윅 4,관객들이 영화에 바란 액션과 영화가 관객들에게 보여주고자 한 액션이 궤를 같이 할 때
존 윅 4,뇌절인걸 알면서도 의리때문에 보는 영화
존 윅 4,"시원한 액션, 앞만 보고 달리는 존 윅."
존 윅 4,깊고 어두운 고난과 고통을 거쳐 다다르는 고단한 평안
존 윅 4,"시리즈 최고의 ""마스터 피스“"
존 윅 4,아쌀하게 압살하다
존 윅 4,흠..개그 액션 느낌이 중간중간 있다. 적이 많아지니 액션도 깔끔하지 않고..그냥 같은 내용이 3시간동안 반복되는 느낌
존 윅 4,"더욱 다채로워진 액션, 거대해진 세계관 위에서 노니는 존윅!"
다리미 패밀리,3대 가족과 재혼으로 이루어진 가족의 구성원 들이 겪는 좌충우돌 블랙코미디. 매순간 연기력을 뽑내는 배유님들 대단합니다 매주 주말극 본방사수하게 만드는 다리미패밀리 화이팅 🥳
다리미 패밀리,재밌네! 오랫만에 챙겨보게 되는 주말드라마
다리미 패밀리,마음을 간질간질하게 만든다.
다리미 패밀리,남주 캐릭터! 사랑스럽게 도른자! 캐릭터 하나 하나가 살아있음! 현재 10회까지 보고 확실히 알았다. 주드 미니 이런 구분은 무의미하다는걸! 대본 좋고 연기 잘하니 퀄리티가 굿!
다리미 패밀리,오랜만에 보는 주말 드라마. 각자의 매력과 이야기를 가진 캐릭터 구성과 빠른 전개로 다음화가 궁금해지는 드라마입니다.
다리미 패밀리,"찌질해보이기도 하고, 깐족거리기도 하고, 웃겨보이기도 하는 최상호(신정윤) 전작 작품이 너무 진지해서 그런지 새로운 모습에 빠져들었다. 신정윤배우라서 가능했던 최상호!"
다리미 패밀리,오랜만에 본 주말 드라마. 재미나게 봄
다리미 패밀리,사랑하는 마음으로 모든것을 헤치고 나아간다
다리미 패밀리,오랜만에 챙겨본 주드
다리미 패밀리,"캐릭터들이 매력이 없고, 질질끄는 스토리에 급한 해피엔딩 마무리에 허무했다."
다리미 패밀리,"다림이 혼자 눈을 뜬것이 아니다. 공감한 모든 사람들에게 가족을 바라보는 마음의 눈을 뜨게 해줬다. 드라마틱한 에피소드를 찰떡같이 써먹고, 오랜만에 8시 주말극의 면을 세워줌."
다리미 패밀리,일단 끝까지 봐야할것같다. 돈을 훔치고 훔치고 또 훔치는 도둑집안이라니 지금 답답함을 넘어서면 어떤 결론에 도달할까
다리미 패밀리,역시 한국드라마의 한계인가
구룡성채: 무법지대,개봉전 무대인사 상영회로 만난 영화.. 홍콩 액션의 명맥은 이어간다는 느낌이 강했다
구룡성채: 무법지대,유치찬란 그 자체. 그 옛날 홍콩은 없는 영화 같지 않은 영화
구룡성채: 무법지대,밑도 끝도 없는 과장된 후반부 액션을 보려면 지루한 초중반까지 런닝타임을 버텨야할 듯!
구룡성채: 무법지대,그리웠던 과장된 홍콩 액션
구룡성채: 무법지대,40년 전 홍콩 무협의 추억이 돋고 액션도 화려하지만 모든게 너무 과해서 피곤하다
구룡성채: 무법지대,몰아치는 무협 액션 속 홍콩인들을 향한 헌사라는 태풍의 눈
구룡성채: 무법지대,구룡성채:무법지대
구룡성채: 무법지대,한번쯤 볼만은 합니다.
구룡성채: 무법지대,기대한 것은 무간도 결과물은 드레곤볼...
구룡성채: 무법지대,반가웠고 아쉬웠던 무협의 추억
구룡성채: 무법지대,구룡성은 간짜장이 최고~!!!
구룡성채: 무법지대,마작을 두기 위해 필요했던 멤버 복수 보단 의리가 좋은 이들의 맹량한 액션에 고천락의 바람은 큰 도움이 되었다 괴짜 같은 최종빌런은 웃음준다
구룡성채: 무법지대,향수가 듬뿍 묻어나오는 의리의 낭만
구룡성채: 무법지대,"80년대 홍콩 무협에 대한 헌사이자 노스텔지어, 홍콩 영화의 광막한 성채 속 낭만과 상처가 고스란히."
구룡성채: 무법지대,옛날 홍콩 영화 느낌 좋았다
구룡성채: 무법지대,2024-10-31 / 067 / 그래! 이게 바로 홍콩 느와르지!!!!!!!!
구룡성채: 무법지대,"배우들 너무 멋있다. 그 시절 무법지대였던 구룡성채에 대한 이야기를 보고싶다면, 홍콩 액션영화를 보고싶다면 추천하는 영화."
구룡성채: 무법지대,90년대 홍콩을 잘 표현했지만 주조연들의 발란스가 아쉽다 갑자기 서브조연이 제일 세다 이건 납득이 안감 중간에 스토리가 루즈해지는것도 아쉬움 앞 뒤 액션을 중간에도 좀 넣어주지
구룡성채: 무법지대,.
구룡성채: 무법지대,분쟁으로 쌓은 성채 안에서 맹렬하고 뜨겁게 몰아쳤던 바람. 그 바람이 다시 일어 새로운 연을 날려보다.
구룡성채: 무법지대,"그래, 이게 우리가 좋아했던 홍콩 액션영화지!"
구룡성채: 무법지대,홍콩 무협영화는 아직 안죽었다 여전히 그리워하는 팬들이 있다
구룡성채: 무법지대,홍콩영화의 황금기에 부치는 러브레터같은 영화
구룡성채: 무법지대,액션과 무협의 탈을 쓰고 구현하는 시대의 낭만과 우정 그리고 세대 교체
구룡성채: 무법지대,"좋은점도 나쁜점도 80년대 홍콩영화 그대로, 그런데 왜때문에 굳이 구룡성채"
구룡성채: 무법지대,너무 기대했나? 원하는 만큼 액션씬도 뽑아내지 못햇고 빌드업도 길고... 세대교체 앓이중
구룡성채: 무법지대,액션만큼은 올해 본 작품 중 최고
구룡성채: 무법지대,구룡성채 무법지대
구룡성채: 무법지대,말그대로 무법지대를 배경으로 펼쳐지는 강렬한 액션 영화. 다양한 액션과 장면으로 눈길을 사로잡고 끝까지 몰입할 수 있게 해준다. 그 속에 묘한 옛 홍콩영화에 대한 그리움도 담겼다.
구룡성채: 무법지대,"무협을 가미한 액션씬들이 좋았고 구룡성채 세트도 좋았다. 비좁고 복잡한 이미지들 잘표현했다. 다만 자막이문제인데 사이클론,av,차단 등으로 무협영화인데 무협모르는 사람이 번역헀다."
구룡성채: 무법지대,지옥굴 같은 구룡성채도 따뜻한 집이 될 수 있다
구룡성채: 무법지대,옛 홍콩배우들과 현 젊은 배우의 세대를 아우르는 영화. 세대교체가 보인다고 할까.. 만화같은 무협액션씬이 볼 만하다. 옛 홍콩영화에 대한 추억이 있다면 더욱 재밌게 볼 수 있을 듯
구룡성채: 무법지대,80년대의 향수가 떠오르는 작품. 잠시나마 일상으로부터 벗어나 꿈같은 시간여행을 할 수 있었던 달콤한 순간이었습니다. 초대해주신 관계자분들께 감사드립니다.
구룡성채: 무법지대,오랜만의 시원한 홍콩액션 좋았어요.
구룡성채: 무법지대,화려한 홍콩식 액션 영화에 어설프게 끼어든 구룡성채 사람들의 이야기
구룡성채: 무법지대,사라져가는 것에 대한 영화인의 헌사
구룡성채: 무법지대,수호지의 양산박을 현대의 구룡성채를 따와 무협액션을 보여준다. 감독의 구룡성채에 대한 그리움을 잘표현했다.
구룡성채: 무법지대,홍콩 무협의 미래. 개연성을 벗어난 빌런은 좀 아쉬웠다.
구룡성채: 무법지대,그 홍콩에 그리움이 지나치다.
구룡성채: 무법지대,이것이 홍콩 액션이다. 줄거리는 그냥 싸움을 위한 핑계일뿐.
구룡성채: 무법지대,1980년대 홍콩 영화에 대한 낭만이 있어야 오글거림을 피하고 즐길 수 있다.
구룡성채: 무법지대,홍콩 무협영화의 회광반조
구룡성채: 무법지대,"홍콩영화 레전드들의 귀환과 성공적인 세대교체, 액션과 낭만 모두 최대치로!!"
구룡성채: 무법지대,홍콩영화의 새로운 시작을 꿈꾸다
구룡성채: 무법지대,진정으로 떠나보내는 홍콩의 시대
구룡성채: 무법지대,몇년새 나온 홍콩영화에 비해서는 잘 만든듯.. 추억돋는 홍콩느와르!
구룡성채: 무법지대,무법지대 속에 질서와 규칙 그리고 평화
구룡성채: 무법지대,그 시절 홍콩 낭만에 대한 헌사와 훌륭한 액션의 적당한 조화
구룡성채: 무법지대,뻔한 스토리를 밟고 일어서는 액션.
월래스와 그로밋 : 거대 토끼의 저주,월레스와그로밋의환상콤비
월래스와 그로밋 : 거대 토끼의 저주,월레스앤그로맛씨리즈는항상재미있어요
월래스와 그로밋 : 거대 토끼의 저주,동심의 맛
월래스와 그로밋 : 거대 토끼의 저주,어릴 적 추억들이 새록새록. 월래스와 그로밋 후속작 24년 나온다고 하는데 기대된다.
월래스와 그로밋 : 거대 토끼의 저주,치이이즈~
월래스와 그로밋 : 거대 토끼의 저주,자세히 살펴보면 캐릭터에 지문이 묻어있다. 그 지문까지 사랑스러웠다.
월래스와 그로밋 : 거대 토끼의 저주,다시 보고 싶은 영화
월래스와 그로밋 : 거대 토끼의 저주,스톱 모션 애니메이션으로 이렇게 영화를 만들 수 있다는 것만으로도 충분히 예술적 가치가 높다.
월래스와 그로밋 : 거대 토끼의 저주,사랑스러우면서도 공포스러운 토끼라니!
월래스와 그로밋 : 거대 토끼의 저주,단편들의 장단점들이 장편으로 오니 극대화된다.
월래스와 그로밋 : 거대 토끼의 저주,윌래스와 그로밋 추격씬은 역시나 진기명기.
월래스와 그로밋 : 거대 토끼의 저주,기발한 아이디어와 아는만큼 보이는 각종 패러디들.
월래스와 그로밋 : 거대 토끼의 저주,"나이들고 보니, 여러가지로 대단한 작품이었잖아"
월래스와 그로밋 : 거대 토끼의 저주,유쾌함이 매력인 클레이 애니메이션.
월래스와 그로밋 : 거대 토끼의 저주,"아기자기한 맛의 흐뭇한 스릴러. 내 유년 시절을 함께한 이 별난 콤비는 여전히 건재하며, 유쾌하다."
월래스와 그로밋 : 거대 토끼의 저주,장인의 손맛을 보아라
월래스와 그로밋 : 거대 토끼의 저주,엔딩크레딧이 끝나고 뜬 문장까지 센스있다
월래스와 그로밋 : 거대 토끼의 저주,평범한 영화였다. 뭐... 딱히 할말은 없다. (아! 스탑모션은 감탄했다.)
월래스와 그로밋 : 거대 토끼의 저주,이렇게 야무진 강아지
월래스와 그로밋 : 거대 토끼의 저주,치즈 여행을 떠나던 편 다음으로 재미있다.
월래스와 그로밋 : 거대 토끼의 저주,충분히 즐겁고 사랑스럽다. 항상 그로밋 네가 고생이 많아~
월래스와 그로밋 : 거대 토끼의 저주,꿀잼ㅋㅋㅋ
월래스와 그로밋 : 거대 토끼의 저주,9살짜리의 동심으로 이해하기엔 거대토끼가 무척이나 끔찍했다.
월래스와 그로밋 : 거대 토끼의 저주,늘 고생이 많은 두 친구. 그래서 더욱 고마운.
월래스와 그로밋 : 거대 토끼의 저주,환상의 콤비 월레스와 그로밋
월래스와 그로밋 : 거대 토끼의 저주,"단편의 매력이 의외로 장편에선 그렇게 통하지 않았지만, 그래도 이 분야의 대가인 것은 틀림 없는 사실."
월래스와 그로밋 : 거대 토끼의 저주,1. 평점과 한 줄 평 5.0 아기자기한 맛만 남았다.
월래스와 그로밋 : 거대 토끼의 저주,"이번엔 무려 ""괴수물""이다! 월레스와 그로밋 시리즈의 가장 큰 장기인 장르 확장은 이번에도 차이를 만들어냈다. 세심한 디테일과 상상력 가득한 플롯, 그리고 (주인공과 빌런을 가리지..."
월래스와 그로밋 : 거대 토끼의 저주,그래도 채소는 먹기 싫어
월래스와 그로밋 : 거대 토끼의 저주,클레이애니의 매력과 월레스와 그로밋 시리즈가 가지는 독특한 브로맨스 어드벤처에 흠뻑 빠진다. 하지만 단편들의 짧고 굵은 매력들을 길게 이어가기엔 약간 벅찼던 것 같다. 이제는 다 ...
애프터 웨딩 인 뉴욕,주도적인 삶을 살아가는 여성의 선택을 지지한다
애프터 웨딩 인 뉴욕,결혼식 이후에 벌어지는 해프닝 정도로만 생각하고 영화를 봤는데 생각보다 많이 무겁게 느껴지는 영화. . 이 영화보면서 휴지를 찾게 될 줄은 꿈에도 생각을 못했다. . 주인공들의 입...
애프터 웨딩 인 뉴욕,인생은 끊임없는 선택의 연속 그리고 딜레마
애프터 웨딩 인 뉴욕,.
애프터 웨딩 인 뉴욕,평범한 이야기도 줄리안 무어를 거치면 비범해진다
애프터 웨딩 인 뉴욕,성별만 바뀌었지 원작에서 나아간 점은 전혀 없는
애프터 웨딩 인 뉴욕,뭔가 나올듯할 말랑 하다가 끝나버렸다. 그리고 주인공들의 감정선은 따라가기 쉽지 않았다
애프터 웨딩 인 뉴욕,긁어 부스럼을 만든 감독
애프터 웨딩 인 뉴욕,테레사 시점의 묘사가 더 있어야 했다고 느꼈다
애프터 웨딩 인 뉴욕,"""우리가 세상을 지나는 걸까, 세상이 우리를 지나치는 걸까."""
애프터 웨딩 인 뉴욕,복잡한 관계
애프터 웨딩 인 뉴욕,오랜만에 눈물나게하는 영화
애프터 웨딩 인 뉴욕,세상에는 말과 경계로 딱 잘라서 표현할 수 없는 미묘한 관계들이 존재한다. 그러나 소재가 흥미롭다고 해서 영화가 모두 좋은 것은 아님을. 원작이 있음에도 불구하고 다수의 인물을 그...
애프터 웨딩 인 뉴욕,각자가 지키고자 했던 둥지
애프터 웨딩 인 뉴욕,품격 있는 출생의 비밀 이야기. 그리고 어떤 값진 선택에 대해서.
애프터 웨딩 인 뉴욕,숏컷의 미셸 윌리임스 최고~~ 두 여배우의 연기호흡이 꽤 볼만하다. 내용은 알고보면 막장드라마...
애프터 웨딩 인 뉴욕,'애프터 웨딩 인 뉴욕'은 인도에서 고아원을 운영하고 있는 여인이 후원을 받기 위해 뉴욕으로 오며 후원자와 그 가족과 잃어버린 인연을 찾게 되는 드라마 영화다. 원작 영화를 안 본...
나이브스 아웃,영리한 질문으로 이끌어가는 탁월한 추리극
나이브스 아웃,현대 미국 사회의 초상 <나이브스 아웃>
나이브스 아웃,'나이브스 아웃'은 베스트셀러 갑부 작가의 죽음과 그의 유산을 둘러싼 가족들에 대한 라이언 존슨 감독의 후더닛 미스터리 작품이다. '라스트 제다이' 이후 그의 첫 영화인 이 작품의...
나이브스 아웃,결과보다 과정을 중시하는 아름다운 포물선
나이브스 아웃,#나이브스아웃 01. 영화<나이브스 아웃> 봤다. 영화의 짜임새가 탄탄하다. 그럼에도 불구하고 '새로움'이 있는 작품은 아니였다. 극에서 가장 어수룩한 사람은 형사...
나이브스 아웃,아가사크리스티를 떠올릴 수 밖에 없다는 것이 가장 큰 실수.
나이브스 아웃,추리물의 완벽한 재해석이 돋보인다
나이브스 아웃,추리 장르라는 대저택을 해체하고 다시 쌓아올리며 라이언 존슨은 다시 한 번 자신의 능력을 가감없이 드러낸다. 기대를 유쾌하게 배신하고 추리 소설의 클리셰란 클리셰는 모두 아슬아슬하...
나이브스 아웃,뻔하듯 냉철한 풍자적 추리소설
나이브스 아웃,"항상 누누이 하는 말이지만, 이민자의 나라에 살면서 본인들은 이민자가 아닌 척하지 말라고."
나이브스 아웃,완전 재밌고 이런 추리 영화 계속 나왔으면 좋겠다!
나이브스 아웃,"시사회로 처음 봤을 때의 감정을 다시 느껴보고 싶다. 뻔한 듯 하면서도 반전이 있고, 평범한 듯 하면서도 냉철한 풍자가 숨어있는 영화"
나이브스 아웃,"그저 그런가 보다하는, 명절 연휴 킬링 타임."
나이브스 아웃,겨울에 영화눈 보고싶은데 볼게 없어서 봤던 영화 였지만 너무 재밌게 봤어요 ~
나이브스 아웃,와우~ 마이 하우스 마이 룰즈 마이 커피 & 마이 무비. 2시간이 후딱 갔다. 후더닛 무비의 진수를 봤다. 라이언(Lian) 존슨의 극본은 다 챙겨봐야겠다. 2019. 4.0
나이브스 아웃,전세계 추리소설 팬들이 기다려온 클래시컬 후더닛 장르영화의 완벽한 부활
나이브스 아웃,"우화와 추리물, 두 장르가 톱니바퀴처럼 기막히게 맞물린다."
나이브스 아웃,인스타와 넷플릭스가 있는 시대에 애거서 크리스티풍 미스터리 영화라니 그저 대감동
나이브스 아웃,진짜 잘만든 추리 영화 간병인 설정이 살짝 오버로 느껴져서 0.5점 감점함
나이브스 아웃,인간의 탐욕과 사악함이 보이는 영화
나이브스 아웃,한땀 한땀
나이브스 아웃,오래간만에 느껴본 추리소설의 진한 향기.
나이브스 아웃,"추측이 가능하지만 추측이 불가능하기도 했던, 추리가 다가 아닌 추리 영화"
나이브스 아웃,클래식한 추리물의 지침서
나이브스 아웃,라이언 존슨에게 필요했던건 훌륭한 각본뿐.
나이브스 아웃,수많은 복선을 차곡차곡 풀어나간다.
나이브스 아웃,전통적인 추리소설의 품 속에 감춰진 날카로운 칼날
나이브스 아웃,A 라스트 제다이를 재물로 사용하여 이런 명작을 만든 라이언 존슨
나이브스 아웃,애거서 크리스티 원작 영화보다 더 애거서 크리스티 원작 영화 같은 영화
나이브스 아웃,추리소설 한 권 속독으로 읽는 느낌.
나이브스 아웃,인간의 추악함을 볼 수 있는 영화 자신에 손에 쥐어진게 없어지자마자 돌변하는 모습 소름
나이브스 아웃,영화를 보고나서 당연히 원작이 있을꺼라고 생각했는데 오리지널 각본이라 놀랐다. 튼튼한 짜임새를 보이는 추리영화
나이브스 아웃,My house My rules My coffee
나이브스 아웃,왜 제목을 나이브스 이웃이라고 알고 있었는지...
나이브스 아웃,[영화 리뷰] 나이브스 아웃 (Knives Out)
나이브스 아웃,사람들이 클래식에 열광하는 이유.
나이브스 아웃,"촘촘하게 잘 짜여진 각본, 이야기에 드라마를 더해주는 연출, 누구 하나 빠지지 않는 연기까지 좋은 영화에 필요한 삼박자가 완벽하게 갖춰진 훌륭한 영화였다."
나이브스 아웃,한순간도 눈을 떼지 못하게 한다 떼는순간 범인이 숙 삭 속 바뀜 영화를 보는 공간이 영화 속 공간이 되어버리게 하는 흡입력
나이브스 아웃,스토리 - ★★★★ 연기력 - ★★★ 몰입도 - ★★★★ 셜록 홈즈가 생각난 영화
나이브스 아웃,끝까지 흥미진진하게 볼 수 있는 탐정물
나이브스 아웃,오래도록 전승되어야 하는 좋은 작법의 예. 흔한 주제여도 어떻게 표현하느냐에 따라 큰 즐거움을 느낄 수 있다.
나이브스 아웃,추리극이란 이런것이다를 보여준 오랜만에 잘만들어진 작품
나이브스 아웃,정신없이 팝콘 먹고 사이다 마신 뒤 남아 있는 따뜻한 카라멜 팝콘 한 조각
나이브스 아웃,.
나이브스 아웃,아카데미 각본상 후보작답게 대본이 매우 탄탄하다. 반전에 반전이 정말 어마어마하고 떡밥 회수 능력이 엄청나다. 블랙코미디적인 요소도 직관적으로 이해할 수 있어서 좋았다
나이브스 아웃,칼을 빼야할 때 (Knives out) 적절히 빼서 정확히 매듭짓네. 이런 권선징악이라면 그 Rule을 따라줄 용의가 있다.
나이브스 아웃,감독님 앞으로도 이런 영화에 힘써주세요. 아셨죠?
나이브스 아웃,심플한데 그곳에서 전해지는 선한 영향력
나이브스 아웃,추리영화가 줄 수 있는 장르적 즐거움을 최대치로 끌어올려 제공한다.
나이브스 아웃,트릭 그 자체로는 훌륭하지 않았지만 메세지를 감추는 도구로는 대단히 흥미로웠다.
듄: 파트2,"2부를 위한 1부의 빌드업, 3부를 위한 2부의 빌드업."
듄: 파트2,듄: 파트 2
듄: 파트2,모래 속에 빠져들 듯이 영화 속으로 빠져든다.
듄: 파트2,믿어서 믿는 것이 아니라 믿기 위해서 믿는 것이다.
듄: 파트2,듄의 액션은 어디로 갔는가?
듄: 파트2,"보는 내내 ""내가 왜 이걸 일반관에서 보고 있지""라는 생각밖에 안 들었다"
듄: 파트2,"나의 세상에, 나의 시절에 새로운 우주가 발원할 것이라 믿지 못했다. 리산 알 가입."
듄: 파트2,메시아고 나발이고 지금 중요한 건 이정도 영화적 경험을 선사하는 영화를 만나기는 쉽지 않을 거라는 거다. 당장 영화관으로 달려갈 것.
듄: 파트2,"드니 빌뇌브 감독의 야심, 부디 극장의 리산 알 가입이 되었으면..."
듄: 파트2,반지의 제왕시리즈와 가오갤시리즈이후 몇십년걸쳐 차기 스페이스 오페라물로 남을 정도이다. 1편은 새발의 피
듄: 파트2,기다리기 너무 힘드네요.. 빨리 보고 싶어요.. ㅠㅠ
듄: 파트2,시각적 강렬함을 넘어 듄 세계가 인도하는 눈부신 황홀경
듄: 파트2,전 시리즈를 기억하지 않아도 재밌게 볼 수 있다. 전개가 빠르고 건너뜀이 많은데 그런갑다~ 하고 넘기면 이야기가 이어진다. 쓸데없는 밀당도 없다.
듄: 파트2,영화계의 패러다임을 바꿔놓을 대작.
듄: 파트2,극장에서 보고 충격받을 정도의 규모의 영화였다. 방대한 원작 스토리를 어찌 이어갈지 다음 시리즈도 궁금하다. 스타워즈의 팬이라면 sf판타지의 갈증이 해소되는 기분도 느낄듯 하다
듄: 파트2,전작보다 빠르고 방대해진 속편
듄: 파트2,"운명이란 거역할 수 없는, 마치 코스믹 호러. 크툴루를 이용하려 한 자들처럼 운명에 잡아 먹히는 사람들."
듄: 파트2,이 영화는 미쳤어요 이게 영화지 우리 부모님 세대에 반지의 제왕이 있었다면 지금 우리 세대에는 듄이 있다
듄: 파트2,"텁텁한 모래폭풍 속, 끝내주게 근사한 속 빈 강정"
듄: 파트2,확실히 영화 퀄리티가 다르다 구멍이 없는 ‘황홀 그 자체‘ 다만 너무 길어서 과연…………끊어지는 스토리가 너무 아쉽다 두꺼운 책 한권을 생생히 읽는기분
듄: 파트2,듄: 파트 2 | 일말의 부조화까지 삼킨 모래 폭풍
듄: 파트2,구원이 아닌 지배를 갈망하는 메시아의 잠재적 재앙. 선택은 곧 가혹이다.
듄: 파트2,리산 알 가입🙌
듄: 파트2,운명의 모래톱으로 끝없이 빨려들어가는 처연한 메시아.
듄: 파트2,여러모로 미쳤다 ㅋㅌ ㅠㅠㅠ
듄: 파트2,"리산 알 가입, 무앗딥, 퀴사츠 해더락 삼위일체 되는 웅장한 여정을 완수한 폴 우슬 아트레이데스 아라키스 공작이 무앗딥 지하드를 시작하기까지. 드니 빌뇌브의 인도하심 따라 영혼마저"
듄: 파트2,작품성으로는 결코 뒤지지 않는 작품
듄: 파트2,듄의 세계가 나의 머릿속에 각인되었다 또다른 위대한 트롤로지의 중간을 지나가고 있다
듄: 파트2,1편은 서사였고 2편은 라이징이다. 모든 역경을 이겨내고 찬란히 저 높은 하늘을 향해 솟아 오른다. 아마 3편에서는 창공에서 모든적들을 내려다 보며 활공하겠지. 명작이다.
듄: 파트2,3부를 만들어야만 한다. 세계관을 위한 배경지식을 보고 영화를 감상한다면 감독이 우리를 어떤 세계로 데려가는지 느낄 수 있을 것
듄: 파트2,생동감과 경직의 괴리감으로 한 영웅을 여과없이 조명하다
듄: 파트2,그담편은 언제나오려나??
듄: 파트2,구원자의 탄생
듄: 파트2,모든 것이 완벽한.
듄: 파트2,"역대급 스케일의 판타지 탄탄한 세계관, 빠른 이야기 전개, 웅장한 명장면, 재밌는 서사. 완벽한 판타지 영화다"
듄: 파트2,속편은 계속 전설있음
듄: 파트2,"한 컷 한 컷이 설득과 전도로 가득하다, 리산 알 가입!"
듄: 파트2,SF 영화 중 희대의 걸작
듄: 파트2,1편 보다는 아쉽. 그래도 다음편을 기다리게 됩니다
듄: 파트2,영상미.... 영상미가 미쳤다... 아라키스... 아라키스 날리는 사막에 내가 가야해.. 미쳤어...미쳤다!! 또보고싶다 용아맥가서 두개 연속 보고싶다
듄: 파트2,"다른 세계로의 이동과 경험이 가장 맞닿아있는 기회, 영화의 아름다움을 증명하다"
듄: 파트2,1편보다 더 재밌음.
듄: 파트2,내가 이 위대한 전설의 증인으로서 자리했다는 흥분.
듄: 파트2,"영화, 극장, 아이맥스의 존재 이유라고 느껴질 정도의 압도적인 영상. 자신의 운명을 거부하고 또한 받아들이는 메시아, 그리고 그것을 찬양하고 또한 회의하는 시선."
듄: 파트2,장면 장면에 좋은 기술과 아이디어가 가득
듄: 파트2,용아맥 i열. 영화관의 존재 이유
듄: 파트2,쟤네는 엄청 진지한데 나만 겉도는 느낌
듄: 파트2,24-010 그 자리에 있는 것 같은 느낌마저 주는 디테일한 세계 속에서 반영웅주의를 설파한다.
듄: 파트2,지루한부분도 있지만 영상미 사운드 스토리 다 좋다
듄: 파트2,"영상, 음악, 서사, 캐릭터, 모든 것이 완벽하다."
미션 임파서블 2,나쁘지 않았지만 나빴던
미션 임파서블 2,오우삼 선택과 과장된 연출을 부탁한 것도 모두 톰형의 의지였다고하니 감독만 비난하고 싶진 않다. 탠디 뉴튼의 황홀한 미모는 감탄이 나온다. 이때의 탠디라면 흑인 인어공주 대찬성.
미션 임파서블 2,시리즈에서 유일하게 시간아까운 영화. 이건 미션시리즈도 오우삼 감독 영화도아닌 이질적인 괴작. 넘겨도 아무 문제 없다. ㅠㅠ 난 봤지만 ㅠㅠ
미션 임파서블 2,톰형 비둘기
미션 임파서블 2,비둘기....
미션 임파서블 2,"그 당시엔 어땠을지 모르지만, 지금보면 촌스러움 그 자체."
미션 임파서블 2,엄한 감독한테 주지마.
미션 임파서블 2,당신도 유감? 나도 유감🤦‍♀️
미션 임파서블 2,1을 보고 2를 보니 한참 기대에 뒤떨어진다.
미션 임파서블 2,실패한 퓨전 요리.
미션 임파서블 2,진심 가면이 다 함.
미션 임파서블 2,자신의 삶에서 한번쯤 액션히어로를 해보고 싶었던게 아닌가하는 탐 크루즈의 버킷 리스트라고 생각하고 봐도 여전히 우스꽝스러웠다. 오우삼의 연출적 밑천을 드러낸 범작
미션 임파서블 2,미션 임파서블에 홍콩 영화를 섞으면 일어나는 일
미션 임파서블 2,"홍콩 느와르의 주인공이 돼보고 싶었던 톰 크루즈, 이렇게 어설프고 안 멋있어 보이긴 처음이다. 문제의 비둘기씬에선 실소가 터져나온다."
미션 임파서블 2,"오우삼 감독 특유의 스타일리쉬한 액션은 시리즈 최고 수준. 특히, 모토크로스 추격전과 클라이맥스는 압도적. 다만 바이러스, 배신, 로맨스 등 다양한 요소가 뒤섞여 스토리는 산만함."
미션 임파서블 2,1편은 띵작 2편은 선글라스만 기억이 남는다
미션 임파서블 2,"쌍팔년도에나 나왔을법한 평범하고, 올드한 액션영화."
미션 임파서블 2,평범한 액션영화
미션 임파서블 2,미제 워싱 홍콩 영화
미션 임파서블 2,저기 비둘기좀 치워주세요
미션 임파서블 2,이게 뭔지 이해를 못하겠다
미션 임파서블 2,미션임파서블 아닌 미션임파서블 본 기분
미션 임파서블 2,과도한 오우삼 스타일의 차용과 슬로우모션의 남발으로 인한 1편과의 크나큰 괴리감
미션 임파서블 2,액션영화의 고전은 고전인 이유가 있다 하지만 과하게 안해도 될 동작을 괜히 과하게 하는 게 너무 눈에 보이고 주인공 버프가 넘 심하지만 이것또한 액션영화의 필수요소라 생각하면 볼만
미션 임파서블 2,감독이 오우삼이라 그런가 머리나 기기싸움보다는 무술액션이 많다.. 그리고 왜 액션에 자꾸 가오를 부릴까. 현실성보단 낭만적 액션에 기댄 어렵ㅈ 않은 최악의 미션이다. 비둘기..;
미션 임파서블 2,첩보물의 모습은 어디가고 그냥 액션 블록버스터만 남았다 심지어 홍콩 액션 블록버스터...
미션 임파서블 2,가면과 여자 인질이 다한 편
미션 임파서블 2,분명 급박한 액션이 벌어지고 있는데 눈이 감긴다.
미션 임파서블 2,미션 임파서블1의 감동을 다시 느끼고 싶었지만 영웅본색의 향수에 젖어버렸다.
미션 임파서블 2,"에단 헌트가 느슨해진건 누구 탓을 해야하나...🤨 칭송 받던 액션만으로 또 사랑 받을수 있겠지? 라는 오만함이 느껴졌다. 그럼에도 불구하고, 또 한번 그를 기다릴수 밖에.."
미션 임파서블 2,제작자는 오우삼에게 무엇을 기대했던 걸까...
미션 임파서블 2,스토리 - ★★ 연기력 - ★★★ 몰입도 - ★★ 영화가 뭔가 빌드업을 잘하다가 다시 사그라졌다가....빌드업하다가 또 사그러지는 느낌임
미션 임파서블 2,영화 01
미션 임파서블 2,톰형 하고싶은거 다 해~
미션 임파서블 2,액션이 좋다. 다만 슬로우가 너무 많다.
미션 임파서블 2,서스펜스보다 육탄전을 선택한 연출
미션 임파서블 2,남는건 개성뿐
미션 임파서블 2,자신이 만든 몇몇 멋들어진 장면에 도취되어 흡입력을 잃어버린다.
미션 임파서블 2,C+ 현실적이라는 미임파 시리즈의 장점이 매우 희석된 작품
미션 임파서블 2,"그 시절 미국 드라마 느낌, 칼로 눈찌르는 장면은 볼만하다"
미션 임파서블 2,"플롯은 준수, 연출은 불합격"
미션 임파서블 2,"전체적인 전개자체가 뻔하고 영화적 허용이 너무 많이 들어간것까진 옛날영화니까 하고 봐줄만 했지만 과도한 슬로우모션, 시리즈의 기대에 못미치는 여주의 미모가 많이 아쉬웠던 영화."
미션 임파서블 2,재미도 없고 감동도 없고…
미션 임파서블 2,홍콩 영화를 배급할 때 인기있었던 영화 제목을 멋대로 붙여 속편처럼 보이게 한 경우가 많았다. 이것도 그런게 아닐까?
미션 임파서블 2,미션 임파서블 시리즈의 유일한 대형 수모.
미션 임파서블 2,간지와 빙구미를 넘나드는 톰 크루즈가 나가신다.
미션 임파서블 2,말도 안되는 추격신을 보고 있노라면 황당한데 그걸 또 보고 있네.
미션 임파서블 2,연출이 얼마나 중요한지 깨닫기 좋은 영화. 일단 비둘기...는 집어치우고 망할 슬로우모션 좀 그만할 필요가 있다
미션 임파서블 2,시리즈 중 최하. 그래도 오우삼.
미션 임파서블 2,Watcha
나의 완벽한 비서,한지민연기최고
나의 완벽한 비서,한지민미모레전드
나의 완벽한 비서,괜찮은데 한지민배우 발음이 원래 이랬나……?뭉개져서 알아듣기 너무 어려움…….
나의 완벽한 비서,동재야 작품 잘잡았다ㅋㅋ 간만에 초장부터 달릴거 나왔다야
나의 완벽한 비서,2025 이준혁 붐 그 시작 간만에 나온 비주얼 합이며 검증된 연기력이며 무엇 하나 빠지지 않는 조합 힐링 로맨스에 이미 설레고 있습니다 용두용미인 드라마이길
나의 완벽한 비서,한지민이 예쁘고 이준혁이 잘생겼어요 전개가 시원시원해서 고구마 없고 가볍게 보기 좋아요!
나의 완벽한 비서,44살 여주만큼 연기하는 배우가 없어서 그런거란다. 배우를 깔려면 연기로 까라! 나이로 억까하지말고! 각설하고 주연 두배우 은근 케미가 좋아서 보면서 계속 웃고 있습니다. 응원해요
나의 완벽한 비서,예상 가능 한듯한 스토리라는 느낌이지만 한지민 이준혁 두 분의 연기가 너무 좋고 연출도 깔끔해서 시간 가는줄 모르고 봤네요
나의 완벽한 비서,여주 연기가 불안정 몰입감 깨지고 클리세 범벅 재미가 없다.
나의 완벽한 비서,한지민이 이쁘긴 한데... 이쁘긴 한데 참.. ㅋㅋㅋ 특정 받침 발음때문에 자막 없으면 잘 못 알아듣겠음 ㅠㅠ 이준혁은 딕션 좋더라
나의 완벽한 비서,흔한 내용인것 같은데 두배우의 비쥬얼 연기합이 좋고 영상미 음악 모두뛰어나 집중력이 있어서 한마디로 존잼
나의 완벽한 비서,"4화까지 봤는데, 이준혁 배우님의 용안(?) 정말 감동이 심하네요..... 잘생겼고, 잘생겼고, 또 잘생겼습니다.....ㅋㅋㅋㅋㅋ 😂😂"
나의 완벽한 비서,1화 보다 말았어요 어설퍼요 한지민이 왜… 이친자 트렁크보고 국뽕차오르다 이런 한드보면 짜게 식는다 말안되는 설정부터 확인해주지 희미한 개연성은 설득력이 확 떨어진다
나의 완벽한 비서,유은호에게 빠져 있어요.준혁님짱!🙆‍♀️
나의 완벽한 비서,이준혁 할말잃음 최근 남주중 가장 내스탈일 보는내내 광대승천
나의 완벽한 비서,이렇게 잘생긴 돌싱남은 처음이다 이준혁얼굴이미침
나의 완벽한 비서,이준혁은 어째 나이들수록 잘 생겨짐? 스토리 간들간들할 듯
나의 완벽한 비서,한지민 이준혁 캐스팅 안 했으면 고대로 망했을 수도.. 제작진 역량이 쪼꼼 아쉽네요 현실적이지 않은 건 뭐 제목에서부터 짐작할 수 있고 나쁘지 않은데 서사와 감정선이 너무 아쉬움!
나의 완벽한 비서,지금껏 이준혁이 마흔이 될 때까지 로코 남주로 쓰지 않았던 제작사들 죄다 직무 유기.
나의 완벽한 비서,가면 갈수록 빠져드는 대표와 비서의 로맨스
나의 완벽한 비서,한지민 너무 예쁜데 너무 예쁘게 나오궁 이준혁도 너무 스마트하고 멋지네요
나의 완벽한 비서,어케 보면 살짝 변주한 그냥 또 다른 백마탄 왕자님. 오글거리는 한국산 로코. 오피스 상황들은 하나같이 현실감 없이 오글거리기만 하고 또 너무 동화 같은 설정들.
나의 완벽한 비서,요근방 최신 드라마중 제일 쫀쫀한 k-드라마! 응원해요! 한지민 엔 ….이 ….
나의 완벽한 비서,재미있어요 남자비서 소재 신선하고..한지민씨 내가좋아하는 몇안되는 여배우♡♡♡
나의 완벽한 비서,이준혁의 재발견. 제발 이제 로맨스만 찍으라
나의 완벽한 비서,생각보다 흥미진진
나의 완벽한 비서,익숙한 소재지만 볼 만하다
나의 완벽한 비서,생각보다 재미있어요
나의 완벽한 비서,나에게도 이런 비서 있으면 ㅎㅎ 재미 있어요 계속 볼려고요~
나의 완벽한 비서,광공 여주와 스윗남주 혐관으로 시작하는 서사부터 너무 재밌고 앞으로가 기대된다.
나의 완벽한 비서,남주 여주가 너무 잘생기고 예뻐서 재밌네요. 스토리도 뭐 아직까지 볼만해요~
나의 완벽한 비서,다음회차내용이 궁금해짐 근데 도도한 여배우의 포스가 좀 없긴하지만 남주가 잘 받춰줄듯고 하고 ....
나의 완벽한 비서,이준혁의 재발견.. 로맨스 이렇게 잘하는 배우인 줄 몰랐어요 ㅠㅠ 게다가 주연 배우들의 얼굴합이 너무나도 퍼펙트합니다 기대했지만 이정도 케미일 줄 몰랐어요 ㅠ
나의 완벽한 비서,"너무나 비현실적인, 판타지에 가까운 이런 소재가 아직도 사람들의 관심을 끌 수 있는것일까?"
나의 완벽한 비서,너무 뻔하고 간질거리는데 계속 보게되는
나의 완벽한 비서,얼굴빼고 내용이 없음
나의 완벽한 비서,왕자와 사랑에 빠지는 신데렐라의 남자버전
나의 완벽한 비서,"이준혁과 한지민의 텐션이 미쳤음 둘만 있는 장면에서 나오는, 말로 설명할 수 없는 어른의 텐션 앞으로의 전개는 더 두고봐야겠음"
나의 완벽한 비서,이 로코 만족하세요?
나의 완벽한 비서,어울릴 것 같지 않은 주연들과 어울릴 것 같지 않은 배역은 기우에 불과했다.
나의 완벽한 비서,시간은 잘 가네요
나의 완벽한 비서,남자가봐도 유은호 넘 멋있네!! 이건 반지의 제왕을 뛰어넘는 판타지 장르다..헹!!
나의 완벽한 비서,이준혁 한지민 조합은 그냥 봐야됨 :) 지금까진 재밌음
나의 완벽한 비서,남여배우가 훈훈하니 보는맛이 있음. 스토리야 전형적인 로코
나의 완벽한 비서,역시 짐느💖
나의 완벽한 비서,아는맛 뻔한맛 그렇지만 그래서 좋은 로맨스물. 편하게 보기 좋고 헤드헌터라는 잘 몰랐던 직업을 여주가 갖고 있어서 신선했다. 주인공들 분위기랑 드라마 분위기랑 잘 어울림...!
나의 완벽한 비서,결점들이 결점들을 보완해준다
나의 완벽한 비서,Xmxmxk
나의 완벽한 비서,설렘주의보
나의 완벽한 비서,재밌어 설레 달다
사랑은 외나무다리에서,"결국 나도 주지훈때문에 보는 거긴한데 사실 이런 내용은 2,30대 초반의 배우들이 하는거 보고 싶음.....🥲 마흔 목전에 둔 배우들은 다른 사랑얘길하면 좋겠어..."
사랑은 외나무다리에서,40줄 배우들의 사랑치곤 유치해요
사랑은 외나무다리에서,서사는 좋아 코믹한 부분은 웃기고 진지한 부분은 당분간은 적습니다 어린때 랑 성인때 랑 뭔가 다 끌리는 게 있어 취향에 따라 다를 수 있지만 다 잡았으면 좋겠어
사랑은 외나무다리에서,유치하지만 사랑은 원래 유치한거니까 재밋어요ㅋㅋ
사랑은 외나무다리에서,"스토리가 촌스럽고 식상하네요. 연기 잘 하는 주지훈 배우보며 참으려고 했는데, 대본이 심하네요."
사랑은 외나무다리에서,저 배우들을 데리고 이렇게밖에 못하다니… 지루
사랑은 외나무다리에서,개큰 용두사미 쓸데없는 얘기가 많아도 너무 많아서 로코의 본질에 충실하지 못함
사랑은 외나무다리에서,주지훈이랑 정유미가 너무 잘 어울려요. 딱 하이틴 로맨스 책 보는 것 같음. 살벌한것들만 보다가 보니까 힐링되고 행복했음! 주지훈 넘나 멋있어요~~
사랑은 외나무다리에서,주지훈 배우의 하찮은 이사장님과 윰블리의 합이 생각보다 좋았고 다음화가더 기대됩니다 아역배우들의 상큼한 연기도 넘 좋았어요 심각하고 인상 쓰는일이 많은 드라마만 보다 힐링됩니다
사랑은 외나무다리에서,어째서 정유미?
사랑은 외나무다리에서,유투브 통해흘러들어와 5화부터 봤는데 아역 배우 주지훈정유미도 케미좋고 연기합도 굿. 석지원 대사들 중 힐링되는 대사들 좋음. 다만 11-12를 허겁지겁 풀어내 16화가 더나았듯
사랑은 외나무다리에서,주지훈 배우님의 오랜만에 로코라 좋았지만 서사도 너무 길고 결혼식도 안 보여준 결말이 아쉬워요..ㅜ
사랑은 외나무다리에서,"배우들의 로코 연기와 연출, 음악은 정말 탁월. 스토리는 어딘가 옛날 스타일에 메인 서사 분량이 절망적. 12부작의 패착이 그대로 보인다. 16부로 하든지 조연 서사를 잘랐어야지"
사랑은 외나무다리에서,용두사미... 용두?도 잘은 모르겠지만 이야기를 모두 자세히 풀려고 하다 보니 메인 서사가 많이 흐려진 느낌이었어요. 유미 배우님 스타일링도 아쉬운 부분이 많았습니다.ㅠㅠ
사랑은 외나무다리에서,작지원.. 많이 사랑하고 애틋했다🥹🫶🏻
사랑은 외나무다리에서,주지훈 배우와 정유미 배우의 로맨스는 안 궁금한데 어린 석지원과 윤지원의 미래가 궁금해서 본다. 아역배우들 부분이 더 재미있음....
사랑은 외나무다리에서,남주여주 연기가 많이 어색하고 스토리가 어디서 많이 본건 같은 유치하고 전체적으로 불편하고 최악의 로맨스 들마
사랑은 외나무다리에서,로코의 여왕 정유미배우님이 나와 기대하고 봤다가 진부한 평범한 로코내용이라 살짝 아쉬움이 느껴졌다.
사랑은 외나무다리에서,너무 재밌었음! 다만 아쉬운 점은 초반엔 느리게 전개 되었다가 후반부 되니까 점점 빨라진 점?
사랑은 외나무다리에서,나일 먹어도 여전히 예쁘고 사랑스러운 ‘윰블리‘ 연기를 감상했으니 만족!
사랑은 외나무다리에서,"주지훈, 정유미 배우 모두 훌륭했는데 내용이 로코보다는 가족드라마 느낌이었음 ;; 개인적으로 주쥰 팬이라 본방사수는 했지만 내용 전개 측면에서 다소 아쉬움 ㅜ ㅜ"
사랑은 외나무다리에서,걍 그럭저럭 약간은 시대에 뒤떨어진 듯 한 스토리
사랑은 외나무다리에서,고딩아역은 둘이 너무 애절하게 그려지는데 성인 남여 주인공이 웬지 안어울리고 몰입이 안되서 포기
사랑은 외나무다리에서,이 드라마에서 얻은 건 작지원뿐
사랑은 외나무다리에서,"주지훈, 정유미의 연기와 홍민기, 오예주의 연기라도 보는 재미."
사랑은 외나무다리에서,이미 너무 많이 아는 맛
사랑은 외나무다리에서,각본이 배우들을 다 죽여놓음
사랑은 외나무다리에서,아역+배우들 연기로 그냥 재밌다
사랑은 외나무다리에서,정유미연기 너무 어색하고 유치함.. 배우가 잘못된건지 극본이 잘못된건지ㅠ 보기가 매우매우 불편함..
사랑은 외나무다리에서,아~세월이여~
사랑은 외나무다리에서,실패한 스토리. 이도저도 아닌 미적지근함.
사랑은 외나무다리에서,유치하지만 가볍게 볼만은 해
