﻿movie_title,review
스토브리그,야구의 뒷이야를 본다는건 야구팬으로 흥미롭고도 잼나는일. 게다가 다들 연기도 잘해
스토브리그,야구 오피스물의 교본. 끝으로 갈수록 아쉬운 점이 있기는 하지만 야구계에 있었던 일들을 편마다 아주 잘 녹여냈다. 시즌2를 기대하고 싶은 작품 중 하나
스토브리그,재미도 재미지만 정말 잘 만든 드라마!! 이게 신인작가 작품이라니!! 차기작 기대됩니다 그래서 시즌2는 언제 나와요?
스토브리그,"머리로 치밀하게 수싸움 하는 전반부 대비 가슴으로 적시는 후반부의 전개가 아쉬웠고, 마지막회는 조금 급하게 후다닥 마무리 되는 감이 있었다. 그러나 그걸 제외한 모든 게 완벽했다."
스토브리그,스포츠에 대한 이런 접근이 있었던가? 시도에 그치지않고 완성도까지 잡아주었다.
스토브리그,"야구드라마 아니고 오피스 드라마, 야구 룰 몰라도 볼 수 있어요"
스토브리그,야구빠라서 넘 몰입해서 잘봤음
스토브리그,이런걸 인샌드라마라고 하는거죠 누구한테 돈주면서라도 보라고 하고싶음
스토브리그,이틀만에 정주행완료 첫회보자마자 집중돼서 마지막화까지 지루할틈없는 완벽한 드라마 야구전혀 몰라도 아무 상관없음 알면 더 재밌겠지만.
스토브리그,소재와 집중을 선택한 독보적이고 흥미로운 스포츠 오피스물.
스토브리그,야구를 전혀 몰라도 심장이 뛰는 드라마
스토브리그,믿고보는 남궁민. 남김없이 쓰는 캐릭터들과 탄탄한 서사에 한국드라마의 고질적인 뜬금포 멜로까지 없어서 담백하지만 그래서 더 뜨거운 성장드라마.
스토브리그,남궁민은 당연했지만 오정세와 박은빈의 발견
스토브리그,대사 하나하나가 인생에 도움 되는 말입니다 내용 좋고 재미 있네요
스토브리그,잘 만들어진 전문직 드라마. 같잖은 한국식 연애 로맨스가 없어도 잘 팔림을 증명
스토브리그,스포츠물이라기보단 오피스물 아닐까. 후반부는 직장인 포르노의 집합체.
스토브리그,마지막화 펭수만 빼면 기승전결 완벽한 드라마 선수에 조명하는 게 아니라 야구를 있게 해주는 뒷 인물들을 조명하는 드라마라서 신선하고 좋았음
스토브리그,"러브스토리만 안 나오면 이 드라마는 올해 본 보석 중 하나가 될 것 같았는데, 그렇게 될 것이다."
스토브리그,"소재, 연기, 연출 삼박자가 잘 맞아 나온 수작. 야구팬이라면 어찌 안 볼 수 있는가."
스토브리그,"관심도가 상대적으로 떨어지는 기간에 대한 흥미로운 이야기. 극적 재미를 위한 드라마적 요소가 과하긴 하나, 극을 재미있고 흥미롭게 끌고 나감"
스토브리그,현실적인 대사와 현실적으로 있을법한 인물들과 구성 너무나도 풍성하다. 왠지 미워만 할 수 없는 백승수 단장님. 애증스런 캐릭터를 마치 막 찐 두부처럼 고소하고 따끈하게 잘 담았다.
스토브리그,재미없음
스토브리그,남궁민 배우님 나온다 그럼 봐야져???
스토브리그,후반부에 힘이 떨어지는 게 아쉬울 따름이다.
스토브리그,15화 엔딩을 보니 조금 더 호흡이 길었어도 좋았을 뻔 했다는 생각이 들 정도다
스토브리그,백반에서 쓸데없는 반찬을 과감히 지웠다. 재료도 신선하다. 그래서 맛있게 먹었지만 여전히 익숙한 백반이다.
스토브리그,시즌2가 보고싶은
스토브리그,단점은 흐름을깨는 ppl과 중간광고를 2번이나 봐야했던거 그럼에도 불구하고 이런소재를 로코 없이 tv에서 봤었다는 쾌감.
스토브리그,야구를 잘 몰라도 쉽게 접근할 수 있었고 흡입력부터 기승전결까지 완벽했던 드라마
스토브리그,"야구 드라마지만 하고싶었던 얘기는 야구가 아닌 우리네 직장생활, 회사에서의 마음가짐이었다 우리 회사에도 드림즈 같은 가을이오길"
스토브리그,야구 경기를 보여주지 않도도 야구팬들이라면 관심 있어할 야구의 뒷이야기를 재밌게 풀어낸 듯. 야구를 몰라도 오피스 드라마로써 흥미진진한 전개가 두 마리 토끼를 다 잡음.
스토브리그,좋은 작품입니다
스토브리그,야구를 모르는 내가 봐도 최고. 다음화를 계속 보고 있는 내가 있습니다.
스토브리그,.
스토브리그,야구를 사랑하게 하고 모든걸 설명해 야구를 알려준.
스토브리그,야구를 하나도 모르고 봤음에도 알 수 있었다. 명작이고 내인생 최고의 스포츠드라마다... 연기도 스토리도 빠지는것 없이 좋았다
스토브리그,야구단 프론트의 새로운 소재의 드라마. 재밌었다.
스토브리그,초중반까지만 재밌는 드라마.. 그 이후는 각종 ppl과 집중력을 흐뜨러트리는 내용 전개방식이 고갤 갸우뚱하게 만든다.. 초중반 몰입감 있는 전개여서 그나마 중간치긴 한다고 생각
스토브리그,야구를 잘 알지 못하는 사람도 재미있게 볼 수 있는 드라마. 쓸데없는 요소 없이 재미있는 요소들로만 구성되었다.
스토브리그,한번쯤 봐야하는드라마인거같아요 그냥보면심심히 흘러가는거같은데 계속보게되고 잔잔히 여운도계속남기는 드라마네요
스토브리그,힐링드라마 너무좋다
스토브리그,스포츠의 이상적인 뒷이야기
스토브리그,야구를 좋아한다면 늘 궁금했던 정규리그 끝난 후의 선수들과 관계자들의 모습을 만날 수 있는 재밌고 좋았던 드라마
스토브리그,한국 스포츠 드라마 중 탑임. 캐릭터들도 전부 매력적이고 스토리가 미쳤음. 야구를 잘 몰라도 안 좋아해도 흥미진진하고 재밌게 볼 수있는 작품.n탕할 가치가 있다
스토브리그,재미있게 봤어요
스토브리그,우리도 우승시켜줘...
스토브리그,초반 트레이드 수 싸움과 마지막화 이재훈 매각장면 이 두개면 충분한 드라마
스토브리그,이게 일 잘하는 법이지!
스토브리그,서부극의 레퍼토리에 찰지는 말맛
스토브리그,야구 팬이라면 한번쯤 볼만한 드라마 억지로맨스 없어서 더 좋았다. 24.2.19
비긴 어게인,음악 영화의 좋은 예
비긴 어게인,오랜만에 극장에 재개봉해서 보고왔습니다 좋은영화는 시대를 타지 않는거같아요 10년전 영화이지만 너무 좋은 영화에요 아직까지도 영화관이 가득 차는 이유가 있는 영화입니다!
비긴 어게인,내 점수는 오로지 ost에게
비긴 어게인,누가 머라고 해도 좋은 음악은 언제나 즐겁다
비긴 어게인,노래와 감성이 너무 좋다. 음악이 흐르는 모든 장면이 낭만적이다. 다만 아저씨랑 단둘이 붙이는 낭만은 조금 빼줬으면 하는 바램.
비긴 어게인,라라랜드의 팝 버전? 잔잔하게 소소하게 이쁜 영화. 너두할수있어 다시 시작해라고 말해주는 영화
비긴 어게인,극장에서 보면 울림이 더해지는 존카니는 존맛이다.
비긴 어게인,이런 음악 영화가 있어서 좋다
비긴 어게인,다들 극찬하는 것만큼 와닿는 영화는 아니였나보다ㅜㅜ
비긴 어게인,통찰로 일궈낸 기회에 관한 이야기로 음악과 함께 거부감 없이 보기 좋은 성인의 성장기이자 힐링 영화였다.
비긴 어게인,커피는 맛 없지만 음악 선곡만큼은 기가막힌 카페
비긴 어게인,다시 도전하고 다시 사랑하는 사람들을 위한 빛나는 노래
비긴 어게인,단점과 장점이 같은 영화.
비긴 어게인,최고 안 본 눈 삽니다~~
비긴 어게인,한 편의 아름다운 인생 로드뷰
비긴 어게인,"마크 러팔로(댄)는 역시 이런 모습이 좋고, 키이라 나이틀리(그레타)는 진작 이런 액팅 좀 하지~ 놀랐고, 헤일리 스테인펠드(바이올렛)는 <브레이브>가 계속 생각나 속상했다."
비긴 어게인,음악 스토리 모두 좋다
비긴 어게인,노래가 다 했다 진짜..
비긴 어게인,"대화, 설득, 논리, 고백과는 또다른 음악의 고유영역."
비긴 어게인,키이라 나이틀리 너무 이쁘고 무엇보다 비긴어게인 OST는 플리에서 뺄수가 없다
비긴 어게인,OST 언제 들어도 좋아요~!
비긴 어게인,음악과 인생을 향한 절절한 러브레터
비긴 어게인,비록 길 잃은 별들이지만 우리는 언제나 밝게 빛나고 있어. 그러니 포기하지 말고 다시 시작해.
비긴 어게인,"상업영화 물 먹은 감독, 원스의 초심으로 돌아가라!"
비긴 어게인,아름다운 선율과 그만큼 아름다운 볼거리들... 가을의 정취....
비긴 어게인,솔직히 음악이 팔할을 다 한줄 알았는데 진짜 그렇다.
비긴 어게인,전 원래 음악을 잘 몰라요. 거기다 바람 피우고 불륜 나오고 그러면 더 못 견디구요.
비긴 어게인,음악과 영화의 조화에서 음악의 농도가 영화에 비해 더짙어 느껴지는 아쉬움
비긴 어게인,OST만 인상적
비긴 어게인,"날 다른 세계로 이끌어 줄 시간, 단 3분"
비긴 어게인,우연처럼 만난 운명같은 인연
비긴 어게인,'원스' again & again & again
비긴 어게인,"단점이라면 일관성이 없는 느낌. 예를 들어주인공들이 밤거리를 걷는 장면은 과거 원스스러운면도 있다면 노래는 너무 뻔하고 오프닝도 뻔하고, 좋은 타협을 모르는 느낌도 있고"
비긴 어게인,청춘은 젊은이들의 낭비인가 특권인가
비긴 어게인,노래가 너무 좋음. 나머진 잘
비긴 어게인,<원스>는 한번의 요행이었을까?
비긴 어게인,"음악의 울림은 원스가, 영화 만듦새는 비긴 어게인이 더 낫다. 애덤 리바인은 그냥 마룬파이브에 어울리는 음색. 마룬에서 빛난다."
비긴 어게인,"Lost stars, we begin."
비긴 어게인,'bittersweet'에서 'sweet'만 남았지만 나쁘지 않다.
비긴 어게인,"음악과 이야기가 만났을 때, 어떻게해야 이 둘이 이상적인 조화를 이룰 수 있는지에 대한 해답을 제시해주는 영화. 초반 아직은 수수한 그레타의 노래에 댄의 상상력이 더해져 세션이 하..."
비긴 어게인,하나의 아름다운 공연을 본 듯한 느낌.
비긴 어게인,Ost도 좋고 주인공들이 흔들리며 피는 꽃처럼 음악으로 함께 소통하고 성장하는 모습이 멋졌어요.
비긴 어게인,"Higher place 들을때마다 밤에 이 영화보고나서 지하철타고 집에 돌아오던 길이 생각난다. 그 순간만큼은 내가 키이라 나이틀리, 그 길이 뉴욕.. ☆"
비긴 어게인,인생 영화라고 감히 말할 수 있는 몇 안되는 작품 중 하나 잔잔한 시작과 끝도 잔잔하지만 절대 내용이 지루한 것은 아닌 것 또한 매력. 생각이 많아질 때나 아무것도 하기 싫을 때
비긴 어게인,이야기에 사르르 녹아있는 음악들.
비긴 어게인,다시봐도 잔잔하고 평화롭고 👍
비긴 어게인,ost로 알게 된 영화인데 ost가 영화를 보기 전보다 여운을 남겨줘서 더 빠지게 되었다. (무조건 영화관에서 보는 걸 추천)
비긴 어게인,.
비긴 어게인,음악의 힘을 믿는 이들에게.
비긴 어게인,인생 최고의 영화중 하나 이영화는 음악을 듣지 않든 사랑하지 않든 좋아하지 않든 모든 이에게 필요한 영화 지금 당신의 삶이 우을하거나 힐링이 필요하다면 주저하지 말고 보라
파친코 시즌 2,지루할법한 내용인데 하나도 안 지루하고 너무 재밌어요 왜 계속 보고있지 싶은데 끝까지 집중해서 다 보게되네요 다음 시즌이 좀 더 빨리 나오면 좋겠어요!
파친코 시즌 2,오가와 미나토는 노아의 선생님이었다. 조선인이면서 그 뿌리를 부정하고 일본인척 했다. 시즌2는 과거를 잊은자와 잊지못하는 자들의 이야기다. 그렇게 살아야만 했던 이유가 구슬프다.
파친코 시즌 2,"저 깊은 곳에서부터 무언가 끓어 오른다. 다만 그것이 분노가 아님은 확실하나, 아직 정의를 내리기 힘들다. 대서사시의 결말이 기다려지는 이유이기도 하다. 명작의 호흡에 따라가본다."
파친코 시즌 2,"우리는 앞만 보며 현실을 걷고 있는 듯 하지만, 과거란 그림자에 늘 얽매일 수밖에 없는 듯하다. 시즌1의 사족 같은 느낌인데, 그래도 좋았다."
파친코 시즌 2,재밌어요. 마지막 여운이 크네요. 시즌 1보다는 매화 느린감이 있었지만 내용이 워낙 탄탄해서 재밌었습니다. 이제 애플티비 구독 취소를....
파친코 시즌 2,시즌1보다 전개가 살짝 지루한건 솔로몬 탓인가
파친코 시즌 2,누구는 죽고 누구는 살고 우리는 자기 자신의 운명을 100% 결정 할 수는 없는거 같다. 그저 씁쓸하게 걸어나가면 하는걸가?
파친코 시즌 2,소설 속 장면들이 펼쳐질 때의 황홀감
파친코 시즌 2,조금 루즈했지만 이야기의 힘이 있다.
파친코 시즌 2,"시즌1과 대비해서 이질감이 느껴지는 건 어쩔 수 없지만, 여전한 살아내기의 이야기"
파친코 시즌 2,"대를 거쳐 이어지는 ""이방인""으로서의 처절한 삶"
파친코 시즌 2,"거대한 크기의 마스터피스가 차근차근 채워지는 느낌. 인물들이 마냥 평면적이지 않고 입체적인 부분, 그리고 과거와 현재를 오가는 장면 전환들을 참 잘 만들었다는 생각이 듬."
파친코 시즌 2,파친코는 항상 이야기 속에 빠져들어 보게된다. 다음 시즌이 더욱 기대된다.
파친코 시즌 2,아기 모자수야 😍😍😍
파친코 시즌 2,시즌 1에 비해 지루한 감이 좀 있다.
파친코 시즌 2,"모자수 아역 뭐냐 한국어, 일본어 완벽하게 구사하면서 연기까지 잘해 ㄷㄷ"
파친코 시즌 2,시대상 그리는 원툴로 가던가 이도 아니고 저도 아니고 이번 시즌은 그냥 시간끌기 같은 느낌
파친코 시즌 2,느리게 스며드는 정적속의 시대극
파친코 시즌 2,파친코 시즌2
파친코 시즌 2,흥마진진
이혼숙려캠프: 새로고침,사람은 고쳐 쓰는게 아니라는데... 이젠 예능도 화를 내면서 봐야하는게 너무 피곤하네요
이혼숙려캠프: 새로고침,금쪽이부부들 캠프 와서 호되게 혼나지만 결국 끼리끼리라 깨달은 시간이 무색해지며 평생 저러고 살아야 하는 숙명인걸로..
이혼숙려캠프: 새로고침,자극적임 도파민 뿜뿜 욕하면서 보고 있는 나를 발견..
이혼숙려캠프: 새로고침,이걸보면 내 배우자에게 감사하게 됨
이혼숙려캠프: 새로고침,아.... 속터져요 근데 또 보게됨...
이혼숙려캠프: 새로고침,볼수록 화만쌓이는 프로그램 계속 타방송 나온사람들 출현시키기도 쉽지않을터
이혼숙려캠프: 새로고침,노잼
이혼숙려캠프: 새로고침,쎄다!
몽상가들,.
몽상가들,"셋(3), 이 세상에서 가장 불안한 수를 보여준 영화"
몽상가들,7살 호기심을 갖은 쌍둥이와 이방인의 묘한 동거...정보 오류와 젊음의 무모함이 얼마나 위험한지도 이 영화를 통해 알 수 있다...
몽상가들,"꿈꾸는 것을 넘어 꿈(영화) 그 자체가 되어버린 두 사람, 그리고 언젠가는 꿈에서 깨어나 현실로 돌아가야만 하는 우리의 이야기"
몽상가들,외설일까 예술일까 무엇을 표현하고자 한걸까..어설픈 세 청춘의 이상을 보여주기엔 외설적이라고 생각될 뿐이다
몽상가들,"어디까지나 깨어있는 ‘척’하는 아이들, 분위기 힙쓸려 하는 시위도 언뜻 천진난만, 단지 꿈과 생각만."
몽상가들,몽정가들
몽상가들,아무래도 나는 이 영화를 담을 그릇이 못 되지 싶다. 대체 왜들 이러는 겨...?
몽상가들,단순히 야한 영화로 취급 받는게 너무 싫다 어린아이 같은 불완전한 셋을 완벽하게 표현해 낸다
몽상가들,"영화로 영화를 만든다면, 철학으로 영화를 만든다면! 예술은 골방에서 생각하는 자들의 것인가, 거리로 나와 맞서 싸우는 자들의 것인가. We’re contagious!"
몽상가들,"꿈, 그리고 그 속에서 살고자 하는 그들."
몽상가들,"[몽상가들(2003)] - 20세기 피터팬들에 관하여 영화를 사랑하는 영화. 60년대의 누벨바그, 30년대의 아방가르드가 등장하는 반가운 영화다. 게다가 영화의 색감과 미장센은 ..."
몽상가들,그들의 이상에 참여할 수 없었기에...
몽상가들,더러워 보이지만 어떤것보다 끝없이 깨끗한
몽상가들,추천받았을 때는 무슨 저런..했지만 야한게 중요한건 아니었다
몽상가들,"영화 속 장면을 나두 따라하고 싶은 욕구. 20대 나를 둘러싼 세상에 처음 눈뜬 때. 혁명과 전복이란 담론에 지배 하지만 단지 몽상. 육체적 자유, 유럽 문화는 부러운게 많다."
몽상가들,꿈에 갇혀 있는 둘과 셋
몽상가들,정말 그때도 대단하다 생각했는데 지금 봐도 센세이셔널하긴 하다. 근데 뭘 말하고자 함인지 감독의 심오한 뜻은 잘 모르겠다
몽상가들,세 배우의 아름다움에 취해 갈 곳 잃은 스토리
몽상가들,에바그린과 3J 음악만으로도 만족
몽상가들,아름다운 꿈과 함께 금기도 없이 금지도 없이 평점8점
몽상가들,퇴폐적인 허세 그 자체의 영화.
몽상가들,뭐라는거야... 싶었지만 그런 분위기를 만들어내는 것도 아무나 할 순 없는 거겠지
몽상가들,꿈에서 깼다
몽상가들,"몽상과도 같이, 몽상처럼 봤지"
몽상가들,영화가 이들을 옹호하고 있다고 보는 순간 볼 수 있는 것들은 가려지고 만다
몽상가들,결국 그들은 어른이 될 것이다.
몽상가들,매튜는 어린애처럼 계속해서 꿈을 꾼다. 테오는 반항 그 자체에만 의미를 둔다. 이자벨은 옳고 그름에는 관심없이 테오만을 갈망한다.
몽상가들,나도 똑같은 생각을 하고 있어
몽상가들,방황하는 청춘들의 이야기인데 보는 내가 방황 & 당황한 스토리.
몽상가들,잘 모르겠다 멋진 척 하는 철부지들 이야기 같음
몽상가들,유럽만이 심취한 시대상의 로망과 현실. 배우들의 누드가 아니었다면 사실 매력이 없다. 원래 베르톨루치의 영화가 볼거리 없으면 시체. 에바 그린은 매력 넘치는데 연기를 여전히 못한다
몽상가들,"절대 만날 수 없는 꿈과 현실을 세 주인공 일상 속 불협화음으로 잘 그려냈지만, 넘을 수 없는 경계를 반복해서 보여주는 것에서 그친다"
몽상가들,"혁명, 청춘, 영화는 서로 다르지 않으며 행동해야하는 것이고 후회 할 수없는것이다"
몽상가들,"청춘과 사랑, 자유에 대한 갈망을 부르짓는 듯하지만, 영화적 혁명에 대한 농도 짙은 예술적 헌사."
몽상가들,"변화하는 사회와 개인의 삶 앞에서, 그들을 마주하기를 거부한 몽상가들이여."
몽상가들,예술과 인스타갬성 그 어딘가
몽상가들,"나의 선생님 한분이 떠올랐고, 테오와 이사벨에게 이입되었다. 하지만 아이같은 마인드로 평생 살고 싶다는 선생님의 말은 입시때와 지금의 상황으로서는 너무 다르게 느껴졌다."
몽상가들,솔직히 성장영화 그 이상의 느낌은 못 받았다
몽상가들,꿈 속에서 살아가는 사람들
몽상가들,"과거, 유년에 대한 애착"
몽상가들,경계와 또다른 경계 사이 뭉치고 흩어지고 다시 모아지는 말들. 배우의 매력을 끌어내려 노력하는 한편 때로 펑키하기까지 하다.
몽상가들,말 뿐인 이상과 섣부른 행위.
몽상가들,나도 나름 몽상가라고 생각했는데 아니었음
몽상가들,이런 영화를 어떻게 평하리오.
몽상가들,몽상은 결코 이상이 될 수 없음을..
몽상가들,자라나길 거부한 그들은 그저 몽상가일 뿐이었다.
몽상가들,이미지만이 남은 영화
몽상가들,불편한 현실은 잊고 꿈만 꾸고 싶었던 청춘들
몽상가들,비너스가 멋졌지.
도시남녀의 사랑법,"사랑할 때는 누구나 진실되고 싶지만 거짓말쟁이가 되고, 누구나 용감하고 싶지만 찌질이가 된다"
도시남녀의 사랑법,로코의 정석을 보여준!! 역시 정현정x김지원x지창욱!!! 완전 강추!!
도시남녀의 사랑법,찌질하지만.....찐사랑을 보여준. 드라마~ 이드라마보심. 지창욱배우님. 입덕합니다!!
도시남녀의 사랑법,사랑스러운데 왜 이렇게 얄밉지 로맨스 과몰입 불가 인간인데 과몰입했다
도시남녀의 사랑법,.
도시남녀의 사랑법,중간중간 인터뷰식으로 스토리가 전개되는 점이 신선하고 재밌었다. 공감되는 여주의 스토리와 호소력있는 페이스를 가진 남주의 연기가 더해져 물 흐르듯 감상했다. 완전 추천~
도시남녀의 사랑법,너무너무너무너무 왕재미요 이거보고 지창욱팬됐어요
도시남녀의 사랑법,"공감이 갔던 드라마입니다. 30대가 되니, 20대와는 다르게 사랑을 시작하기 전 상대방에게 작아지게 되는 경험도 하게 되고..차마 말하지 못하는 나만의 상처도 있고…"
도시남녀의 사랑법,보기 전에 기대 많이 했는데 그 이상은 아니였음 솔직히 조금 지루하긴 했는데 스토리도 풍부하고 배우들이 연기 너무 잘해서 끝까지 다 봄
도시남녀의 사랑법,한국식 로맨스 드라마 제작법 : 1. 미친년을 만든다. 그것도 존나게 미친년을 2. 그 미친년한테 뭔가 사연을 준다. 3. 남주랑 사랑에 빠지게 한다. 끝!!!
도시남녀의 사랑법,ㅋ
도시남녀의 사랑법,제목 잘 지은 거 같음. 그래서 그런지 연애하는 모습이 너무예쁨
도시남녀의 사랑법,그런 드라마 처음봤는데 신선하고 배우 미쳤어요 꼭보세여!
도시남녀의 사랑법,내가 본 지창욱 연기 중 정말 연애하는 줄 알았다.
도시남녀의 사랑법,양양가면 생각날거같은 도시남녀의 사랑법
도시남녀의 사랑법,재원이 같은 사람이 남편이라면 나는 최고로 행복해.
도시남녀의 사랑법,인생 최애 작품10번도 넘게 봤어요
도시남녀의 사랑법,기대이상으로 재밌었다. 주연 커플들은 흥미진진하게 재밌었다 로맨스도 굿! 소주연 김민석 조합은 입꼬리가 안내려옴..... 진짜 심하게 귀여움;; 둘이 한 번 더 찍어야해ㄹㅇ
도시남녀의 사랑법,"이 작품은 안본 사람은 있어도, 한번만 본 사람은 없다던 정말 숨어있는 보석같은 작품이라고 말하고싶다. 진짜 사랑에 설레고 두근거리고 싶다면 강추!! 박재원은 사랑입니다."
도시남녀의 사랑법,"신박한 진행방식과 좋은 편집 스타일 덕에 재미있게 봤다. 다만, 초반에는 흥미로운 전개였지만 갈수록 루즈하고 전개가 되지 않는 내용이 답답하다."
도시남녀의 사랑법,진실과 거짓 그게 사랑이든 아니든 누구나 다 가지고있을꺼라 생각이든다. 꾸며진 내모습을 보일때도 진실된 모습을 보일때도 있을꺼라는 생각이든 드라마인것같다.
도시남녀의 사랑법,보면서 나도 한번쯤 여주처럼 원래 나를 벗어나서 다른사람처럼 살아보고싶다?라는 생각이 들었어요
도시남녀의 사랑법,아니 점말 너무 재밓어여 원래 로맨스 잘 안보는데 쇼츠에 계속 뜨길래 봤더니 하루만에 정주행 했슴다
도시남녀의 사랑법,가장 아름다운 순간을 너와 다시
도시남녀의 사랑법,"1회가 색달라서 좀 어려웠음. 톡방에 있는걸 영상으로 보여준다고 생각하니까 인터뷰장면들이 이해됨. 모든 커플이 다 좋았고 배우분들, 영상, 스토리, ost까지 다 좋았음♡"
도시남녀의 사랑법,설레 미쳐 양양바이럴? 나도 캠핑카에서 한달살이 하고싶은 욕구가 솟구침 지창욱 미칭럼 저런남자 어디없나요^^
도시남녀의 사랑법,사랑이란.. 알게해주는작품.
도시남녀의 사랑법,무난무난하게 볼만했던 로맨스 드라마
도시남녀의 사랑법,"여름이면 생각나는 드라마. 인터뷰하면서 진행해서 신선했고, 각 태릭터들의 속마음도 들을수있고, 또 공유하는 특이한 전개여서 재밌었다. 배우들의 연기는 최고 그 자체다."
도시남녀의 사랑법,도시에선 솔직한 사랑을 할수없을 것 같다.
도시남녀의 사랑법,우연의 판타지와 다소 현실적인 고민이 어우러져 그들의 사랑을 흥미롭게 바라보게 된다
도시남녀의 사랑법,"양양바닷가 서핑, 북촌한옥마을, 성수동 힙한 곳에서 촬영되어, 가벼운 멜로를 보면서 배우미모에 장소에 힐링되는 기분.... 배우 연기 맛집이기도 하구요"
도시남녀의 사랑법,여름마다 다시보기하는 드라마.
도시남녀의 사랑법,자발적 솔로도 연애하고 싶어지게 만드는 드라마. 이 드라마를 보면서 생각했다. 나는 뜨거운 사랑을 해본 적이 있었던가...?
도시남녀의 사랑법,진심 이건 꼭봐야함 박재원 이은오 얼굴합만봐도 이미 완성형 드라마 찐연기자들 내인생드라마 박재원은 재라리~~~
도시남녀의 사랑법,드라마 구성이 색다르고 각 커플별로 다른 문제를 다루는게 좋았다. 이렇게까지 안 맞을정도야? 싶으면서도 끝내 다시 재결합해서 만족
도시남녀의 사랑법,인터뷰형식은 괜찮았으나 전반적인 내용이 루즈함. 조연 서사도 너무없고 빈약함. 제일좋았던건 은오가 윤선아가 될수밖에없었던 이유인데 이걸 뒤늦게 풀어서 초반몰입도가 떨어짐.
도시남녀의 사랑법,진부한 이야기이지만 신선한 척에 끌리는 게 사랑이야기지 [2021. 2. 16 화요일]
도시남녀의 사랑법,⭐️친구들이 인생 드라마라고 얘기한 이유가 있었다 양양에서 함께하는 박재원과 윤선아의 모든 장면이 다 예뻤다♡ 드라마 진행 방식도 인터뷰 형식으로 진행돼서 새롭고 안 질리
도시남녀의 사랑법,인터뷰 형식 회당 30분 안팎 괜찮은 캐스팅 조화 참신한(?) PPL 무겁지 않고..질질 끌지 않아서 좋았다.
도시남녀의 사랑법,지창욱의 달달한 연기는 정말 훌륭하다 25분짜리 짧은 드라마였는데 줄거리 탄탄했고 등장인물들 사이의 관계성도 탄탄했다 굿
도시남녀의 사랑법,"정말 좋은데, 왜 내 주위 사람들은 다 모르지?"
도시남녀의 사랑법,나를 사랑하는 방법
도시남녀의 사랑법,일반적 로코지만 독특한 형식으로 재밌게봤다
도시남녀의 사랑법,초반부 연애뽐뿌 오지는 드라마. 이번년도 로코중엔 제일 재밌게 본듯
도시남녀의 사랑법,너무 과장된 우연들만 아니었다면 더 재밌었을 것 같다ㅠ 그래도 새로운 방식으로 이야기들이 진행되었어서 좋았다
도시남녀의 사랑법,독특한 진행 방식에 킬링 타임용으로 보기에 좋았다. 중간에 루즈한 느낌만 빼면 괜찮았다.
도시남녀의 사랑법,우리들의 이야기를 보는것같아 좋았던 작품 모든 케릭터가 다 살아있고 아직많이 남은 우리들의 이야기 시즌2 하실꺼죠? 제발요??
도시남녀의 사랑법,재밌어요
도시남녀의 사랑법,재밌어용
영웅본색,아... 이시절 홍콩느와르를 주름잡은 최고의 역작
영웅본색,많은 이들의 인생영화.
영웅본색,매년 4월1일은 장국영을 생각하며 보게 되지만 사실 이영화는 역시 주윤발이다..
영웅본색,말이 필요없는 레전드...
영웅본색,"개봉한 지 수십 년이 지난 지금 보면 유치한 장면들이 많지만, 그들의 의리만큼은 지금도 뜨겁게 불타오른다."
영웅본색,"한 시대를 풍미했기에 가능한, 그렇기 때문에 그 시대를 놓친 영화들은 끝내 이보다 나아질 수 없었다."
영웅본색,"거의 40년이 지나서 봐도 낡지 않은. 시작부터 눈물만 흐른다. 따거, 제발 조준 사격 좀 해주세요ㅠㅠ"
영웅본색,그 유명한 브금이 틈만 나면 나와대서 실소가 터져나오지만 옛날영화임에도 불구하고 쭉 몰입해서 재미있게 봤다.
영웅본색,별점 매기기의 덧없음.
영웅본색,남자들의 의리가 이렇게까지 돋보이는 영화는 없을 것이다. 생각해 보면 조금은 오글거린다 싶은 장면도 있었지만 많은 사람들과 큰 화면으로 봤을 때의 전율을 잊지 못 한다.
영웅본색,홍콩 느와르 영화의 전성기를 이끌었다해도 과언이 아니다
영웅본색,식지도 않고 내내 불타오른다.
영웅본색,낭만적인 간지가 불타오른다.
영웅본색,처음 봤을 때가 잊혀지지 않는다. 영화 등장인물들처럼 의와 협이 넘치는 사람이 되고싶다.
영웅본색,진정한 용기
영웅본색,.
영웅본색,남자들이 환장하는 '우정'과 '형제애'를 뜨겁게 녹여내다
영웅본색,순간에 쫓겨살던 순간에 머무르는 순간들
영웅본색,지금보면 투박하지만 영화의 낭만은 여전히 뜨겁다
영웅본색,주윤발의 간지 하나면 충분하다.
영웅본색,코트 사러 가자. 내 영어 이름이 마크인 이유
영웅본색,멋지지만 올드했다!
영웅본색,성냥개비가 어떤 맛인지 처음 알게해준 영화
영웅본색,옛 감성과 OST만 듣고도 마음이 들끓는다.
영웅본색,단체 관람의 추억.
영웅본색,성냥 씹으며 돌아댕기며 그게 멋있는 줄 알았던 흑역사가 떠오른다.ㅎ
영웅본색,향수를 주는 유려한 액션신 만으로도.
영웅본색,낭만이란 경쾌함에 가려진 액션의 진미.
영웅본색,시대를 초월한 의리와 멜로의 향연
영웅본색,낭만 레전드. 지금 봐도 레전드다!
영웅본색,이제는 돌아올 수 없게 된 형제들의 뜨거운 ‘후까시’.
영웅본색,"지금 봐도 의리와 낭만과 간지가 느껴지는데, 개봉 당시에는 오죽했을까."
영웅본색,사나이들의 의리로 가득 찬 영화 그리고 수도 없이 들어본 익숙한 음악
영웅본색,느와르의 교과서.
영웅본색,홍콩 액션영화 원탑
영웅본색,이 점수는 2023년의 시각에서 줬다. 조잡하고 투박하지만 홍콩 영화 최고의 배우들이 활약한 홍콩식 느와르 영화 23.4.8
영웅본색,엄빠가 내나이때 본 영화를 엄빠랑 같이 보니까 신기하면서 또 그때 그나이때 애들이 왜 빠져들었을지 짐작이 되는 영화
영웅본색,우리가 홍콩 영화를 추억하는 첫 번째 이유.
영웅본색,담배연기와 함께 풍기는 그 시절의 감수성
영웅본색,주윤발 간지 철철 넘 멋있다
영웅본색,의외로 쏘쏘 첩형쌍웅이나 페이스오프가 더굿
영웅본색,영웅본색이라는 네글자만 보아도 귓가에 당년정이 맴돈다
영웅본색,지금 보면 구시대적이라 할 수 있겠지만 그 구시대적인 느낌이 없다면 이 영화가 지금과 같은 위치에 있었을까.
영웅본색,유명한 이유가 있는 대낭만영화
영웅본색,"트렌치코트와 담배를 챙기고, 우정과 의리를 걸쳤던 따거들의 화양연화."
영웅본색,"내 어린시절 최고의 영화,최고의 배우들....그립다"
영웅본색,그저 뒤끓는 영화
영웅본색,헹 행씨우씽 쪼이 와이 워 썽완뉜~
영웅본색,영혼으로 보는 전설의 상남자 영화
영웅본색,"“정의와 호의 사이, 돌고돌아 의(義)의 대답은 의리”"
LTNS,이상하게 재미있다 아니 대놓고 재미있다
LTNS,신선하네. 이런 스타일 드라마는 또 처음일세.
LTNS,이 드라마는 연기랑 대본이 진짜 좋다. 근데 연출이 더 좋아서 가끔씩 사람 미치게 한다.
LTNS,내용진짜무슨일이니 안보려고하는데 자꾸만봐지는 이매력은 어디서나오는거야 대체
LTNS,대사가 정말 주옥 같다. 👉👌
LTNS,이솜과 안재홍의 연기합이 미쳤고 너무 재밌어요 ㅋㅋㅋ
LTNS,대한민국 영화중 키스씬이 가장 화려한 영화!! 그저그런 로멘틱 코메디에서 발칙상큼한 범죄스릴러로 트랜스 폼하는 치밀하고도 짜임새 있는 이야기. 이솜의 현실적 섹시함이 새롭다!
LTNS,하이퍼 리얼 고자극 드라마~ 이제 이정도의 수위 정도는 되어야 답답함 없이 시원하게 볼맛이 난다고 말할수 있다^^ 잼있네요^^ㅎ
LTNS,저쪽 집이 무너졌다고 해서 구경하러 갔죠. 그런데 보고 오니 우리 집이 무너진 거예요.
LTNS,"LTNS(엘티엔에스, Long Time No Sex)"
LTNS,뭐가 남았는지는 모르지만 신선하고 재미있다
LTNS,"쫄깃한 대사, 탐스러운 연출, 그리고 찰진 연기."
LTNS,"청소년은 절대 보지말기로 ,, 🙈🙈"
LTNS,재미있고공감도가고~좋아옹
LTNS,재밌어요
LTNS,생각보다 훨씬 더 더티섹시 당황스러워 혼자 볼래
LTNS,유쾌하고 매력 있는 배우들
LTNS,현실적 판타지 대사는 노골적이지만 새련되게 다가온다. 2화까진 최고입니다
LTNS,쾌락말고 행복하라.
LTNS,발칙하고 앙큼했던 작품의 힘이 급격하게 무너지는 후반부에 아쉬움이 크다.
LTNS,"사랑은 몸도, 마음도 아닌 태도로 이뤄진다는 것을 알기 위해 얼마나 많은 사랑을 잃어야 하는지."
LTNS,당연한 것들의 반란을 지휘하는 연기와 연출.
LTNS,숨.보.명 숨어서 보는 명작
LTNS,사랑없이 할 수 있는 것들이 많지만 사랑없이 하고 싶지 않은 우리의 사랑이야기.
LTNS,에필로그처럼 나오는 결말에 딱히 공감이 되지 않아서 -0.5. 그 외에는 넷플릭스 미드가 한국 갬성으로 포장한 것처럼 보여 '스위티'했다.
LTNS,"섹스의 불시착, 현실의 돌직구"
LTNS,섹스리스부부의 리얼한 현실 고증과 대사맛이 미친드라마!! 이솜과 안재홍의 역대급 케미와 최고의 티키타카!!
LTNS,"믿고보는 우리 정봉...아니 안재홍 배우와 매력있는 이솜 배우의 만남은 언제, 어떤 작품에서도 기대되는 조합입니다. 넘 재미있고, 넘넘 기대되욧~♡♡♡"
LTNS,초 꿀잼이다. 빨리나와라 나머지
LTNS,불과 물로 표현하는 부부의 세계
LTNS,탁월한 세태 풍자극
LTNS,같은 곳을 바라보고 같은 꿈을 꾼다는 것.
LTNS,세련되고 깔끔한 연출과 적당한 선을 넘나드는 발칙한 대사에 빠져든다. 빠져들어..
LTNS,6화 집 안에서 비는 내리는 장면 신선하고 인상 깊었음 👍
LTNS,후반부로 갈수록 산으로 감
LTNS,섹스의 해부
LTNS,재밌어요!
LTNS,Tvn에서 하지만 과감하다고헐까 영화에서 볼만한 드립과 영상이였다 아직 보는중이지만 재밌어 다음화를 기다리는중
LTNS,오랜만에 딴짓안하고 집중하게된 드라마ㅋㅋ
LTNS,신선한 소재와 풍성한 전개와 웃음.
LTNS,왜 둘이 잘어울리는건데. 하면서 찐 부부 모먼트같은 느낌. 나는 그걸 훔쳐보는 것같이 조심하며봤다. 워낙 거침없어 좋았다. 이런연기 할수있는 배우들이 대단하다
LTNS,한집 살림의 스완송
LTNS,매력있고 한 화 한 화가 메시지를 줬던 작품
LTNS,그래 우리도 이런 거 나올 때가 됐다
LTNS,용두사미
LTNS,.
LTNS,볼만해요.소재 신선하고요
LTNS,세수 그것이 무엇이길래 …..
LTNS,마지막화를 보기 전까진 2.5~3.0점 사이를 오갔는데 이런 상황이 충분히 있을수 있겠구나 싶은 생각이 들면서 이러려고 빌드업했구나 라는 생각이 들면서 조금 더 높은 점수를 줬다.
LTNS,수작인데 홍보가 좀 성적인 면을 강조해서 그런가 유입이 잘 안된듯
펀치 드렁크 러브,관계 앞에 움츠러드는 배리의 모습 뒤에 여러 빛깔로 뭉그러지는 몽롱한 전환점들은 마치 사랑의 파장처럼 느껴졌다. 영화를 꽉 채운 포근한 풍금 소리는 배리가 애써 감추고 있는 두근거...
펀치 드렁크 러브,"솔직히 드러내면, 우리 모두 하자투성이잖아?"
펀치 드렁크 러브,내가 봤던 찐따 캐릭터 중에 단연 최고다.
펀치 드렁크 러브,"강력한 펀치를 얻어맞은 기분, 하지만 이 펀치를 사랑을 위한 것"
펀치 드렁크 러브,우리들은 그렇게 이상한 세상에서 서툴게 살아간다. 22.08.15 다시봄
펀치 드렁크 러브,미쳤다.에서 대단하다.고 바뀌는데 한 순간이였다
펀치 드렁크 러브,"영화를 영화로 영화만으로 모든 이야깃거리는 영화가 되고, 그것으로 충분하다. PTA라고 읽는다."
펀치 드렁크 러브,갑자기 낡은 풍금이 그에게 떨어진 것처럼 행복과 역경 모두 그에게 떨여졌다
펀치 드렁크 러브,PTA식 로맨스는 뭐가 다르구나
펀치 드렁크 러브,“내가 누구인지 알게 만들어 준 사랑”
펀치 드렁크 러브,이상해 웃겨 귀여워 바보 같아 근데 좋아 그게 펀치 드렁크 러브니까
펀치 드렁크 러브,모든 걸 잊어가도 너를 잃지 않을 게.
펀치 드렁크 러브,폴 토마스 앤더슨의 ‘펀치드렁크러브’를 보고 - 로맨틱 코미디 껍질을 뒤집어쓴 실험적인 영화에 대해서 1. PTA의 ‘펀치드렁크러브’를 봤다. 그의 작품 세계에서 이 영화는 ...
펀치 드렁크 러브,예술의 깊이가 아직 부족하다. 분명 아름답지만 서술하리만치 이해하진못했다만 연기는 정말 훌륭했다.
펀치 드렁크 러브,괴상함과 아름다움이 동시에 존재하는 PTA만의 사랑 동화.
펀치 드렁크 러브,"가장 이상한 사랑 영화이자, 가장 아름다운 성장 영화."
펀치 드렁크 러브,그래도 펀치 드렁크보다는 러브
펀치 드렁크 러브,이 영화를 도대체 어떻게 이해해야 할지.
펀치 드렁크 러브,말 그대로 PUNCH-DRUNK 에 빠진 채로 보는 듯한 영화. 정신 나간 남자를 보면서 내가 정신 나갈 것 같지만 귀여운 순정 사랑 영화다.
펀치 드렁크 러브,어디로 흐를지 모르는 전개때문에 그 어떤 서스펜스물 보다 긴장감 넘쳤다
펀치 드렁크 러브,"당신이 오르간을 내게 연주해 준다면, 난 당신의 그림자에 키스를 하겠어요."
펀치 드렁크 러브,불완전한 내게 손 내밀어주는 영화. 빛과 색의 사용이 너무나도 아름다웠다.
펀치 드렁크 러브,"글쎄, 내가 이 영화의 가치에 공감하지 못 해서 씨네필이 되지 못 하는 걸까? 그래서 뭘 말하고 싶은지 잘 모르겠다."
펀치 드렁크 러브,여자 형제들 틈에 자란 남자가 기 펴지 못하는 트라우마는 한국적 정서인 줄 알았는데 인류 공통인가보다. 미국식 순정남을 재밌게 그렸다.
펀치 드렁크 러브,맥락없는 스토리가 가장 잘 설명해주는 사랑에 빠지는 과정
펀치 드렁크 러브,뭔가 꿈 같은 붕 떠 있는 느낌의 영화
펀치 드렁크 러브,공감이라곤 할 수 없게 만들어진 불안하고 우울한 사랑. 소리가 잘 나지 않는 부서진 풍금이라도 자기에 걸맞는 연주는 된다. 2016년
펀치 드렁크 러브,.
펀치 드렁크 러브,난 관심이 아니라 사랑을 받고 싶었어
펀치 드렁크 러브,"커피를 싫어하면, 쌍화차를 좋아하면 어떡해?"
펀치 드렁크 러브,배리: 배리는 헬시 초이스가 좋아! 에브리데이 영 라이프 헬시 초이스~ 레나: (배리가 기뻐하는 것 같다. 배리와의 인연이 깊어진 것 같다.)
펀치 드렁크 러브,세상에는 이런 이상한 사랑도 있다는걸 내가 알아야 할까?
펀치 드렁크 러브,폭풍처럼 휘몰아치는 미친듯한 사랑이야기
펀치 드렁크 러브,나와는 맞지 않았던 정신없는 로맨스
펀치 드렁크 러브,극히 달콤한 비주얼과 감독 특유의 작법이 이끌어내는 강렬한 사랑 영화.
펀치 드렁크 러브,영화 전체에 깔린 기이한 리듬감에 인물은 답답하고 애처로운데 웃기고 사랑스럽기까지 하다. 이토록 기묘한 에너지를 뿜어내는 사랑 영화를 만들 수 있는 사람이 PTA 말고 또 있을까.
펀치 드렁크 러브,소심하고 억눌러져있던 주인공이 갑자기 생기는 교통사고처럼 사랑에 빠지면서 변화하는 이야기. 20년 전 작품이라 현시점에서 보기엔 조악한 측면이 있음. 굳이 찾아볼 필요는 없어보임.
펀치 드렁크 러브,사랑의 힘이란
펀치 드렁크 러브,그녀는 아무렇지도 않잖아
펀치 드렁크 러브,사랑이 주는 힘은 정말 엄청나구나
펀치 드렁크 러브,"지금, 아직도, 영화가 선사할 수 있는 최선의 사랑, 이성 연애-남성-편."
펀치 드렁크 러브,잊지 못한 매그놀리아의 기억. 이전의 개구리비보다 풍금소리는 훨씬 사실적이다.
펀치 드렁크 러브,작년 프랭크 오션의 코첼라 인터뷰가 생각나는..
펀치 드렁크 러브,휘청거리는 인생을 구원하는 건 사랑이라는 이름의 더 묵직한 펀치 한 방일지도
펀치 드렁크 러브,로코를 빙자한 성장 드라마.
펀치 드렁크 러브,사소한 것을 크게 느낄때 흡착되는 감정폭의 크기를 고스란히 담아내는 폴 토마스 앤더슨의 거대한 똘끼.
펀치 드렁크 러브,PTA 특유의 개성이 그대로 반영된 로맨스 영화
펀치 드렁크 러브,이상하지만 낭만적인 사랑 이야기
펀치 드렁크 러브,"시종일관 약에 취한듯 이리저리 휘둘리고 정신없지만, 한편으론 너무나 아름답고 귀여우며 사랑스럽다."
펀치 드렁크 러브,반틈 초현실 위에서 단단히 발 딛고 선 아담 샌들러의 명연.
괴물,"심오했어요,입장에 따라 달라지는 시각이 신선"
괴물,내시선에 갇혀서 가치판단하고 있지 않나 돌아보게 해줌
괴물,"이 영화를 보고도 ""아이라서 그래"", ""크면 달라져"" 와 같은 병든 말들을 하는 사람들의 마음에 불지르고 싶다."
괴물,누군가 괴물일까 영화 내내 찾으려하는 내가 제일 괴물같다.
괴물,일본영화 괴물 정보 출연진 평점 줄거리 결말 리뷰 해석 고레에다 히로카즈 왜곡된 시선과 진실
괴물,"고레에다 히로카즈의 <괴물> 속 우주는 계속 팽창하며, 마침내 모든 것이 무너지면 시간은 되돌아간다. 그렇게 우리의 관점도 역전된다."
괴물,누군가를 온전히 이해하기 위한 수많은 오해들이 어찌보면 답답할수도 있지만 결국은 이 모든것이 행복하기 위한 몸부림이란걸 이해하는 사람이 얼마나 될까? 햇빛이 눈부셔 눈물이 났다
괴물,첨 봤을때 너무 충격적이어서 아직도 한강물에 그림자 생기는지 한강 갈때마다 쳐다봄.
괴물,어른들의 좁은 시선을 여러 번 겹쳐서야 보이는 두 아이의 넓은 세상
괴물,각자의 선입견과 시선의 폭력성을 보여줌.
괴물,영화를 통해 자신의 민낯을 확인하는 기이한 경험.
괴물,괴물을 찾고 있던 내가 괴물이었다.
괴물,누구에게도 말하지 못하는 비밀이 있을 때는 크게 후~하고 불어봐. 몇 명만 가질 수 있는건 행복이 아니야. 누구나 가질 수 있어야 그게 행복이지
괴물,"괴물은 누구인가? 독점의 진실을 감추는 것, 편린으로 진실을 꾸며내는 것. 진실 따위가 법칙이라 믿는 우리에게 마음이란 건 있는가?"
괴물,'괴물은 누구인가?'라는 질문이 '누가 괴물을 만들었나?'로 바뀌는 순간 관객들의 머릿속 물음표는 느낌표로 바뀔 것. 고레에다 영화의 색깔이 약하다는 점은 다소 아쉬움으로 남는다.
괴물,영화제목 <괴물>의 대명사를 바꾸어 놓은 힘. 세상을 사랑하는 힘.
괴물,기둥 뒤에 공간 있어요
괴물,"다시 한 번 물어본다. ""괴물은 누구인가?"""
괴물,"짜임새 좋은 시나리오, 정리된 연기와 음악, 감탄을 부르는 감독의 역량까지 관람 내내 놀랍고 여운 길었던 영화"
괴물,최악
괴물,"모든 게 수상했지만, 결국 모든 게 이해됐다."
괴물,우리나라만 이런줄 알았더니.. 일본도 삶은 비슷하네..
괴물,"모두가 돼지인 세상이라면, 인간은 어디있는가"
괴물,교사집안 자년데 어디 하나 불쾌하지 않은 데가 없었음
괴물,"어차피 이 모든게 세상이 잘못된 거라면, 굳이 그들을 위해 변명해줄 필요 없지 않을까? 공허한 포장지가 위선처럼 느껴진다. 3막은 진짜 좋다."
괴물,"자, 이제 누가 괴물인가?"
괴물,괴물은 없었고 모두가 똑같은 인간이었다.
괴물,말할 수 없는 것들은 그냥 후 불어버려...
괴물,모두가 괴물일 수 있고 모두가 괴물이 아닐 수도 있다는 것을 보여준 영화
괴물,"침묵이 만드는 오해, 그래야만 하는 씁쓸한 사회."
괴물,황금종려상을 받은 후 프랑스와 한국을 경유해 다시 <라쇼몽>의 고장으로 돌아간 고레에다 히로카즈의 역작
괴물,"진실을 찾아 나서보지만, 결국 어느 곳에도 악당은 없었다."
괴물,오해와 이해
괴물,내가 너희 열둘을 택하지 아니하였느냐 그러나 너희 중의 한 사람은 마귀니라 하시니 이 말씀은 가룟 시몬의 아들 유다를 가리키심이라 그는 열둘 중의 하나로 예수를 팔 자러라.
괴물,조금 심오하긴 했는데 재밌었어요
괴물,삐뚤어진 시선으로 쌓는 위태로운 탑 . 붕괴만이 답인가?
괴물,시간의 흐름에 따라 달라진 내 편견조차 그 빗물에 씻겨짐 받을 수 있었으면...
괴물,나의 편협했던 사고를 반성하다
괴물,단편적인 사실 만으로 무언가를 판단하고 단정 짓는게 이렇게나 위험한 일이었다니..
괴물,2023 최고의 영화입니다.
괴물,보면 볼수록 이상하게 스트레스가 쌓이는 영화.
괴물,아이들의 순수함을 의심한 채 괴물을 찾은 내가 괴물 같다.
괴물,보면 볼수록 몰입하게 되는 영화. 아무정보도 없이 본 나를 칭찬한다
괴물,최고의 영화.
괴물,단 한편의 인생영화를 꼽는 다면 바로 이것입니다
괴물,한 번쯤은 볼만한 가치가 있는 좋은 영화.
괴물,인생 최고의 영화
괴물,사실상 이 사건의 가장 큰 문제는 당사자인 학부모랑 선생이 직접 대화를 하겠다는데 사이에 가로막고 서서 '서로 사과하고 받아주고 좋게 끝냅시다'하는 일본 사회의 '나가요쿠' 정신.
괴물,"20일 쯤 전에 괴물을 처음 봤고, 오늘이 되어 다시 보기까지 내내 이 영화를 생각했다. 여러번 봐야 하는 영화다. 다시 보니 보이는 부분들이 소중하다."
괴물,달려!
