﻿movie_title,review
30일,나만 재미없었나? 언제 재밌어지는건지 계속 기다려도 기다려도 안나와서 ㅠㅠ
30일,뻔할 수 있는 내용을 뻔하지 않게 잘 비틀어가면서 그려낸 영화. 진짜 너무 웃겨서 깔깔 웃으면서 봤다 아직도 웃김ㅋㅋㅋㅋ
30일,"영화 스스로 '뻔한 클리셰야! 그치만 재밌어!'를 외치고 있고, 배우들의 묵직한 연기력이 그걸 끌고 가는 영화. 강하늘이라는 뼈대와 정소민이라는 살 없이는 한없이 가벼워졌을 수도."
30일,"흔한 스토리에서 벗어날려는 노력도 충분히 보이고, 솔직히 이 작품보고 로코물에 빠지기 시작했다!"
30일,"감독 배우들 모두 반쯤 돌아있는, 로코의 탈을 쓴 극한직업."
30일,환장로맨스ㅋㅋ 공감도되고 간만에 엄청 웃었네요😁
30일,더도 덜도 바라지 않으니 딱 이만큼만 만들면 부담 없이 볼 수 있겠다는 생각이 드는 로맨틱 코미디.
30일,판단력이 떨어지면 결혼을 하고 이해력이 떨어지면 이혼을 하고 기억력이 떨어지면 재혼을 한다는 명언을 그대로 실천.
30일,영화 겁나 재미짐. 뻔한 스토리인데도 이리 재밌게 잘 만들기 있음 ㅋㅋ
30일,로맨스에 혀가 저릴정도의 단맛이 꼭 필요한이유
30일,이혼하러가는날 기억상실이라는 설정 너무 좋다 그리고 뻔하지 않으면서 뻔했던게 의외로 재미있는 효과를 가져온다 무엇보다 배우님들의 연기가 좋은영화!
30일,재미있는 코미디
30일,지루할만하면 툭툭 던지는 소소한 개그와 묘하게 코미디가 잘 어울리는 강하늘의 연기가 돋보였다.
30일,두 사람의 케미가 좋고 전작<위대한 소원>부터 쌓아온 유머도 안전빵
30일,막 새롭고 신선하지는 않지만 하지만 뻔한전개는 벗어났다 억지 웃음을 자아내는게 아니라 편안하고 재미있게 볼 수 있었다 그리고 소민배우님은 예뻣다 :)
30일,The chemistry is amazing and the story is good.
30일,흔하다고 생각할 때쯤 비틀어버리는 개그 오랜만에 크게 웃었습니다 배우들의 케미도 너무 좋아요
30일,기억상실로 인해 서로 이혼 할 위기에서 다시 시작해보는 로코. 나에겐 로맨스도 코미디도 다가오지 않았다.
30일,가볍게 친구랑 웃으면서 보기 좋은 영화였어요!!
30일,변박적 병맛에 능한 캐릭터 코미디.
30일,로맨스를 유쾌하게. 로코는 원래 그런거야.
30일,빗소리와 함께 좁은 우산 안에서 가까워지는 두 사람
30일,"바보 같은 우리사랑, 우리사랑 이대로 영원히."
30일,가볍게 보기 좋은 요즘 세대 유머코드
30일,"로맨스 코미디에 기억상실 소재를 들이부어 웃음 불바다를 만들었다 거를 타선 없는 주 , 조연 배우들의 웃음 타율 최고!"
30일,우리나라 로맨스 코미디 상위를 당당히 차지할 작품
30일,뻔한듯 안뻔한듯 괜찮음
30일,"유쾌한 로맨스와 코미디, 주연 배우의 연기합도 좋음."
30일,"한국 로맨스의 정석이 너무 베였지만, 코믹함이 한 가득이여서 웃으면서 보았습니다, 특히 마지막에는 인연에 대한 소중함도 느껴졌습니"
30일,과하지 않은 정직한 코미디.< 친구 연인 원수> 좋은 기억과 나쁜 기억은 독립적인가 침범하는 걸까?
30일,"예상했던 전개와 결말, 그래도 재밌으니까!"
30일,너무 재밌다고 해서 내가 너무 기대한건가! 나는 그리 빵빵터지지는 않던데. 내가 웃음코드가 부족한걸지도? 지루하지 않게 보기는함.
30일,오랜만에 영화관에서 재미있게 본 영화 코미디는 극한 직업 이후로 기대 없었는데 가족들이랑 남자친구랑 깔깔대고 봄 ㅎ 유치할 법 한데 재미있음 취향저격 제대로
30일,너어어어무나도 현실적인 결혼생활 뜨끔한다 진짜
30일,30일 90일
30일,재밌어요
30일,장모님의 솔로홈런 두 방!
30일,뻔하지만 뻔하지 않은 뇌빼놓고 보기 좋은 영화
30일,오랜만에 정말 기분좋은 영화 한편 봤네요.. 어찌나 많이 웃었던지 두 배우의 밝은 기운 보는 내내 좋았어요 ㅎㅎㅎ 조연들의 연기도 밝고 좋았어요 혼자보기 아까워서 가족들이랑 한번더
30일,좋은 기억은 빨리 휘발되기 마련.
30일,뻔한데 동시에 뻔하지 않은 로코 그 자체!!
30일,쌓인 먼지를 걷어내는 동안에도 우리의 시간은 겹겹이 쌓이네.
30일,다시 보기 어려울 것 같은 로코 수작
30일,개웃김.ㅋㅋㅋ 정소민이 이렇게 사랑스러웠나?
30일,이제 러브 코미디 연기에는 도가 튼 정소민.
30일,그 당시 볼 게 없어서 기대를 많이 하지 않고 본 영화였는데 작년에 영화관에서 본 영화중에 제일 기억에 남았어요 로코인줄 알았는데 로코보다는 그냥 코미디에 가까워요 ㅋㅋ!!
30일,이 커플 지지합니다.
30일,"전형적인 로맨스 코미디물에서 코믹을 좀 많이 가미해 연기보다 대사가 재밋는 영화, 찌질 연기 넘버원 강하늘, 망나니 연기 넘버원 정소민 둘의 미워 할수 없는 환장 케미 강추!"
30일,총 2번 관람하였습니다 첫 관람때는 웃느라 시간 가는 줄도 모르고 봤고 두번째 관람 떄는 스토리를 아고 보니 또 다른 느낌이였습니다. 200만 축하드립니다.
30일,소재가 신선하고 보는내내 재밌는 부분이 많았다. 유머 코드가 안맞는 사람들도있지만 나는 이런 유머코드를 좋아하여 간만에 재밌게 본 영화!!
퍼펙트 데이즈,세상에는 무례와 비매너에 화내는 동안 놓쳐지는 순간의 아름다움이 너무 많다. 비일상도 일상도 모두 내 세상이다. 나의 세상 안에서 부디 찰나의 아름다움을 다시는 놓치지 않기를
퍼펙트 데이즈,완벽하지 않아서 이미 완벽한 삶
퍼펙트 데이즈,"인생의 빙고 한 줄, 그렇게 우리에게 주어진 어느 멋진 날."
퍼펙트 데이즈,그림자를 아는 사람들의 해를 삼키는 하루하루의 철학
퍼펙트 데이즈,지금까지 올해의 최고작! 나이들어서 주인공처럼 늙을수 있으면 좋겠다고 생각했다 정갈하고 깨끗한 화면과 아름다운 음악이 좋다! 나도 일상의 가벼운 루틴속에서 하루 하루를 살아가고파
퍼펙트 데이즈,"웃고 있는데 울고 있다면, 울고 있는데 웃고 있다면, 당신은 완벽한 일상을 보내고 있다."
퍼펙트 데이즈,반복되는 일상이 지루하지 않은 이유
퍼펙트 데이즈,완전한 날이란 없다 하지만 불완전들 속에서 살아가기에 지루하지 않다
퍼펙트 데이즈,"기쁨이란 찾아오는 것이 아니라, 찾아내는 것."
퍼펙트 데이즈,반복과 여백이 겹겹이 쌓이면서 발견하게 되는 행복
퍼펙트 데이즈,소소한 일상의 행복과 도쿄의 갬성이 아름답게 어우러진 수작
퍼펙트 데이즈,"찬란하게 빛나는 찰나. 성실하고, 자기 일에 열심이며, 단정하고, 생명을 사랑할 줄 아는 인물의 매력. 음악이 굉장히 좋다. 인간에 대한 따뜻하고 애정 넘치는 시선이 사랑스럽다."
퍼펙트 데이즈,당신의 매일에 인사와 응원을..
퍼펙트 데이즈,잃어버린 ‘코모레비’를 찾아서 <퍼펙트 데이즈>
퍼펙트 데이즈,"습관처럼 읽던 책도 졸음 같은 고비를 이겨내고 결말을 맞이하듯이, 완벽한 날을 오르는 나의 여정도 언젠가 정상의 풍경을 마주하겠지?"
퍼펙트 데이즈,퍼펙트 데이즈
퍼펙트 데이즈,내 몫의 소신을 가지고 정갈하게 살아가기.
퍼펙트 데이즈,"완벽하지만 강박적이지 않은, 관조적이지만 에너지가 느껴지는. 문득, 높은 하늘과 코모레비를 바라보는 외로움. 그런 위로."
퍼펙트 데이즈,"닮고 싶지만 따를 수 없는 삶에 대한 동경, 살아보지 않았으나 그리운 삶에 대한 애틋함."
퍼펙트 데이즈,소소한 일상도 완벽하겠지만...공감이 가지는 않는
퍼펙트 데이즈,종려나무는 바다의 그림자를 꿈꾸는가
퍼펙트 데이즈,완벽하지 않은 하루는 오직 그 순간에만 느낄 수 있다
퍼펙트 데이즈,작위적이고 감상적인 장면들을 즐길 수 있다면.
퍼펙트 데이즈,불행해보일수도있는 평범한일상에 나를 녹이다..
퍼펙트 데이즈,주인공을 관찰하는 내가 마치 주인공인 것처럼 생각하게 되는 신기한 경험
퍼펙트 데이즈,"힐링영화도, 슬픈영화도 아니다. 삶의 양면성을 잘 담아낸 작품 같았다."
퍼펙트 데이즈,구석구석 촘촘히 직조한 히라야마 씨의 일상과 그의 과거사를 언뜻 비치게 하는 내러티브에 빨려든다. 흑백으로 보여주는 '코모레비'의 여운이 길다. 빔 벤더스. 2023. 4.5
퍼펙트 데이즈,기대하며 잠들고 웃으면서 일어나는 하루는 누가 만드는 것인가
퍼펙트 데이즈,지금 이 순간만 느낄 수 있는 평범한 일상에 대한 찬가
퍼펙트 데이즈,내가 생각하는 완벽한 하루
퍼펙트 데이즈,"반복되는 소소한 일상으로 삶이 고착된 듯한데, 지금에 와서 그 날들을 떠올려보면 그 하나하나가 얼마나 찬란하고 충만한, 그리운 날들인가…"
퍼펙트 데이즈,아픈 그림자를 거의 완벽히 가린 삶. 태도로 진정한 변화를 만들 수 있다는 가능성
퍼펙트 데이즈,함축적이고 서정적으로 표현한 그의 하루지만 뒤로 갈수록 너무 직관적으로 표현해서 아쉽다 엔딩의 줌인은…올드보이 오마주인가…? 외국인 감독에의해 퇴색된 일본 특유의 감성이었다
퍼펙트 데이즈,"일본풍, 예술모방영화. 영상미나 특유의 문화를 잘 녹여낸것같다. 이자카야에서 소리끄고 틀어놓을만함.."
퍼펙트 데이즈,엄청 시원하고 맑은 물에 내 눈과 뇌를 씻어낸 기분. 이 영화 덕분에 나의 평범한 일상이 앞으로는 선물처럼 느껴질 것 같아
퍼펙트 데이즈,퍼펙트 연출과 연기
퍼펙트 데이즈,하루하루 살아내고 살아가야 하는 숙명에 대한 거장들의 찬가
퍼펙트 데이즈,상처도 겹치면 짙어질까
퍼펙트 데이즈,지금은 지금
퍼펙트 데이즈,생각해 보니 일상이 영화가 될 수도 있겠구나
퍼펙트 데이즈,"나뭇잎 사이로 비치는 ""지금 이 순간""의 찬란함."
퍼펙트 데이즈,기쁨과 아름다움도 우리의 일상이란 뒷받침이 있었기에 체감할 수 있는것
퍼펙트 데이즈,충만한 순간과 흐름이 모여 나날이 되다(4.0)
퍼펙트 데이즈,순간순간 하루하루 소중한 작은 행복
퍼펙트 데이즈,반복되는 일상 속 찾아낸 행복과 감사
퍼펙트 데이즈,"내 방식대로 살아온 완벽했던 하루, 하지만 하나씩 생긴 균열이 나를 변하게 만들었고 그 균열 또한 나의 또다른 일상이 되었다"
퍼펙트 데이즈,소소한 일상에도 이는 잔잔한 물결. 나뭇잎 사이에도 비치는 햇살.
퍼펙트 데이즈,반복되고 특별할 것 없지만 일상이 주는 작은 행복. 나의 슬픔마저도 행복 안에 있음을.
퍼펙트 데이즈,"어떤 일을 하는게 뭐가 중요할까반복되는 일상의 한줄기 빛, 바람, 나무..음악과 책이면 족한 완벽한 하루이거늘."
퍼펙트 데이즈,존재하지만 존재하지않는 그림자 같은 이들에게. KOMOREBI 같은 순간을. - 내일 아침은 아메리카노가 아닌 달달한 BOSS커피를 함께 하고 싶다.
듄,영화는 스케치북도 자신만의 전시회도 아니다
듄,"내용도 내용이지만, 특유의 웅장함이 좋았어요."
듄,미리 복습하고 봐야 훨씬 재밌게 볼 수 있음
듄,웅장함. 거대한 세계관 👍👍
듄,.
듄,<듄> 드니 빌뇌브답게 써 내려가는 묵시록의 서막
듄,"압도적인 영상미, 눈을 뗄 수 없는 연출. 본인만의 스타일 확실한 SF 영화."
듄,취향 아닌 사람에겐 너무나 긴.......
듄,155분짜리 <듄: 파트2> 예고편.
듄,역사에 획을 긋다.
듄,거듭할 수록 빠져드는 세계관
듄,화면에 꽉차는 웅장함과 셰계관에 손꼽는 영화.강추임
듄,생각보다 영화의 배경이 웅장하고 티모시 샬라메가 너무 멋있었어욯ㅎ
듄,듄 파트2 예고편을 이렇게 길게 만들다니!
듄,아트레이데스!! 시즌2에 레토 안 나오겠지ㅠㅜ재밌고 진짜 너무 예쁘지만 사전정보가 없는 관객에겐 너무 불친절한 영화
듄,앰비언트 지하드.
듄,세계관이 장벽이네요ㅠㅠ 근데 영화관에서 봐야될 영화긴해요...재밌든 재미없든
듄,재미가 없다.
듄,"아이맥스로 봐야 할 영화. 영상미로는 올해 본 영화 중 가장 만족스럽다. 다만 관람 전, 스트레칭은 꼭 하고 가시길... 4시간 짜리 영환 줄 알았다..."
듄,심오하면서도 인상깊은 작품. 꼭 영화관에서 봐야 하는 영화입니다.
듄,듄이 나오는 시대에 태어난 게 행운이다
듄,듄 세계관은 게임으로 알고 있다곤 해도 서사가 너무 길고 진행이 더디다. 볼거리는 충분하나 러닝타임이 긴게 저주처럼 느껴진다.
듄,2편이 기대된다
듄,볼때마다 다름 감탄을 하게 하는 미장센과 사운드 디자인
듄,웅장한 만큼 세계관이 꽤 복잡하게 느껴졌다. 영화의 러닝타임을 제외하고도 내가 봤던 SF 영화들 중 가장 오래 기억에 남아 있다.
듄,충격으로 다가온 또 다른 미래의 세상에 내가 두 발 딛고 서 있는 느낌.
듄,온가족이 재밌게 봄.
듄,스케일과 분위가 좋다
듄,듄려워말라 듄려움은 정신을 죽인다
듄,배우들이 연기를 잘 하여 몰입감이 ㄷㄷ
듄,"듄2를 위한 빌드업. 듄 세계관과 종교, 철학 등을 어느 정도 알고 보면 감독이 무엇을 표현하고 했는지 이해하는데 도움이 될 것 같다. 영화만으로 접했을 때 지루하다고 느꼈다."
듄,듄을 보는 순간 스트레스 만땅~~~~
듄,새로운 세계를 맞이하기 위한 집약적 마음의 준비
듄,오래된 바통을 기어코 받아든 드니 빌뇌브 감독이 촬영한 웅장하고 전율 돋는 서막
듄,웅장한 대서사시에 모래바람속 모래가 아닌 무언가가 있는만큼의 액션
듄,"상업영화 잘 안보는편 2시간짜리 예고편이란 말 알것같음 이제 좀 스토리가 진행되나 싶을때 끝남 모래 씹히는것 같다는 말도 댕공감 내내 허연모래, 티모시악몽암시, 뭐 별내용없음"
듄,"방대한 세계관, 설정 등이 흥미롭다 하지만 2편을 위한 빌드업인지 별 내용이 없어서 아쉽"
듄,기나긴 예고편
듄,반지의 제왕 이후로 끊겼던 대서사시의 명맥을 이어버리다.
듄,원작 시기 상 어쩔 수 없었겠지만서도 동양인의 정체성을 가진 나는 불편했던 게 사실
듄,다 좋은데... 일반관에서는 반도 못 즐긴다는게 좀 많이 아쉬움...
듄,빠져들지 않을 수가 없는 장엄한 세계관과 분위기
듄,장대한 대서사시의 위대한 시작
듄,웅장하다고?.. 긴장감은 제로. 이미지와 사운드로 압도해버리기. 이제 진행되려나 싶었는데 투 비 컨티뉴!
듄,내 입 속에 모래가 씹히는 기분
듄,특유의 건조하게 쌓아올린 비주얼들이 일종의 하드보일드를 표현하는듯 하다.
듄,My dune
듄,거대한 대작의 시작을 알리는 영화.
듄,이름값에 걸맞는 무게감이 돋보인다. 거대한 이야기를 성급하지 않게 묵직히 끌고나간다. 속편이 벌써부터 기대되는 영화
듄,시간이 지나도 다시 보고 싶을 명작
별들에게 물어봐,드라마계에선 새로운 장르라 일단 기대하면서 시작해봅니다
별들에게 물어봐,작가와 연출 배우가 전작의 의리로 민난것 같은데 우주를 소재로 너무 잘못된 선택을 한 게 아닐까 크게 후회할것이다
별들에게 물어봐,신선하긴한데ㅎㅎ 이제 3회 4회는 터트려줘야 될듯
별들에게 물어봐,대사나 연출이 산만함. 다만 우주 관련 씬은 그럴싸했음.
별들에게 물어봐,시간이 아깝다
별들에게 물어봐,기대됩니다
별들에게 물어봐,남주에 비해 여주가 유난히 나이들어 보여서 몰입이 깨진다
별들에게 물어봐,공효진 배우의 드라마 흥행불패 신화가 깨질수도...
별들에게 물어봐,현재까지는 너무 과한 기대를 했다고 생각이 드는 시점이다.
별들에게 물어봐,올굿! 어떤 사람들은 자연스러움을 산만함으로 혼동하는 경우가 있는듯 하다. 그 자연스러움에 늘 한표... 소재 연출 촬영 다 새롭다. 우주 시트콤이 가능한거였구나...
별들에게 물어봐,재미 있어요 앞으로~정주행하고 봐야 겠어요 올만에 본방사수 해볼려고요 😆
별들에게 물어봐,40대 늙달이들의 우주로맨스라니. 에휴
별들에게 물어봐,쿨해보이고 싶어서 무리수 농담 던지는 부장님같은 드라마
별들에게 물어봐,1화 초반부터 스토리 이상한데 싶었는데 점점 이상함 공감안됨
별들에게 물어봐,솔직히...1 2회는 어찌어찌 어? 어~~이럼서 봤는데. 3회부터 놨어요...ㅠㅠ
별들에게 물어봐,신선하긴 한데 딱히 재미는 없는…
별들에게 물어봐,"우주가 배경이면 뭘 하나, 눈쌀찌푸려지는 대사들이 너무 많은데."
별들에게 물어봐,스토리 이게 실화임? 2화 중간보다 일단 포기
별들에게 물어봐,500억에 이배우들 가지고 찍은 공상과학 시트콤… 왜 .. 도대체 왜..
별들에게 물어봐,애매한 망드가 아니라 그냥 망드임 배우들 아니었으면 안봤을 드라마
별들에게 물어봐,"단 3화만에 할 말을 잃게 만들었습니다. 2021년 CJ의 우주망작 드라마, 다크홀의 계보를 잇는 작품이 5년 채 되지 않아 등장하였습니다..."
별들에게 물어봐,우주선이라는 한정된 공간과 지구라는 한정된(?)공간을 대비시키며 두축으로 스토리를 이어나간다. 두주인공이 우주선에 있으니 한쪽 축으로 무게가 기운다. 다만 배우들의 연기로 커버한다
별들에게 물어봐,"노잼임. 공효진 너무 올드하고, 이민호 연기도 한계가 있음."
별들에게 물어봐,아쉽다 이민호가 돌아온것은 반가웠는데 공효진은 역시 연기잘인데 계속 볼 수는 없다
별들에게 물어봐,CG가 의외로 자연스러워서 잘 봤습니다. 연기들은 원래도 잘 하시고요.
별들에게 물어봐,공간의 제약이 주는 답답함이란 한계가 신선한 스토리와 배경을 뛰어넘기엔 버거워 보인다.
별들에게 물어봐,"좋은 소재와 신선함이 있지만 너무 짜침. 8화가 남은 것에 놀라움.하지만 끝까지 볼 예정, 얼마나 더 사랑을 할지 궁금."
별들에게 물어봐,1.2화 보다가 중간에 탈주 했다.. 너무 재미없...
별들에게 물어봐,Masterpiece!! The team of WTSG are incredible!! Congratulations to all the team!!
별들에게 물어봐,돈은 많이들인거 같음 각본이랑 연출이 말아먹은
별들에게 물어봐,ㅋㅇㅋㅇㅋ 무슨 내용이죠?ㅋᩚㅋᩚㅋᩚ 공효진배우님때문에 보고있긴한데ㅋᩚㅋᩚㅋᩚ
별들에게 물어봐,한마디로 욕 나오게 만든 올해의 최악의 들마 이딴 삼류 쓰레기 로맨스에 돈을 쓴 제작사가 제 정신이 아닌것 같음. 저질 연출에 개연성 없고 형편없는 스토리라인 미스캐스팅.
별들에게 물어봐,시시콜콜하다 이젠
별들에게 물어봐,내용 기대했는데 갑자기 산으로 가는 느낌은 아직 초반이라 그런거나~~
별들에게 물어봐,출연자와소재가 좋아보여 시작했는데 진짜 소재와 출연자만 좋았다 1화 중간부터 뭐지 싶다가 마지막까지 … 바로 보고 있는 영상 리스트에서 삭제했음
별들에게 물어봐,기대보다 실망
별들에게 물어봐,1화땐 로코를 감안해서 재미있었고 2화땐 처참했으며 3화땐 진전이 있기를 바람. 그놈의 유전자
지금 거신 전화는,잘 참고 보다가 아르간에서 무너짐
지금 거신 전화는,무거울줄 알았는데 가볍고 유쾌한면이 또보게 만드는 힘을 준다
지금 거신 전화는,웹소설 같은 드라마. 묘하게 유치한데 매력적임.
지금 거신 전화는,둘의사랑을 응원합니다
지금 거신 전화는,좋았는데 마지막회에 산으로 가버렸다 ....
지금 거신 전화는,수어로 말할 때가 더 매력적인 드라마.
지금 거신 전화는,유연석 배우가 이렇게 연기력이 뛰어났나 싶을 정도로 감탄하며 한회한회를 봤어요. 너무 재미있는 스토리에 배우의 연기력까지 너무 재미있게봤어요👍🏻
지금 거신 전화는,유연석 연기 너무 잘함..❤️
지금 거신 전화는,유치하고 오글거지리만 이런장르는 그맛에 보는거임 ❤️❤️❤️
지금 거신 전화는,내 인생남주!!!!!!!!
지금 거신 전화는,말도 안되는 전개지만 연기력이 납득시킴
지금 거신 전화는,기대감 없이 본다면 마지막까진 볼 수 있을것이다
지금 거신 전화는,답답합니다
지금 거신 전화는,여주가 너무 이쁨……..
지금 거신 전화는,더 이상의 반전이 있을 수 있나? 싶을 만큼 반전의 반전이 계속되는 드라마. 흥미진진해서 계속 보게 되는 매력이 있음
지금 거신 전화는,나쁘진 않은데 애매~
지금 거신 전화는,유연석과 채수빈의 진실게임. MBC는 OTT와 대항하기 위해 웰메이드 스릴러 드라마로 승부수를 던짐.
지금 거신 전화는,인소 감성을 구현해낸 드라마
지금 거신 전화는,웹소설 속 집착광공절륜남주를 현실로 적당하게 잘 데려와서 너무 재미있는 작품 ( 참 좋았는데 마지막회의 존재 이유? 마무리가 아쉽다)
지금 거신 전화는,만화 원작이여서 그런지 재밌네. 만화 보는 느낌적인 느낌스~^^
지금 거신 전화는,😍
지금 거신 전화는,드라마가 전체적으로 유치한데 재밌음 너무 진지하게 말고 재미삼아 보면 완전 재밌음
지금 거신 전화는,만화 같은 내용이다. 대사도 현실성 없지만 시청자가 원하는 장면은 다 줬다. 설득력있게 연기한 배우들이 너무 잘했다. 그 매력에 재밌게 봤다.
지금 거신 전화는,유연석이 이러한 캐릭터도 잘 할 수 있구나 느낀 드라마. 소재도 특이해서 원작을 찾아보게 만든다.
지금 거신 전화는,유연석이 캐리하는 드라마
지금 거신 전화는,유연석 겁나 섹시함ㅋㅋㅋㅋㅋ근데 이제 오글거림을 곁들인
지금 거신 전화는,오글거려서..
지금 거신 전화는,유연석 키스만 생각남
지금 거신 전화는,초반에는 진짜 반전도 많고 재미있었는데 뒤로 갈 수록 이야기가 달라지는 느낌 그래도 배우들 연기도 잘하고 스토리도 나쁘진 않아서 끝까지 다 봤음
지금 거신 전화는,12부작이 너무 굿초이스~~
지금 거신 전화는,유치한데 대놓고 유치해서 보게되는 이상한 매력
지금 거신 전화는,시간들여 보기엔 내 시간이 아깝고. 밥친구나 딴짓하면서 보기 좋은 유치함
지금 거신 전화는,주연들 연기가 빛났다
지금 거신 전화는,대사가 너무 오글거리고 내용이 약간 어려웠다. 하지만 두 배우의 캐미와 연기는 매우 좋았다.
지금 거신 전화는,웹소설 보다가 보니 처음에는 별로 였는데 보다보니 괜찮음
지금 거신 전화는,우리가 알고 있는 클리셰의 묘미
지금 거신 전화는,지상우x나유리 난 진짜 서브파야
지금 거신 전화는,배우들 연기가 탄탄해서 오글거리고 유치하지만 계속 보게 된다
지금 거신 전화는,너무 재미있게 잘봤어요!! 유연석님 연기 잘하는거 알고있었지만 이번엔 특히 더더 최고였어요! 행복했습니다🎈감사합니다!!
지금 거신 전화는,11화까지는 재밋게 봤는데 마지막화는 도저히 못보겠어서 껏음...
지금 거신 전화는,유연석의 재발견
지금 거신 전화는,사공육과 전화할 때는 재미가 우상향.
지금 거신 전화는,오글거리고 난해할 수 있는 대사를 완벽하게 소화한 유연석. 사랑스럽고 애달픈 희주를 완벽하게 소화한 채수빈.
지금 거신 전화는,1~4화는 진짜 압도적 몰입감👍
지금 거신 전화는,사언희주 아니 유연희주 상우유리 행복하자 🌄
지금 거신 전화는,"지금 본 작품은 몰입력 👍, 구성도 👌, 엔딩은 🤏."
지금 거신 전화는,재밌있어요!
지금 거신 전화는,원작과 변형된 줄거리가 더 흥미로운듯
지금 거신 전화는,손 발이 오그라들면서도 계속 보게 된다
지금 거신 전화는,진짜 이런 부부얘기 너무 설레요 눈물의 여왕처럼 부부간의 찐 사랑 모먼트 드라마 사랑해요 연기를 너무잘해요
더 이퀄라이저 3,"나이 감안하고 평가하자 리암니슨,브루스윌리스,덴젤워싱턴,성룡이 아직 액션영화를 찍는것만으로도 그냥 감사히 보고 존경심을 가져라"
더 이퀄라이저 3,천천히 달아올라 빠르게 식어버린다
더 이퀄라이저 3,액션의 폭발력은 떨어졌지만 빌런의 입장에서 볼때 호러영화속 살인귀에 버금가는 절대 이길수 없는 존재로 묘사된 '로버트 맥콜'의 캐릭터는 한층 더 업그레이드되었다.
더 이퀄라이저 3,전작에 비해 서사가 길어져서 지루하게 느껴지고 이제 몸이 둔해진 듯 느껴짐..
더 이퀄라이저 3,"짜임새있던 1,2 시리즈에 비해 갑자기 잉?스러워진 퀄리티, 감독이 이탈리아에 가고싶었던걸까?"
더 이퀄라이저 3,긴장감이 1도 없다
더 이퀄라이저 3,액션보다 이탈리아에 더 관심이 많은 영화
더 이퀄라이저 3,나는 이곳이 좋아졌다.
더 이퀄라이저 3,최종장이라기엔 힘이 없는 연출과 액션 그리고 노쇠한 배우
더 이퀄라이저 3,액션보다 휴머니즘
더 이퀄라이저 3,이탈리아 시칠리아 섬의 아름다움을 느낄 수 있다. 이 아름다운 곳을 범죄와 연결시키다니. 주인공의 응징을 설득력 있게 하기 위함인가. 식당에서 한손으로 제압하는 장면 통쾌함.
더 이퀄라이저 3,두 남녀주인공 과거에 맨온파이어에서 같이 나왔는데 그투샷을 다시보네..내용은 익숙한.. 존윅과는 다른느낌의 킬러.. 스타일이 앞서는 존윅보단 투박한 느낌에 더 끌린다..
더 이퀄라이저 3,그냥 저냥 별로
더 이퀄라이저 3,"화려한 영상과 계속되는 액션 시퀀스는 존윅 서정적 영상과 서사, 연기로 완성되는 액션은 이퀄라이저3"
더 이퀄라이저 3,스토리는 매우 단순하며 액션은 느리고 미적지근하다
더 이퀄라이저 3,제발 덴젤워싱톤은 늙지않았으면 ㅠ 내겐 아직도 말콤x 닉크 모베터블루스의 그 모습 그대로만 기억난다 ㅠㅠ
더 이퀄라이저 3,감성을 자극하는 액션드라마 영상미또한 아름답다
더 이퀄라이저 3,묵직하고 담담하게 Kill
더 이퀄라이저 3,범도4를 봐서인가..기시감이 ㅋㅋ 아무도 대적할수 없는 존재 그러나 유머는 빠지고 휴머니즘 가득이라 범도보다는 취향이다
더 이퀄라이저 3,기존 시리즈보다 스핀오프 느낌이 더 드는 작품. 덴젤 워싱턴의 나이를 고려했을 때 더 효율적인 전개였다는 생각도 든다.
더 이퀄라이저 3,입맛에 맞는 시리즈였는데 이제 맥콜 아저씨를 떠나보내야 한다는 게 아쉽다.
더 이퀄라이저 3,Netflix
더 이퀄라이저 3,"존윅만큼 죽이진 않지만, 존윅보다 짜릿하다"
더 이퀄라이저 3,"액션과 스릴을 원했지만, 나온 건 고어 뮤비"
더 이퀄라이저 3,"어차피 익숙한 맛, 굳이 색다른 양념 뿌리지 않는다."
더 이퀄라이저 3,짧은 런닝타임에도 불구하고 분노를 쌓아가는 서사가 루즈해서 시계를 쳐다보게 됨. 그럼에도 불구하고 빌드업된 분노가 터지는 응징의 클라이막스들은 여전히 스타일리시하고 매력이 터진다.
더 이퀄라이저 3,야속한 세월에도 흘러넘치는 매력.
더 이퀄라이저 3,"덴젤 워싱턴의 세월이 야속하지만 시리즈만의 분위기, 컨셉은 잘 유지하고 있는 더 이퀄라이저, 시리즈가 계속 됐으면 좋겠지만 점점 힘을 잃어가는 남주, 범죄자들의 처단을 이어가길"
더 이퀄라이저 3,이제는 정형화된 이퀄라이저에 시칠리아의 감성 한 스푼. 응징은 약간 싱거웠으나 억울한 이들에게 익명의 해결사는 언제나 필요한 맛이다.
더 이퀄라이저 3,시리즈의 팬이라면 추천. 하지만 기대하고 보기엔 너무 뻔한 스토리.
더 이퀄라이저 3,시원한 액션만은 볼만하다. 이태리는 선진국이다. 내용은 그냥 무시하다.
더 이퀄라이저 3,중반부까지의 호흡이 느리고 후반부가 너무 짧다.
더 이퀄라이저 3,전직특수요원도 사람이다. 마지막으로 쥐어짜낸 통쾌 참교육
더 이퀄라이저 3,배우의 나이(69세)를 고려한 탓인지…
더 이퀄라이저 3,"2024-04-07 / 027 / 사두사미의 결정판. 시작도, 중간도, 끝도 밋밋하고 평범하다"
더 이퀄라이저 3,맥콜과 함께하는 이탈리아 여행.
더 이퀄라이저 3,엄청 재미있어요~~
더 이퀄라이저 3,정의 구현은 잔인하면 할수록 언제나 옳다.
더 이퀄라이저 3,무엇보다 시원 통쾌합니다. 최고의 시리즈 중의 하나!!
더 이퀄라이저 3,여전히 통용되는 스파게티 웨스턴 식 서사.
더 이퀄라이저 3,한결 힘빠진 이야기
더 이퀄라이저 3,조금 약하긴한데 그럭저럭 볼만한
더 이퀄라이저 3,이탈리아는 무슨 막장 동유럽권 국가처럼 되어버림
더 이퀄라이저 3,"적과의 액션은 줄었지만 사람을 생각하는 범위는 늘어난 듯, 존윅과는 또 다르게 발전하는 시리즈"
더 이퀄라이저 3,역시 겐젤워싱턴 👍🏻 늙어도 멋있다 덴젤 워싱턴식 액션 최고! 정의의 사도 💕
더 이퀄라이저 3,잔혹한 블랙 산타의 선물
더 이퀄라이저 3,더 정적이고 묵직하고 깊은맛
더 이퀄라이저 3,내사 나이든 만큼 덴젤워싱턴도 나이가 많이 들었네. 어마 무시한 총 싸움보다 더 무서운.. 여전히 지루한 전개는.. 어쩔..
더 이퀄라이저 3,재미게
더 이퀄라이저 3,분위기만으로 조짐
365일,생각보다 선정적이고 생각보다 황당하다.
365일,점 하나만 찍어놓고 “이건 영화입니다”고 설득력없이 외치는 중.
365일,그저 야하고 도발적인 영화를 보겠다는 일념을 제외하고는 이 영화의 존재가치를 논할 길이 없다.
365일,"이거 야하대, 소리에 궁금해서 봤는데 불쾌했다."
365일,돈을 많이 들이면 이런 포르노를 찍을 수 있다
365일,평가할 가치조차 없다
365일,세상에서 없어져야 할 영화를 가장한 폭력적인 남성향 포르노의 집약체.
365일,365번 본 것처럼 진부한데 괜히 무겁기까지.
365일,생각을 포기한다
365일,어디를 짚든 왜라는 것을 빼야 진행된다
365일,모든걸 다 내려놓고 그냥 보게되는 에로틱 스릴러
365일,남자 주인공이 멋지다는 입소문에 봤는데 영화가 무슨 내용인지 이해가 안간다. 눈요기 위한 영화인가?
365일,아니 분명 허락 없이는 몸에 손 안댄다더니????? 개소리하네 진짜ㅋㅋㅋㅋㅋㅋㅋㅋㅋㅋㅋㅋㅋㅋㅋㅋㅋㅋㅋㅋㅋㅋㅋ
365일,남주 어쩔.. 나쁜남자인듯 하면서도 순정파인듯.. 2탄? 시즌2까지 나오쟈마쟈 봐버렷다능ㅋㅋ
365일,쓰레기
365일,시간날림;
365일,2020-09-12 / 죄송합니다. 야하다는 소문을 듣고 봤습니다. 이딴 영화가 <넷플릭스>에서 1등을 했었다는게 믿어지지 않습니다.
365일,그냥 야한 동영상
365일,무언가를 정당화할 수는 없다.
365일,호기심 충족을 위해 수많은 코멘트를 무시한 대가.
365일,민망한 웃음을 주는 변태들.
365일,그레이가 이 정도 선정성은 있었어야 하는건데...거기다 남주도 이 사람 갖다 쓰지.... 2020.07.25
365일,개연성 없고 오로지 에로틱하게만 만들려고 노력한 것 같은 영화였음 왠지 모르게 야동보는 느낌이었음 본 거 살짝 후회중
365일,.
365일,...
365일,뭐지 이건… 남주와 여주의 밸런스가 심각
365일,솔직히 야하지도 않아...
365일,꽃보다 남자를 보는듯한 이느낌. 모두들 혐오하며 스토리가 왜 이러냐 욕하지만 모두가 알고 있으며 모두가 끝까지 다 봄 ... 얼유로스트 벱비뷔걸~?
365일,어른을 위한 영화. 기억될먼한 내용은 없어요.
365일,"지나치게 섹시(-_-)하다는 평가나 납치, 성폭력 미화 논란 등을 차치하고 일단 재미가 없다."
365일,이 정도면 50가지 그림자에 충분히 비견될 만하다.
365일,리디북스 19금 로설을 화면에 옮긴 듯한 개연성 제로의 설정이지만 남주의 섹시함으로 멱살 잡고 끌고 감
365일,"넷플릭스가 원했던 <그레이의 50가지 그림자> 시리즈인 것은 확실하나, 스톡홀름 신드롬을 바탕으로 할 필요까지는…"
365일,다들 넷플릭스의 베이비걸이 되는 건가?
365일,좋아요
365일,그레이 커플보단 섹시한 여성향 판타지
365일,Are you lost?
365일,성인이니까 봤지....미성년이였다면 안봤을거야.
365일,진짜 어른들의 대환장파티
365일,'365'일 - 섹스보다 쇼핑?
365일,소설 원작이라는데 이런 스토리도 책으로 나오나요? 어쩜 이리 유치한지;;;
365일,재밌긴 하지만..서사 개연성이..안타깝다..
365일,범죄로 물들어진 영화 그래도 납치는 좀 아니지 않냐...
365일,-
365일,스토리는 부실하나 영상미는 우수함
365일,야하고.. 남주 목소리좋고 잘생 내용도 오그라들지만 괜찮
365일,남주가 너무 잘생겼어요 영화 대사 중에 신이 빚은 얼굴과 몸매에 악마가 빚은 으흠 큼 그런 이야기가 나오는데 신이 빚은 얼굴과 몸매는 정말 장담함
365일,?
365일,걍 ㅅㅅ영화
365일,야함
엘리멘탈,사랑은 그 무엇도 이겨낼 수 있드아~~
엘리멘탈,진짜 아이들과 보기 좋았던 엘리멘탈 영상부터시작해서 너무 예쁘고 재밋는 이야기 아이들 꼭 추천합니다👍👍
엘리멘탈,"픽사 일냈다 원소들의 마을이라는 설정도 신선했는데 꿈을 향해 나가는 마음 물과 불의 사랑 부모의 마음... 이건 애니에 인생이 들어있다 ""마음의 소리를 못 들으니까 화가 나는거야"
엘리멘탈,"이곳에서 저곳으로, 흐름과 멈춤을 조화롭게(3.5)"
엘리멘탈,감독이 이 영화를 부모님께 보내는 러브레터라고 한 이유를 알겠다
엘리멘탈,4원소가 살아가는 엔리멘탈시티~!! 극과극인 불과물의 러브스토리 잔잔하게 감동주는 이야기ㅎ 즐겁게 흐뭇하게 봤다ㅎ
엘리멘탈,색감도 이쁘고 내용도 괜찮은 영화
엘리멘탈,이민 부모세대와 자식세대의 이야기를 신선한 상상력에 빗대어 표현하다니 감탄했다~ 개봉 1년이나 지난 뒤에 드디어 봤는데 개봉당시 핫했던 이유가 있었구나 👍
엘리멘탈,"눈과 귀과 즐거웠고, 앰버와 웨이드의 둘의 이야기 뿐 아니라 가족애가 돋보였던 작품. 특히 웨이드 가족 너무 웃겼다"
엘리멘탈,스스로를 가두려고 하지 마!
엘리멘탈,엘리멘탈
엘리멘탈,따뜻하면서도 재밌는 영화 힐링하기 좋았다.
엘리멘탈,차별의 추상화라는 한계
엘리멘탈,애랑 볼 수 있는게 이거 뿐이라 아무생각없이 봤는데 보다가 그냥 울었음 다시 보는데 또 눈물이 나는 감동이 있는 좋은 작품!
엘리멘탈,"뜨거웠던 나를 따뜻하게 만들어준 그의 손길 인간의 감정 , 영혼을 뛰어넘어 지구를 이루고있는 물,불,흙,바람의 이야기에 웃픈 사회성을 녹여내 훌륭하게 만들었다 👍🏻👍🏻"
엘리멘탈,로튼지수는 역시 안 믿는 것이 옳다.. 이민자의 삶을 살짝 가볍게 표현하여 누구나 볼 수 있게 만든 픽사의 창의성이 돋보이는 애니메이션
엘리멘탈,K-장녀로 태어났는데 왜 나는 웨이드네 식구들처럼 눈물 광광 속성을 지녔는가! 물불 안가리는 상상력과 다정함에 그동한 애니메이션이라고 보지 않고 있던 나의 편협함을 한번 더 반성.
엘리멘탈,너무나 평이해져버린 픽사. 그러나 그 평이함이 단점으로 작용할 순 있어도 이 영화를 싫어하는 이유가 되지는 못했다.
엘리멘탈,은유가 너무 직접적이고 주제나 이야기가 너무 교훈적인데다가 고루하기까지... 이민자 가정의 세대 갈등을 2023년에도 하는 건 너무 진부하다.
엘리멘탈,한 장면 한 장면에서 불꽃놀이처럼 팡팡 터지는 아이디어들
엘리멘탈,나 애니메이션 좋아하네..
엘리멘탈,픽사의 웰메이드 <빅 식>
엘리멘탈,원소들에게 이렇게 감정이입을 하게 될 줄이야...
엘리멘탈,이과 감성은 잠시 접어두고 꺼내보는 문과 감성
엘리멘탈,독창적인 비주얼을 가진 세계관이 시대가 필요로 하는 공존과 화합에 메시지와 함께 총천연색으로 탄생하였다.
엘리멘탈,물에 스며들어 번지는 사랑과 빛에 반사되어 더욱 빛나는 불같은 자유의지.
엘리멘탈,그래서 웨이드 같은 남자는 어딜 가야 만날 수 있는데?
엘리멘탈,섞일 수 없어보이는 수많은 속성에 전하는 깊은 통찰 “괜찮을 수 있지 않을까?”
엘리멘탈,"이민자들의 이야기, 너무나 한국적인 것들이 보여서 신기하고 재밌었다"
엘리멘탈,"알고보면 더 재밌는 원소들의, 우리들의 이야기🎀"
엘리멘탈,너무 한국적인 내용이라 든든한 된장찌개하나 먹은거같음..
엘리멘탈,남녀노소 누구나 재밌게 볼 수 있는
엘리멘탈,"앰버와 웨이드의 손이 마침내 닿아 끓어 오르는 순간, 내 가슴도 마침내 끓어올랐다."
엘리멘탈,마음에서 먼저 반응하는 너와 나의 화학작용. 준수한 픽사표 애니메이션. 주토피아나 인사이드 아웃에 비해선 살짝 기대이하.
엘리멘탈,"#💧🔥 각자를 가두고 있는 정체성의 감옥. 물처럼 흘러나오거나, 불처럼 태워버리거나."
엘리멘탈,여전히 반짝이는 픽사의 상상력
엘리멘탈,추천할 만한 가벼운 아시안(이민자)의 이야기
엘리멘탈,따뜻한 애니매이션 좀 지루한데 볼만하다
엘리멘탈,앰버같이 사는 주제에 웨이드같이 울며 봤다 231013
엘리멘탈,"뻔한 이야기를 더 뻔해 보이게 만드는 유치한 컨셉, 딱히 눈이 즐겁지도 않았다"
엘리멘탈,어울리지 않는것들의 아름다운 조화를 느끼게 해준 영화 영상미와 색감 보는 내내 웃음 짓게 만들었던 영화임
엘리멘탈,힝...노래 너무 좋잖아 ㅠㅠ 찐사랑 너무 좋잖아아아
엘리멘탈,원소라는 흥미로운 세계관과 귀엽고 아름다운 건 다 모아둔 것 같은 영상미 2023년도에 본 영화 중에 가장 감동적이었다고 단언함! 우리가 안되는 이유는 백만가지지만 나는 널 사랑해
엘리멘탈,불과 불 다른 원소가 서로를 이해하고 섞여가는 과정이 인상깊었다. 중간중간 영상미나 OST도 좋았음.
엘리멘탈,어떤 형태든 사랑이 다 이겨 ❤️
엘리멘탈,또 사랑으로 이해해달라는 애매해져버린 차이의 존재
엘리멘탈,픽사가 드디어 정신 차렸네
엘리멘탈,너무 기대를 하고 봐서 그런가 기대이하였음.. 보고 울었다는 사람이 많았는데 눈물 글썽이는 장면두 없었다..! (코코 보고 오열한 1인..!)
엘리멘탈,최근 본 영화중에 스토리 그래픽 ost 다 이렇게 완벽한건 처음
엘리멘탈,"이런 연출을 한다는게 대단하고 내가 물과 뷸은 아니지만 성질들에게 몰입하면서 본 영화,, 물과 불 함께해"
