﻿movie_title,review
데스티네이션 웨딩,말 이렇게 많이 하면 살 빠질 듯
데스티네이션 웨딩,비관주의자들을 녹이는 사랑이라고 막연하게 말하는 영화
데스티네이션 웨딩,뭣 같은 세상에서도 사랑이 가능하다.
데스티네이션 웨딩,'비포 선라이즈' 연애고자 버전
데스티네이션 웨딩,너무 늦게 나온 비포 선라이즈 아류작 근데 보는 내내 존 윅 생각나더라 ^^;
데스티네이션 웨딩,흉측한 재롱
데스티네이션 웨딩,"찌질함이 가득하게 묻어나는 이 난감하고 더티한 수다파티가 마냥 구질구질하거나 답답하지만은 않다. 어디로 튈지 모르는 이 미친 뒷담화를 엿듣고 있노라면, 정말이지 두배우의 짝짝꿍에 ..."
데스티네이션 웨딩,우리에겐 절박하게 사랑이 필요해
데스티네이션 웨딩,수다가 와닿지 않는 영화
데스티네이션 웨딩,결혼식에서 처음 본 남녀가 사랑에 빠진다면?
데스티네이션 웨딩,티격태격 시크남녀의 썸 원 라이크 유
데스티네이션 웨딩,끊임없이 말한다. 단 두 사람만!!
데스티네이션 웨딩,존윅의 비포선라이즈 따라잡기
데스티네이션 웨딩,데스티네이션 웨딩
데스티네이션 웨딩,이들이 뭔 말을 하는지 자막만 읽기도 버거울 정도의 수다
데스티네이션 웨딩,자막 읽느라 정신얷이 봤다. 키우느리브스를 너무 막 쓴듯..ㅜㅜ
데스티네이션 웨딩,위노나 라이더
데스티네이션 웨딩,<데스티네이션 웨딩> 우리 이대로 엮일 운명이란 말인가?
데스티네이션 웨딩,"'데스티네이션 웨딩'을 보며 가장 먼저 떠오른 것은 우디 앨런이다. 우디 앨런스러운 타이틀 카드부터, 위트있지만 다소 찌질하며 사회성이 부족해보이는 사람들의 수다와 호흡을 잡는 방..."
거미집,"다 본 후, 감독 이름 김지운 세 글자에 절로 고개가 끄덕여진다. 점점 미쳐가는 감독처럼 관객도 미쳐야만 즐길 수 있는 이토 준지식 코미디."
거미집,영화 속 영화 거미집을 장편으로 더 보고 싶다. 빵터지기는하는데 명절에 이 영화를 선택할지는 의문이네.
거미집,이상한 순간들
거미집,"70년대 영화제작 현장을 엿보는 재미, 극중극인 거미집 영화의 전편을 보고싶어짐 오정세배우의 캐릭터가 너무 웃겼는데 반대로 전여빈 배우의 캐릭터는 좀 이해가 안됐음"
거미집,웃긴데 씁쓸하다
거미집,"블랙코메디가 취향에 맞는다면 볼만한 영화. 배우들의 연기는 좋고, 예술은 어렵다. 거미집 같네."
거미집,시드니 영화제에서 봄
거미집,"컬러와 흑백, 연출과 연기, 볼만했지만 모르겠다. 웃긴 웃었는데,,, 영화자체가 나에게 호인지 불인지 아직도 모르겠다는.."
거미집,정말 독창적인 작품. 알면 알수록 대단하다. 대중들의 평가나 기준이 너무 편협. 가혹한 건 아닌지..?
거미집,1970년대 트라우마를 직접 이겨내는 감독
거미집,영화 보는 내내 예술병 걸린 남감독이 자기만의 걸작 세계에 빠져 부리는 똥고집 보는 것 같아서 보기 힘들었음...
거미집,타오르는 영화의 초상 혹은 결국 타오르지 못해 태워버릴 수 밖에 없었던 어느 감독의 자화상
거미집,영화와 영화 속 영화의 경계 없이 재미있는 이야기로 돌아온 김지운 감독님의 멋진 복귀
거미집,삼류 감독의 고해성사 혹은 가짜 예술가는 어떻게 진짜가 되었는가
거미집,연기보는 맛이 있는 영화.집중해서 보지 않으면 정신사나워서 무슨 스토리인지 모를지도...근데 집중해서 봤어도 무슨 의미로 찍은 영화인지 잘 모르겠음..
거미집,시종일관 밀어붙이는 유쾌스러움과 홀로 덩그러이 남아있을 때 고통을 감내하는 감독의 역할이란.
거미집,그럼에도 불구하고 카메라를 멈추면 안 돼.
거미집,창작이란 무엇인가
거미집,"김 감독은 끝까지 자신의 작품이 완벽하다고 여기지 않는다. 마지막 촬영이 끝나고, 관객과 처음 만나는 순간에서도. 예술은 그렇게 미완성 투성이다."
거미집,영화라는 탈을 쓴 욕망으로 달리는 기차
거미집,"A 이 영화는 한국의 바빌론이다. 바빌론이 할리우드에게 바치는 헌사라면, 거미집은 한국 영화에 대한 헌사."
거미집,모두 상상 못할 깜짝 놀랄 영화를 만들거야!
거미집,재미있는 영화. 시나리오도 좋아합니다.
거미집,막장콩가루 영화가 취향일 때 생기는 별점
거미집,"야망이 알을 깨고 의무가 되었을 때, 야망이 한 데 모여 타래가 되었을 때."
거미집,범재의 입장에서 겪는 창작자의 고뇌.
거미집,광기로 써내리고 집념으로 빚어야만 벗어날 수 있는 창작의 굴레.
거미집,오타쿠의 당사자성 메타발언 코미디
거미집,미친 시대였기에 가능한 미친 영화 만들기.
거미집,"대한민국 각본계에, 막장계에 신세계를 열었다."
거미집,흑백영화 싫어하는데 거미집은 흑백씬이 더 재밌네
거미집,"영화가 삶이고, 삶이 영화인 자들의 발버둥"
거미집,영화 결말을 향한 불 같은 마음이 결국 태워버린 것은 무엇일까
거미집,타오르는 감독의 초상을 자신의 초상으로 만들고 싶었던 자의 자기위로
거미집,두개의 영화를 보는 기분. 변화무쌍한 캐릭터들의 생동감 넘치는 부딪힘들이 다양한 장면들을 선사한다. 개인별점은 - 3.8/5.0
거미집,뭔가 이상함
거미집,"영화관에 가서 영화를 봤었고, 나는 이 영화에 나온 샹송을 아직도 꺼내 듣는다."
거미집,"참신한 내용, 좋은 촬영."
거미집,흥행하기엔 한계가 명확한 소재였지만 작품 자체로만 보면 재밌고 잘 만들었다고 생각한다. 최소 김지운 이름값은 충분히 함.
거미집,잘 만들어진 블랙코메디
거미집,잠시나마 영화계에 들어가볼 수 있었다
거미집,재밌었지만 난해할지도
거미집,하다만 이야기.. 뭘 말하려고 한거지? 이야기가 덜컥덜컥 대서 집중이 안된다..
거미집,"창작의 앞 뒤에 놓인 수많은 가시들, 사로잡은 불꽃과 넘실거리는 고민"
거미집,완성도 높은 연극 무대를 본듯한 생동감 넘치는 영화.
거미집,"자신의 능력을 증명하기 위한 창작자의 고뇌. 거미, 엄마, 감독"
거미집,하나의 작업을 위한 소동극. 그래도 그 안에서 펼쳐지는 열정에 박수를
거미집,김지운 감독의 최고작
거미집,"영화 속 영화, 이야기 속 이야기가 흥미로운 작품 배우들의 케미도 좋았음"
거미집,"임수정의 연기가 인상적이었다. 예고편에서 기대를 많이해서 그런가 별로였다. 색다르긴 했지만 ""재미있는"" 색다름이 아니라 그냥 영화촬영장을 보고온 기분."
선재 업고 튀어,변우석이 선재여서 너무 고마운 드라마
선재 업고 튀어,올해 최고의 인생작. 김혜윤 연기의 흡수력이 최고임. 안본사람은 있어도 한번 본 사람은 없을거임. OST도 최고임.
선재 업고 튀어,"쫀쫀한 스토리에 숨겨진 떡밥, 복선을 찾아가는 재미가 쏠쏠하다. 김혜윤 배우의 흡입력있는 연기력과 변우석 배우의 91년생임이 믿기지 않는 청춘 비주얼, 아름다운 색감까지 묘미이다"
선재 업고 튀어,인생작입니다 너무 재밌었어요 캐스팅 찰떡!
선재 업고 튀어,"우리가 찾던 바로 그 청춘 로맨스물. 안 본 사람은 있어도 한번만 본 사람은 없는, 늦지않게 정주행해야 하는 작품. 연출진의 계산된 연출과 각본이 유치하지 않은 설렘으로 다가온다."
선재 업고 튀어,내 인생 첫 덕질의 길을 열어준 작품! 선재 그 자체였던 변우석 배우에게 빠져보세요~
선재 업고 튀어,요즘 선재업고 튀어에 빠져있습니다. 그 이유는
선재 업고 튀어,탄탄한 서사와 배우들의 연기력이 더해져 너무 재밌게 봤습니다 아련한 첫사랑이 떠오르는 드라마였어요 다시보기로 무한반복중
선재 업고 튀어,초여름이 될 때 마다 생각나는 인생 청춘 드라마!! 김혜윤 배우의 풋풋함과 뽀쟉함만으로도 너무 재밌다. 16부작임에도 1년 동안 본 것 같은 탄탄한 서사가 있는 드라마는 처음!
선재 업고 튀어,김혜윤이 선재야하고 부르는 순간 우리는 그녀의 연기에 흠뻑 빠져든다. 절절하게 우는 순간들 그녀가 대사가 나를 그곳에 데려가서 가둔거 같아. 지금도선업튀가 ing중♡
선재 업고 튀어,솔이가 너무 너무 사랑스럽습니다 ... 🥰🥰
선재 업고 튀어,"변우석 배우를 선업튀 전에 알았지만, 팬으로 빠지게 해준 드라마 강추하는 드라마 원탑!"
선재 업고 튀어,누군가의 팬이라면 설렐만한 드라마! 원작과 내용이 다르지만 드라마만의 매력이 가득 담겨 있어요
선재 업고 튀어,1화 눈물 콧물 ㅠㅠ 두배우 키차이 ... 👍 김혜윤배우의 청량함과 변우석배우의 잡아주는 연기가 드라마와 잘어울려서 기분좋아진다
선재 업고 튀어,인생작품입니다. 볼수록 새롭고 재밌는 드라마는 처음입니다.
선재 업고 튀어,어?왜 이거 재밌어 ㅋㅋ
선재 업고 튀어,"학창시절, 대학시절 한번쯤 겪어보고 싶었던 청춘로맨스 그때 그시절 BGM까지 너무 너무 잘어울리는 드라마 주인공들 연기도 연기지만 숨겨진 이야기들의 복선을 찾아보는 재미까지 쏠쏠"
선재 업고 튀어,선재솔 넘 좋아요
선재 업고 튀어,평생 잊지못할 최고의드라마
선재 업고 튀어,모든것이 사랑스러운 작품.
선재 업고 튀어,눈물의여왕 저리가라 선업튀가 올해 최고작임
선재 업고 튀어,매화마다 레전드에 완벽한 스토리!!
선재 업고 튀어,"1,2화까지만 봐보세요 처음엔 오글거린다 생각할 수 있지만, 곧 솔,선재의 매력에 푹 빠질 것입니다... 그리고 2000년대 향수를 일으키는 시대고증 너무 킹받고 재밌어요~!"
선재 업고 튀어,내인생 최고의 변우석
선재 업고 튀어,정말 사랑스러운 드라마에요. 변우석이 선재라 고마워요
선재 업고 튀어,탄탄한 스토리에 그야말로 여심 덕심 저격 빵빵
선재 업고 튀어,2화 엔딩으로 인해 이 이야기는 한층 깊어진다
선재 업고 튀어,별 생각 없이 1화 틀었다가 2화 끝나고 나도 모르게 선재야!!!!!!! 외치게 되는 마법의 드라마
선재 업고 튀어,한국 청춘로코드라마의 최고봉이 이 작품이 될줄은 정말 몰랐다.
선재 업고 튀어,"안녕하세요 여러분, 저는 베트남 사람입니다. 제 개인적인 생각으로는 러블리 러너는 신선하고 새로운 영화 중 하나이고, 배우들은 프로페셔널하고, 제가 가장 좋아하는 남자주인공 변우석"
선재 업고 튀어,첨으로 두번 이상 보 드라마
선재 업고 튀어,내 인생작 삶의 활력소 완전 최고
선재 업고 튀어,저의 입덕드 인생드입니다
선재 업고 튀어,이런 타임물 평소에도 좋아하는 장르인데 좋아하는 배우 변우석이 주연으로 나와서 정말 좋아요!!
선재 업고 튀어,선재에게 반해변우석에게 정착하게된 고마운 드라마
선재 업고 튀어,묻지밀고 따지지말고 봐야하는 인생작! 변우석을 발견했다!!!
선재 업고 튀어,인생 드라마였다. 모든게 완벽했던 드라마.
선재 업고 튀어,가벼운 마음으로 보다가 푹 빠지게 되는 매력!
선재 업고 튀어,개애애애앵잼
선재 업고 튀어,주연남녀배우의 연기와 시나리오 연출까지 모두 완벽한 드라마~ 특히 혜윤 배우의 연기는 최고입니다❤️
선재 업고 튀어,선재 업고 튀어 너무 재밌었어요. 최고의 드라마 👍 배우 변우석 배우 김혜윤의 연기가 최고 👍 너무 설렘입니다 💛💙
선재 업고 튀어,내 인생드라마!! 내배우 변우석 평생 응원해!🩵
선재 업고 튀어,최고의 드라마 👍 배우 변우석 배우 김혜윤 너무 좋아합니다
선재 업고 튀어,재밌었고 태초선재를 구원할 수 있어서 좋았음
선재 업고 튀어,"연출, 연기, 음악, 배우, 배경, 편집 뭐 하나 빠지지 않음. 피피엘도 없고 간만에 웰메이드 드라마."
선재 업고 튀어,한번도 안본 사람은 있어도 한 번만 본사람은 없어요!
선재 업고 튀어,왜 내가 설레~
선재 업고 튀어,제 인생드라마예요. 배우 변우석을 이제 알게되어 너무 슬픈현실이지만 지금부터 평생 통통이될거예요! 변우석배우님 연기 체고!
선재 업고 튀어,내 인생 드라마 올해 여름은 이 드라마와 배우 변우석을 알고 한없이 찬란했다.
선재 업고 튀어,"작가,감독님들,배우들 합이 너무 좋았던것 같아요.. 언제 또 이런 작품을 볼 수 있을까요?"
베이비 레인디어,보다가 같이 미칠 것 같다.
베이비 레인디어,자기혐오가 낳은 트라우마의 대물림
베이비 레인디어,우리가 생각하는 피해자와 실제 피해자의 감정의 괴리를 생각하게 만드는 작품
베이비 레인디어,"모진 후회들로 마음 한켠에서 지난 기억들을 찾지는 않기를 돌아본 기억에 흐르는 따뜻함도 더는 너를 위한 마음은 없기를 바래볼게 (박지윤 8집 수록곡 ""고백"" 가사 일부)"
베이비 레인디어,"자기혐오가 낳는 비극의 연쇄를 끊기 위해서는 스스로 일어서는 법을 터득해야한다,."
베이비 레인디어,"결핍과 외로움으로 판단력이 흐려졌을 때, '그들'은 그것을 귀신 같이 알아내고 곁으로 파고든다."
베이비 레인디어,뛰어난 심리묘사. 잘못된 스토킹에도 위로받고 싶었던 주인공의 감정에 이입된다.
베이비 레인디어,주의! INFP가 볼 경우 어디서 하나는 공감하고 좌절한다
베이비 레인디어,초반에 흥미로웠는데 후반에 너무 무거워져서 보기 힘들었음 여자배우 연기 진짜 잘함
베이비 레인디어,자기혐오에 중독된 인간들이 서로에게 주는 뒤틀린 위안.
베이비 레인디어,"집착,스토킹 대한 묘한 해석..남주가 답답한맛이 없지 않으나 어떡하나 보자 하면 어김없이 꼴대앞 똥볼 에이 안봐 하면서 다시 보게되는 묘한맛.엔딩에.그럴거 같더라니..여주 연기 굿"
베이비 레인디어,보고나니 피폐해지는 드라마..배우들 연기 진짜 잘한다고 생각하면서 봤는데 알고보니 남자주인공이 당사자라니 놀랐습니다
베이비 레인디어,"감독님이자 주인공이자 피해자라니,, 스토킹이 왜 끔찍한 범죄인지 이걸 보면 알 수 있습니다."
베이비 레인디어,인간은 혼자다.
베이비 레인디어,배우들이 연기를 너무 잘해서 더 끔찍하고 괴로웠다... 실화인 줄 모르고 봤는데 알고 나니 많은 생각이 들었던...
베이비 레인디어,깊이 알수록 동정할 수 없게 된다. 화마를 탐색하는 시선은 바깥에서 안으로 이동해 끝내 불길의 중심으로 향한다.
베이비 레인디어,"현대인의 마음이 왜 병들어가는지 어떻게 사람은 위로받고 싶어하는지 단순하게 마음을 설명하지 않아서 더 매력적이다,"
베이비 레인디어,피해자다움의 역설
베이비 레인디어,거부하지 못한 호의가 화살이 될줄이야. 다행히 그 화살로 인해 자신을 발견했다.
베이비 레인디어,"어쩌다 본건데 무서워요.. ㅠ '너의 모든 것'의 실화버전일세 감독의 실화 1인극이 바탕이며, 연기까지 했다고.. ☠️PTSD 극혐주의☠️"
베이비 레인디어,"1화까진 빌어먹을 세상따위의 성인용 버전, 잔혹하게 찌질한 어른의 이야기인 줄 알았다. 그러나 회를 거듭할수록 전혀 다른 내리막길로 떨어뜨린다. 내가 사랑(?)하는 영국의 맛."
베이비 레인디어,너무 난리부르스의느낌이 나긴 함 보기불쾌한장면도 많고 볼만은 했다 근데 그렇게 몰입도있고 그런진 모르겠음
베이비 레인디어,스토킹은 사랑이 아닌 엄연한 범죄입니다.
베이비 레인디어,내가 나를 인정할 때 스스로 우뚝 설 수 있다
베이비 레인디어,호의를 사랑으로 착각하지마라
베이비 레인디어,수만은 가짜 스릴러 중애서 가장 스릴 러 다웟어요 맞춤법 틀리는 개 이렇게 소름 돋을 줄이야 - 나의 iphone에서 보냄.
베이비 레인디어,자기혐오라는 달콤한 끈적임
베이비 레인디어,새 푸대에 나를 담아도 나는 여전히 썩은 술 내가 버려둔 절대 사랑해주지 않은 내가 늘 그곳에 담기니까 240503
베이비 레인디어,내가 다 스트레스 받을 정도의 리얼감 연기와 각본 훌륭하다
베이비 레인디어,베이비 레인디어 후기
베이비 레인디어,"추악하면서 가련하기 짝이 없는 인간 군상을 훌륭하게 담아낸 수작. 명쾌하게 종결은 났지만, 깊디 깊었던 상처를 가진 누군가에게 필요했던 것은 사람과 사회의 손길과 쓰다듬이었다."
베이비 레인디어,인간은 몸뚱아리는 단 한 개인 주제에 그 안에 들어있는 모든 것은 수천 수백 수만 가지다 끔찍할 정도로 이해할 수 없는 종족이야.. 2024.06.15. ~ 2024.06.16.
베이비 레인디어,4화까지ㅡ기대하고 봤는데 별로.. 2화까지는 조금 흥미진진했는데 완결 조금 심오한 블랙 코미디? 내 스타일은 아님 ㅜ 주변누군가가힘들다면도움받으세요옹
베이비 레인디어,그녀가 나를 사랑한 것보다 나를 더 혐오했다.
베이비 레인디어,진짜 보다가 같이 미칠거 같은 내용이지만 그만큼 몰입도 갑
베이비 레인디어,힘들어 보이는 사람에게 차 한잔 대접한게 잘못일리가 없잖아
베이비 레인디어,실제로 스토킹을 당하는 듯한 느낌이 들어 소름이 끼치는 드라마.
베이비 레인디어,우리 순록이 멘탈이 너무 바스락거려서 지켜보기가 너무 힘들었어.. Sent from my iphone
베이비 레인디어,유익해요. 유해한 사랑에 대해 이해하게돼요
베이비 레인디어,이렇게 불쾌할수가. 근데 계속보게된다
베이비 레인디어,네 잘못이 아니야.
베이비 레인디어,흥미진진 스타일은 아니지만 볼만 함!
베이비 레인디어,평면적인 스토리가 아닌 나 자신을 되돌아보기
베이비 레인디어,자기혐오에서 피어난 인정욕구가 너무나도 치명적인 독을 끌어들였다
베이비 레인디어,알면서도 그 순간이 행복하고 존재 이유라 섣불리 떨치기 어렵다.
베이비 레인디어,이게 저 주연 배우이자 연출자의 실제 얘기였다니. 어쩐지 심리 묘사가 남다르다고 생각했는데 겪은 자만이 할 수 있는 표현이었구나.
베이비 레인디어,한없이 움츠러들 때 바닥에서 마주친 시선은 피할 수 없다.
베이비 레인디어,계속해서 주인공은 왜 그녀에게 자신을 동일시했을까?라는 의문을 던지게 된다. 어쩌면 그녀를 이해한다는 명목에 일상이 아닌 자신이 도피할 어떤 존재를 찾은 것이 아니었을까?
베이비 레인디어,#넷플릭스 #베이비레인디어
베이비 레인디어,너무 소름끼치고 무서운데 끊을 수가 없다. 주인공의 심리를 자세히 묘사해 나를 완전히 끌어당긴다.
"나, 다니엘 블레이크",“꾹꾹 눌러담아 쓴 글자들이 낼 수 있는 가장 큰 목소리”
"나, 다니엘 블레이크",배려를 위해 만들어지고도 배려 없이 움직이는 아이러니한 이 사회에서 모두 다니엘 블레이크가 될수있다
"나, 다니엘 블레이크",어떤 영화는 세상을 변화시킨다. 이 영화도 그럴 수 있길 바란다.
"나, 다니엘 블레이크",Dear. 코로나19로 힘들어하고 있는 우리에게
"나, 다니엘 블레이크",영화가 아직 필요한 이유
"나, 다니엘 블레이크",시스템에 의해 처절히 짓밟힌 존엄. 파멸할지 언정 절대 굴복하지 않겠다는 치열한 투쟁의 여정
"나, 다니엘 블레이크",사회의 변화 속도가 인간의 그것을 추월했을 때 생긴 사각에 ‘그들이 있었노라’.
"나, 다니엘 블레이크",인간답게 살고 싶은 이의 묵직한 외침!
"나, 다니엘 블레이크","나로 살기 힘든 각박한 사회에 대한 분노, 슬픔, 좌절, 무력함 모두 담은 가장 강렬한 사회 드라마."
"나, 다니엘 블레이크",허겁지겁 먹을때 눈물이 났다. 감독님 은퇴하지 마시고 계속해서 카메라로 낮은 곳을 비춰주세요.
"나, 다니엘 블레이크",누굴위한 복지인가!
"나, 다니엘 블레이크","""I"", Daniel Blake. 'it'이 아니라 'I'란 말이야, I."
"나, 다니엘 블레이크",-착하고 정직한 사람들이 거리에 나앉더군요 -사람이 자존심을 잃으면 다 잃은거요
"나, 다니엘 블레이크","누구를 구제하기 위해 만든 복지제도인가? ""어찌되었든 넌 일을 하라""고 등떠미는 무책임한 제도, 억울하게 내몰리는 사람들. 한 점 부끄럼없이 성실하게 살아왔음에도, 게으르고 무기..."
"나, 다니엘 블레이크","“평범한 이웃 사촌, 당신은 내게 영웅입니다” 평생을 성실하게 목수로 살아가던 다니엘은 지병인 심장병이 악화되어 일을 계속 해나갈 수 없는 상황이 된다. 다니엘은 실업급여를 받기 ..."
"나, 다니엘 블레이크",아는것 같았는데 머리가 복잡해졌어요.
"나, 다니엘 블레이크",복지에는 사각이 존재하지만 그 사각을 최소화하려면 우리가 서로 도와야한다.
"나, 다니엘 블레이크",절절하지만 비루하지않고 따뜻하다. 나만큼 절실한 우리를 위해!!
"나, 다니엘 블레이크",.
"나, 다니엘 블레이크","상어, 코코넛보다 많은 사람을 죽인 건 사람. 하지만 다시 사람을 살리는 것도 사람."
"나, 다니엘 블레이크",밟아도 뿌리뻗는 잔디풀처럼.
"나, 다니엘 블레이크",주체를 잊는 복지. 개인을 잊은 시스템.
"나, 다니엘 블레이크",비인간적 사회에서 인간의 존엄성을 지킬 수 있는 방식
"나, 다니엘 블레이크",현실의 문제 앞에 너무도 쉽게 무너지는 인간의 존엄성
"나, 다니엘 블레이크",돌아가는 뺑뺑이에서 버티기 한판
"나, 다니엘 블레이크","인간을 위한 시스템이 시스템을 위한 시스템으로 변질되었을 때, 그때 진정으로 필요한 것도 역시 인간."
"나, 다니엘 블레이크",썩은 계란도 하나보다 두 개가 더 맛있는가?
"나, 다니엘 블레이크",살아가자! 성큼성큼 거침없이 걸어가는 다니엘처럼
"나, 다니엘 블레이크",240316 1 왓챠
"나, 다니엘 블레이크","'나는 다니엘 블레이크다.' 존재마저 실종시키는 신자유주의와 피라미드형 구조인 현대 사회의 암을 명실히 드러내며, 감독만의 사람을 보는 가슴, 시선으로 냉정하지만 따뜻하게 고발한다"
"나, 다니엘 블레이크",사람답게 살게 할 수 있도록.. 그 또한 나
"나, 다니엘 블레이크","다니엘, 편안함에 이르렀나"
"나, 다니엘 블레이크","언젠가 제목의 '다니엘 블레이크' 대신 내 이름이 들어가지 않을거란 보장이 없다. 아니, 보장이 없을 것이라는게 너무도 자명한 사실인 사회에 살고 있다는 게 슬프다."
"나, 다니엘 블레이크",영화가 해내야 할 중요한 목적
"나, 다니엘 블레이크",복지는 시민이 누려야 할 권리.
"나, 다니엘 블레이크",현실적인 인턴
"나, 다니엘 블레이크",영화 내내 크고 작은 감동들 때문에 몇번이나 눈물이 차올랐는지
"나, 다니엘 블레이크","약자를 위한 복지가 약자를 지키지 못하는 아이러니한 사회, 우리 사회의 시스템은 과연 도덕적인가?"
"나, 다니엘 블레이크",할 말이 없습니다. 그냥 다들 봤으면 좋겠어요.
"나, 다니엘 블레이크",수 많은 다니엘 경들을 위하여 픽션이지만 픽션이 아닌 작품
"나, 다니엘 블레이크","사회로부터 버림받은 그, 그들의 외로운 외침"
"나, 다니엘 블레이크",#👴 살지 말라고 하는 사회에서 살아남기란.
"나, 다니엘 블레이크",헌법 제34조 제1항: 모든 국민은 인간다운 생활을 할 권리를 가진다.
"나, 다니엘 블레이크",책이 위치한 곳에는 책장을 사람이 위치한 곳에는 복지를
"나, 다니엘 블레이크","다니엘의 마음을 가진 사람이 더 많아지기를, 다니엘과 같은 상황의 사람들이 줄어들기를."
"나, 다니엘 블레이크",닫혀버린 바다 속을 항해하는 착하고 정직한 물고기.
"나, 다니엘 블레이크",사회시스템은 무엇을위해존재하는가?잔인한메아리
"나, 다니엘 블레이크",정말 조금씩만이라도 나 다울 수 있게
"나, 다니엘 블레이크",어쭙잖은 복지
"나, 다니엘 블레이크","""소중한 정보를 제공해주셨지만 절대 이름을 밝힐 수 없는 영국 노동연금부(DWP)와 공무원노조(PCS)의 익명의 직원들께 특별한 감사를 보냅니다."""
더 글로리 파트 1,8회까지 미친듯이 보게 된다.
더 글로리 파트 1,역시 김은숙 작가. 멋지다 연진아!!!아직도 그 한마디가 기억남. 학폭하지 맙시다
더 글로리 파트 1,복수의 쾌감을 극대화하기 위해 1화 설정을 매우 과하게 잡은 점과 김은숙 대사 특유의 오그라듦에도 불구하고 볼 만한 가치가 있다. 일단 시작하면 8화까지 멈추지 못할 것.
더 글로리 파트 1,배우들의 미친연기덕분에 시간가는줄 모르고 몰입해 보았어요
더 글로리 파트 1,여운이 깊은 작품
더 글로리 파트 1,전형적인 복수 드라마. 기대하고 봐서인지 생각보단 별로였던 것 같아요.
더 글로리 파트 1,"누군가에게는 영광, 누군가에는 상처."
더 글로리 파트 1,배우들이 다 연기를 잘해서 보기가 힘들었을 정도... 동은이가 어떻게든 살아있어서 그래서 다행이었음...
더 글로리 파트 1,지금까지의 서막은 완벽하다. 정주행 재생버튼 누른 이후로 쉬지 않고 다 봤다. 이제 3월에 공개될 파트2가 관건이다. 용두사미일지 용두용미일지.
더 글로리 파트 1,"몰입도 최상, 역시 김은숙...이란 말이 절로 나오는 드라마."
더 글로리 파트 1,그냥 레전드죠....!!
더 글로리 파트 1,송혜교가 이렇게까지 연기를 잘했나. 학폭의 심각성을 다시 한번 되짚어준 드라마.
더 글로리 파트 1,"이쁜 연기만 하던 송혜교가 주름 그대로 노출하며 ""연기""를 해줘서 의외였던 작품, 미스터션샤인의 김은숙 작가를 리스펙했었는데 이 작품에도 찬사를!"
더 글로리 파트 1,띵작
더 글로리 파트 1,"몰입감이 엄청나서, 나도 모르게 문동은에게 감정이입하여 전개 과정에 끔찍함을 느끼고 계속해서 문동은을 응원하게 된다."
더 글로리 파트 1,"가해자와 피해자가 학교폭력을 기억하는 방식의 차이. 점점더 현실에서 ""더 글로리""가 언급되는 일이 줄어들기를 바라며"
더 글로리 파트 1,드라마지만 마냥 재미로만 볼 수 없다는게 씁슬하다
더 글로리 파트 1,폭력을 같은 폭력으로 대응하는건 하수라 하더라
더 글로리 파트 1,재밌음 복수극중에서 짱
더 글로리 파트 1,몰입감 최고!! 시간 순삭 ~~!!!
더 글로리 파트 1,진짜 한번에 몰두해서 봤어요 역시 김은숙 작가님!
더 글로리 파트 1,송혜교의 파격적인 연기변신과 임지연의 소름끼치는 맞받아침
더 글로리 파트 1,내 영원한 도파민
더 글로리 파트 1,김은숙 작가는 로코만 잘 쓰는 게 아니다 다시 한번 증명한 드라마
더 글로리 파트 1,자극적이고 배우들 연기도 엄청나서 몰입력이 최고조이다. 드라마는 지루해서 잘 못보는데 순식간에 봐버림. 괜히 대히트를 한게 아니다.
더 글로리 파트 1,인생의 전부를 복수를 위해 사는 삶의 끝은 비로소 행복이 될 수 있을까..
더 글로리 파트 1,"살면서 아픔으로 덮어야 할 기억들을 복수로 회기하여 '영광'으로 만들어낸 3김(김은희, 김은숙, 김순옥) 중 한 명의 역작. 작가 왈 ""내가 써도 잘 썼다."". 인정."
더 글로리 파트 1,"대사,연기,연출까지 모두 완벽했던 드라마..."
더 글로리 파트 1,동은아 니가 너무 행복했음 좋겠어
더 글로리 파트 1,김은숙의 전성기는 도깨비가 아니었구나!
더 글로리 파트 1,킬링타임용으로 soso하게 볼만한 작품
더 글로리 파트 1,자극적인 연출이 꽤 많았지만 더욱 작품에 몰입하도록 한다.
더 글로리 파트 1,이런 순간에조차 죽지 못하는 너를 미워하지 말고 살아보려 하는 너를 응원해
더 글로리 파트 1,8부작으론 담기 힘든 누군가의 힘겨운 삶 이제 천천히 지켜보려 한다
더 글로리 파트 1,"나도 모르는 사이 정주행 하고 있던 드라마. 한 장면도 놓칠 수 없게 만든 연출로 이입해서 보게된다. 소름돋게 깊이있는 내용들. 시즌2의 내용은 어떻게 흘러갈지, 결말이 기대된다"
더 글로리 파트 1,송혜교 배우의 연기력과 모든 배우들의 연기력이 극을 몰입감있게 만든 것 같습니다. 각자 본인의 역할에 빙의가 된 듯한 연기력이 대단하고 2부가 기대됩니다.
더 글로리 파트 1,현실의 수많은 연진이들에게...
더 글로리 파트 1,"연진아, 복수는 이렇게 하는 거야"
더 글로리 파트 1,파트2에서 시원하게 복수해주면 좋겠다
더 글로리 파트 1,<더 글로리> 가해자의 행복과 피해자의 고통을 맞바꾸려는 한 수
더 글로리 파트 1,"김은숙 <더 킹>의 부진을 만회, 일본풍의 다크한 복수극"
더 글로리 파트 1,약한영웅같은 현실적인 학폭이 아니고 선생과 경찰의 방관과 폭력도 비현실적이라 오히려 긴장감이 떨어진다. 어느 선생이 자퇴서 내러온 여학생을 패냐
더 글로리 파트 1,각본 연출 연기력 딸리는게 없음.
더 글로리 파트 1,아차 하는 순간에 8화가 끝나있다. 9화를 찾다가 3월에 나온다는 소식에 괜히 빨리 봤다 싶다. 남은 8화를 기다리며 별 한개는 킵.
더 글로리 파트 1,파트2 빨리 내놔
더 글로리 파트 1,대사 캐릭터 전개 모두 굿
더 글로리 파트 1,"왠만해선 드라마 정주행과 n차시청은 어럽다. 하지만 그 둘 모두를 가능캐한 작품이다. 학폭이란 시의성과 시사성까지 더해지고, 살아가야 할 이유, 꿈을 묻기도 한다. 자극적이지만."
더 글로리 파트 1,더글로리 리뷰
더 글로리 파트 1,재밌음 근데 음 송혜교가 아무래도 다른 주조연들과 나이차가 나보여서 이질감있긴함
더 글로리 파트 1,굿
님포매니악 볼륨1,이야기 안에 삶이 있다
님포매니악 볼륨1,지향하는 듯 지양하는
님포매니악 볼륨1,어떤 장면도 야하지 않다. 상당한 우울감과 뒤틀린 담담함이 외로운 방황의 역사를 서술한다. 갖은 비유는 촌스럽지 않고 오프닝과 크레딧의 밴드는 악을 쓴다. 2014년
님포매니악 볼륨1,견딜 수 없는 외로움은 채울 수 없는 욕망과 마주보고 있었다.
님포매니악 볼륨1,논리와 무논리 관점에서 본 관계.
님포매니악 볼륨1,아름답지만 동시에 원초적으로 드러낸다
님포매니악 볼륨1,솔직히 대단하게 머리를 굴려가며 해석할 영화라고는 생각이 되지 않는다.....
님포매니악 볼륨1,"누군가는 표현이 노골적이라 역함을 느낄 것이고, 누군가는 덤덤하게 서술하는 까닭에 아, 그러셨어요?하고 듣게 될 이야기다. 화자를 여성으로 설정한 이유를 생각해보자"
님포매니악 볼륨1,흘러가는 방식은 좋았슈
님포매니악 볼륨1,손 끝에 묻은 재(ash)마저 당돌하게 드러내는 물푸레나무(ash tree).
님포매니악 볼륨1,성에 대한 저항과 연결
님포매니악 볼륨1,"섹스는 세계야, 밀어붙이는 뻔뻔함."
님포매니악 볼륨1,보통이에요. 2023. 7. 22.
님포매니악 볼륨1,관계의 비밀 묘약은 사랑이야
님포매니악 볼륨1,볼륨2로 이끄는 탁월한 마무리에 감탄.
님포매니악 볼륨1,"성적 취향은 남에 의해, 환경에 의해 새로이 개발될 수 있는 것."
님포매니악 볼륨1,1편이여서 쉽게말하기는 그렇지만 본인의 자의식 자랑의 느낌을 지울수 없다. 약간만 덜 했다면 어떨까
님포매니악 볼륨1,라스 영화중 가장 웃기다
님포매니악 볼륨1,감독도 배우도 케릭터도 전부 미쳤다 이걸 끝까지 보고 빨리 볼륨2를 보고싶은 나도 미쳤다
님포매니악 볼륨1,걸 온 더 트레인
님포매니악 볼륨1,"정말로 프랑스이기에 가능한 영화, 성에 대한 생각이 그대로 느껴짐, 우리나라에서는 쉬쉬하던 내용이 적나라하게 영화로 잘 녹였다고 생각함 우리나라는 너무 성에 대해 폐쇄적인것같다"
님포매니악 볼륨1,이야기를 듣는데 안 믿어서 좋을 게 있나요?
님포매니악 볼륨1,야하기보다는 유쾌함. 블러는 영화를 야동으로 만들려는 영등위의 패기.
님포매니악 볼륨1,이 집 엔딩 맛집이네
님포매니악 볼륨1,채울 수 없어 퍼져 나가는 공허한 욕정의 정합론(3.5)
님포매니악 볼륨1,"화자 네가 왜 나쁜년인지는 2편을 더 봐야 알 것 같은데 청자가 말했던 대사가 자꾸 귀에 맴도는군. ""날개가 있는데 날면 좀 어떤가."""
님포매니악 볼륨1,5시간 반짜리 영화를 크게 지루하지 않게 연출하는 능력 처음엔 이게 왜 우울 3부작에 들어가는 걸까 생각했는데 중반 넘어가면서부터 이해가 됨
님포매니악 볼륨1,"Sensation으로 시작했으나 Sentimental이라는 단어가, 울프 오브 월스트리트 보다는 참을수 없는 존재의 가벼움이 더 연상되는 영화. 적절한 비유들과 영상미가 인상깊었음"
님포매니악 볼륨1,.
님포매니악 볼륨1,외설적 고해성사.
님포매니악 볼륨1,이거 청소년인 내가 평가해도 되는건가..
님포매니악 볼륨1,쇼스타코비치의 재즈 왈츠 2가 나올 때부터 이거 보통이 아니구나 싶다.
님포매니악 볼륨1,음지의 영역을 양지의 이론으로 해설하는 섹스개론학 Vol.1
님포매니악 볼륨1,대단하다. 그저 야한 영화가 아니라 철학적이고 유머스러운데다 서글프기까지… 날개가 있는데 날면 좀 어떤가.
님포매니악 볼륨1,라스 폰 트리에는 터부시되는 소재를 과감히 그려낼 줄 아는 탁월한 예술가.
님포매니악 볼륨1,드디어 비밀재료를 발견했다! 그러나??
님포매니악 볼륨1,야한 영화 아님
님포매니악 볼륨1,날개가 있는데 날면 좀 어떤가
님포매니악 볼륨1,장황하기는
님포매니악 볼륨1,한 여인의 성적 경험을 인간의 활동에 빗대 인문학적 농담을 던지다. 폰트리에 영화중 가장 친절하고 부드럽게 캐릭터와 관객을 대한다. 147분 감독판.
님포매니악 볼륨1,이런 명작에 블러질하라고 한 영등위는 도대체 무슨 생각인지 이해가 안 된다. 무수한 정사 장면보단 사랑과 섹스의 이미 해석으로 이 영화는 완벽하다.
님포매니악 볼륨1,한줄평 - 기이하고 흥미로운 섹스 오디세이 (그래도 2부는 꺼려진다)
님포매니악 볼륨1,사랑과 성욕에 대한 탐구를 색정증이라는 흥미로운 각도에서 바라본다. 다채로운 (혹은 산만한) 연출과 절제와 날카로움이 있는 연기들로 섹스에 한 평생을 바친 한 여성의 에피소드들을 ...
님포매니악 볼륨1,감독이 한 오백살쯤 된 게 아닐까. 인간에 대해 어디까지 알고 있는지 의심스럽다. 두시간도 채 부족한 영화.
님포매니악 볼륨1,"그런 소재에 더 그런 감독 때문에 마음의 준비를 잔뜩 하고 들어갔건만, 뒷통수 제대로 맞았다. 세상에 이렇게 정상적(?)이고 하나도 안 불편할 줄이야. 생각보다 흥미로웠고, 몇몇 ..."
파친코 시즌 1,대단히 작정한 드라마
파친코 시즌 1,진짜는 마지막에 나온다. 훌륭한 드라마라고 생각했는데 엔딩의 인터뷰가 더 강렬했다.
파친코 시즌 1,역사를 잊은 민족에게 미래는 없다!
파친코 시즌 1,시대를 견뎌낸 우리 할머니
파친코 시즌 1,대를 이어 전해지는 것은 단단한 마음이다. 생존하는 것 자체가 의미있음을 느끼게 하는 드라마. 살아남는 것조차 사치였던 시절의 이야기를 생생하게 만날 수 있다.
파친코 시즌 1,자극적이지 않게 풀어낸 한국 일본 이야기 허구도 없고 거짓도 없고 억지도 없는 내가 들었던 진짜 우리 할아버지 할머니 이야기
파친코 시즌 1,가족에 대한 이야기가 감동적이고 좋았습니다 한 시즌을 하루만에 볼정도로 몰입도 역시 좋았습니다 시즌2도 기대가 됩니다
파친코 시즌 1,"애플, 고마워!!"
파친코 시즌 1,-
파친코 시즌 1,역사를 잊은 민족에게 미래는 없다. 일제강점기 배경의 드라마는 항상 보다 보면 짜증나거나 기분이 좋지는 않다. 다시 이런 역사는 되풀이되면 안된다. 그리고 시즌2 가 기대된다.
파친코 시즌 1,과연 대단한 작품이었다!! 특히 시공간을 수시로 넘나드는데 그때마다의 편집점이 되는 씬들의 연결이 예술이라 관객들의 감상을 오히려 더 돕는 훌륭한 연출이 몹시 인상적
파친코 시즌 1,"어색한 연기도 의미없이 겉멋만 든 연출도 거슬렸고, 질질 끌면서 난잡하게 이야기를 늘어놓은 주제에 전체적으로 기승전결 없이 다음 시즌이나 기대하라는 식이라 황당했다"
파친코 시즌 1,평소 그져 옛날에 일어난거라고 생각했던 일들. 우리에게 무슨일들이 있었고 어떻게 지켜왔는지 다시 생각하게 만들어준다. 마스터피스
파친코 시즌 1,"멸시와 조롱, 핍박의 역사를 살아간 우리들 피에 들끓는 한을."
파친코 시즌 1,살아지는 삼을 견뎌 살아가는 삶의 질곡.
파친코 시즌 1,실화바탕은 아니지만 더욱 실화같이 우리 현대사의 한 단면을 보여준다.
파친코 시즌 1,와우!!!
파친코 시즌 1,혼란과 위험이 도사리는 환경 속에서 정체성과 뿌리를 잊지 않고 살아가는 삶이란
파친코 시즌 1,우리 땅에서 태어난 소녀가 남의 땅에서 할매가 되어버린 세월 견뎌냈던 그 세월이 어찌 지겨울 수 있으랴
파친코 시즌 1,"그 시대, 그들의 그 이야기를 다루는 또다른 같은 방법의 지루함"
파친코 시즌 1,"일제강점기 시대, 존재했으나 기록되지 않았던 사람의 이야기. 디아스포라"
파친코 시즌 1,소설과는 다른 매력이 있다
파친코 시즌 1,"드라마를 많이 보는 사람들 한테는 다소 뻔한 전개일 수도. 하지만 깊이있는 내용과 연출, 배우들의 연기를 보고 있으면 소설 '파친코'에서 느끼지 못한 감정을 느낄 수 있다."
파친코 시즌 1,시대물에서 보기힘든 영상미는 시선을사로잡기엔 아주좋았다 담담하게 풀어나가는 그시절의 현실들에 마음이 미어져왔다.
파친코 시즌 1,2022 newest Masterpiece!
파친코 시즌 1,"한국계 미국인들이 써나가는 그 시절 선조들, 선자의 이야기"
파친코 시즌 1,대작의 시작
파친코 시즌 1,과거와 현재는 상통한다. 현재씬과 과거씬이 플래시백과 오버랩을 반복하며 번갈아 가면서 플롯을 진행시키는데 전혀 끊기지 않고 부드럽게 이어진다. 토지의 현대판 느낌이었다.
파친코 시즌 1,오프닝부터 미장센도 상당히 신경을 쓴 작품. 역사적 사건들의 서사 역시 훌륭
파친코 시즌 1,소설 먼저 읽고 영화로 봤습니다. 생각보다 끈질기고 몸으로 받아들여지는 체감이 높았습니다. 그 느낌으로 그 당시 영화가 더 끌리는 느낌의 드라마 입니다. 하나의 작품이에요!
파친코 시즌 1,이토록 자세히 이 시기 이사람들의 대해 다룬 드라마가 있었나. 미국에서 만든 우리나라의 이야기
파친코 시즌 1,여자 주인공과 그 엄마 두 배우의 연기는 정말 미쳤다.
파친코 시즌 1,어느 역사 속 어느 민족. 그리고 어느 가족. 고작 별 다섯개 밖에 줄 수 없다는 사실이 아쉬울 뿐
파친코 시즌 1,선자가 살아남은 이야기 좀 더 보고 싶다.
파친코 시즌 1,"시대와 운명의 거센 조류 앞에 개인은 무력하며 때론 그저 감내해야 할 따름이지만, 그럼에도 선택의 여지 역시 존재하는 게 삶이라고, 작가는 말한다. 시즌2가 기다려지는 작품."
파친코 시즌 1,.
파친코 시즌 1,"어쩌면 삼국,고려, 조선의 역사보다 한국의 근현대사에 대한 관심이 더 필요하다."
파친코 시즌 1,"벅차오름,아련함,대견함,위대함,어쩔 줄 모르겠는,감사함,옛 시대의 정취,단단함,끗꿋함,생경함,낯섦,외로움,절망,부정하고픈,절실함,고결함,아름다움,강인함 등 여러 감정이 휘몰아치는"
파친코 시즌 1,인생은 파친코처럼 어리석은 게임이 아니다.그러나누구보다 무엇보다 치열하게 살았지만.삶의결과는 묘하게 닮아있어 ...더없이 처연하고 허무하다 아직도먹먹하게 울리는..뱃놀이 ..가잔다
파친코 시즌 1,"역사에 기록되지 않는, 고난과 역경을 이겨내 온 삶에 대한 드라마"
파친코 시즌 1,"바람을 타고 날아가는 민들레 홑씨처럼, 훨훨."
파친코 시즌 1,김민하가 연기한 선자는 진짜 선자같다
파친코 시즌 1,여러 세대에 걸친 사연들이 각자의 시공간으로부터 벗어나 병렬되는 자리로부터 우리 공동체의 기억과 역사가 비범하고 특별하게 번져나간다.
파친코 시즌 1,내가 알고 있던 것이 전부가 아니라고 생각했다.
파친코 시즌 1,재미없어요. 2023. 1. 17. ~ 2023. 1. 23.
파친코 시즌 1,"헐리우드에서 이렇게 완벽한 고증으로 일제강점기와, 한국과 일본의 관계를 그린 드라마가 나오다니. 보는 내내 슬프고 먹먹하다."
파친코 시즌 1,한국인이 외국에서 밥 찾는건 다 이유가 있다
파친코 시즌 1,"김민하의 섬세한 연기는 정말 일품이다. 캐릭터 해석을 완벽하게 끝낸 뒤 펼치는 느낌, 인상적이었다. 그녀의 섬세함을 하나도 놓치지 않고 온전히 담아낸 연출 또한 완벽했다."
파친코 시즌 1,파친코 시즌 1(Pachinko Season 1)
파친코 시즌 1,실제로 있었을 법한 우리 역사의 아픈 이야기
베놈,달긴 한데 밍밍한 것이 다이어트 콜라처럼 허전하다
베놈,이것이 바로 쇠맛
베놈,심비오트 집착남 아비 아라트의 야심작은 결국 스파이더맨 짝퉁이었나.
베놈,1편은 꽤나 수작
베놈,[베놈] '빌런 히어로' 임에도 밀려오는 기시감
베놈,각색가 머리에 기생충 들어간듯
베놈,"다른 부분은 서툴지만, 액션 하나만큼은 눈 뗄 수 없이 화려하고 화끈하다."
베놈,아쉽지만 지금의 마블을 보니 역작이다.
베놈,평범한 마블 세계관 영화지만 그래도 베놈의 비주얼 때문에 계속 보게 된다.
베놈,베놈이란 좋은 캐릭터를 다 못보여줬다
베놈,사회를 청소해주는 고마운 청소부
베놈,"사실 등급을 위해 일부 부분이 삭제되었다는 점을 몰랐어서 그런지, 서로 맞지 않는 선과 악(?)이 반강제로 인연을 맺어가며 최악을 막기 위해 협력하는 모습이, 충분하였다고 생각된다"
베놈,<베놈> - 집나간 서사님을 찾습니다.
베놈,"기대와는 다르지만, 어쨌든 즐거운 베놈"
베놈,"다크 히어로이고 싶어하지만, 별 감흥이 없다"
베놈,이정도면 잘만듬
베놈,꿀잼
베놈,B급 영화보다 못한 메이저영화의 표본.
베놈,그 영웅은 귀엽다
베놈,단순하다
베놈,이걸 왜 이제 봤지? 많지 않은 개그요소라 취향저격 딱인데?
베놈,베놈 캐릭터 인정. 오락성 인정.
베놈,막판에 베놈이 맘 바꾸는 거 너무 개연성없음 근데 액션은 존잼
베놈,자꾸만 정이 가는 영화
베놈,기생수인가ㅋ
베놈,에디와 베놈의 케미를 너무 휘뚜루마뚜루 말아넣은감이 없진 않지만 후속작을 보고온 바로는... 구관이 명관이다.
베놈,다시는 루저들을 무시하지 마라!!!
베놈,연기가 두드러졌던...
베놈,참 못 만든 캐릭터 무비이지만 재미는 있다.
베놈,베놈이 너무 약하고 남주도 외모가 많이 바뀌었음.
베놈,"기괴함과 귀여움과 간지가 이상하게 섞인 이상한 히어로. 아니, 히어로가 아닌가? 모르겠다."
베놈,코믹스 속으로 들어간 <에이리언>. (순한맛)
베놈,배우도 베놈도 비호감이지만 익살스러움에 액션 재미는 있다 근데 지구가 좋다는 근거는 부족해서 스토리 비약
베놈,상상력의 결핍
베놈,마블시리즈를 별로 좋아하진 않지만 베놈은 재밌었다 영웅 히어로지만 뭔가 인간적인 면이 많아 틀리다 재밌게 잘봤다
베놈,감탄할 부분을 알려주지만 미처 탄성으로 이어지지 못하는 참담함.
베놈,굳이 19금이 아니어도 괜찮을 정도로 시원시원하고 볼만하다
베놈,'영화 CG'라는 예술.
베놈,?
베놈,청소하면서 보기에 딱 알찬 영화
베놈,매력적인 스파이디와의 조합. 악한면도 있지만 좋은 편에서서 매력을 뽐내는 베놈은 최고의 캐릭터가 맞다.
베놈,히어로 무비답게 화려한 액션과 베놈 캐릭터의 자연스러운 CG는 좋았다! 하지만 영화를 이끌어가는 스토리가 아쉬웠다.
베놈,이거 로코영화잔아요. 2021. 12. 25.
베놈,이중인격이 하나로 합쳐지는 순간
베놈,이런 히어로 점 괜찮은데
베놈,번듯한 설정 앞에 드문드문 나타나 걸리적거리는 디테일들.
베놈,"왜 캐스팅 명단 위에 있을수록 심비오트에 내성이 강할까? 메인 스토리에서 거리가 먼 엑스트라들은 픽픽 쓰러지던데, 니들은 주인공이 아니라 이건가 이거 서러워서 살겠나."
베놈,CG 덩어리가 CG 덩어리와 싸우는 것은 맥아리가 없다.
베놈,"에디브록과 베놈의 케미가 돋보인 영화였고, 마블 첫 안티히어로 영화라 재밌게 봤다."
베놈,킬링타임용으로 딱 적당하다.
