﻿movie_title,review
스파이더맨: 노 웨이 홈 '펀 버전',쿠키가 ...ㅠㅠ슬퍼
스파이더맨: 노 웨이 홈 '펀 버전',억지로 관객 수나 늘리려고 더러운 상술을 쓰네
스파이더맨: 노 웨이 홈 '펀 버전',큰 힘에는 큰 책임이 따른다
스파이더맨: 노 웨이 홈 '펀 버전',확장된 만큼 재미도 액션도 업된다.
스파이더맨: 노 웨이 홈 '펀 버전',나는 행복한 스파이더맨이 보고싶어..
스파이더맨: 노 웨이 홈 '펀 버전',졸작.. 억지 기획에 대한 억지 설정 억지스토리
스파이더맨: 노 웨이 홈 '펀 버전',스파이더맨의 진정한 엔드게임
스파이더맨: 노 웨이 홈 '펀 버전',추가된 씬이 그리 쓸모 있어 보이진 않았다. 펀버전과 확장판의 차이가 이건가?
스파이더맨: 노 웨이 홈 '펀 버전',그시절 영웅과 악당에 향수를 불러 일으켜줬다는것 만으로도…
스파이더맨: 노 웨이 홈 '펀 버전',MCU에서 유일하게 멀티버스를 가장 잘 보여준 영화.
스파이더맨: 노 웨이 홈 '펀 버전',추가 된 두번째 쿠키영상이 결말의 가슴 먹먹한 여운을 심화시켜준다.
스파이더맨: 노 웨이 홈 '펀 버전',이때까진 순항중이였어
스파이더맨: 노 웨이 홈 '펀 버전',그냥 신파만 가득한 영화라고 느껴질 수 있으나 세계관이 대통합되는 웅장함이 정말 압도적이다
스파이더맨: 노 웨이 홈 '펀 버전',"앞 영상이 너무 재밌었고, 세명의 스파이더맨이 나올줄이야! 본편 역시 내 취향이라 재밌었다."
스파이더맨: 노 웨이 홈 '펀 버전',펀버전에서 조금더 확장된 장면들을 볼 수 있다. 사족인 장면도 많지만 있어서 더 좋은 장면도 분명 있다
스파이더맨: 노 웨이 홈 '펀 버전',마블의 정점
스파이더맨: 노 웨이 홈 '펀 버전',"본작 속에서 새롭게 발견하는 즐거움, 그리고 또 다시 빠져드는 그 순간의 기쁨."
스파이더맨: 노 웨이 홈 '펀 버전',여러 시리즈를 하나로 묶는 것이 굉장히 힘든 것을 알기에 이 영화는 명작이다.
스파이더맨: 노 웨이 홈 '펀 버전',큰 차이는 없지만 쿠키가 좀 슬프다.
스파이더맨: 노 웨이 홈 '펀 버전',"주인공의 내적 갈등을 다루는 데에 탁월하다는 것, 히어로 영화의 매력이자 묘미이지 않을까."
스파이더맨: 노 웨이 홈 '펀 버전',결말은 가슴아프지만 스파이더맨 팬들을 만족시키기에 충분했던 영화
스파이더맨: 노 웨이 홈 '펀 버전',코멘트는 <스파이더맨: 노 웨이 홈>과 같음.
스파이더맨: 노 웨이 홈 '펀 버전',.
스파이더맨: 노 웨이 홈 '펀 버전',펀버전... 앞 영상 빼곤 별로 추가된 게 없는 듯... 참 쿠키 영상 바뀐 것도 있지.
스파이더맨: 노 웨이 홈 '펀 버전',재밋었어요
스파이더맨: 노 웨이 홈 '펀 버전',내가 사랑했던 모든남자들이 총집합한다면 이런 기분일까
스파이더맨: 노 웨이 홈 '펀 버전',"잘 키운 거미 하나, 열 히어로 안 부럽다."
스파이더맨: 노 웨이 홈 '펀 버전',웅장함을 원했으나 정신이 없었다
스파이더맨: 노 웨이 홈 '펀 버전',스파이더맨정모 상상할수 없던 일들을 이루어준 짜릿한 영화
스파이더맨: 노 웨이 홈 '펀 버전',A 확실히 본편에 없는 장면도 있긴 한데 굳이 봐야 될지는 모르겠다
스파이더맨: 노 웨이 홈 '펀 버전',본능과 운명은 바꿀 수 없었지만 스스로 성장하고 깨달은 세번째 피터 파커
스파이더맨: 노 웨이 홈 '펀 버전',친절한 이웃 스파이더맨으로 남기 위한 피터의 노력을 절절히 느낄 수 있지만 피터의 어느점이 미숙한지 확실히 느낄 수 있었던 전과 달리 영화 끝무렵에 그는 정말로 스파이더'맨'이었다
스파이더맨: 노 웨이 홈 '펀 버전',인간을 바꾸려 하면 대가를 치른다. 아직도 어리숙한 도덕적인 영웅이 필요하던가 선악의 이분법적인 행태에서 벗어나 그 중간 어딘 가를 지향할 수는 없는 건가
스파이더맨: 노 웨이 홈 '펀 버전',스파이더맨 연금 대박 수령
스파이더맨: 노 웨이 홈 '펀 버전',"스파이더맨, 웰컴홈"
스파이더맨: 노 웨이 홈 '펀 버전',스파이더맨을 보고 눈물이 날 줄이야 모성애를 자극하는 아기거미
스파이더맨: 노 웨이 홈 '펀 버전',지금까지의 시리즈를 다 본 사람이 추억팔이 하기에 좋은 내용. 그냥 신파극이라고 해도 할 말이 없을 정도로 내용이 없고 감동도 재미도 없다...
스파이더맨: 노 웨이 홈 '펀 버전',가슴이 웅장해진다
스파이더맨: 노 웨이 홈 '펀 버전',다시 돌아온 두번째 기회
스파이더맨: 노 웨이 홈 '펀 버전',"뭐가 더 좋지도, 나쁘지도 않은 확장판"
스파이더맨: 노 웨이 홈 '펀 버전',◈ 톰 홀랜드 3부작의 주제가 ‘성장’이었던만큼 ‘홀로서기’라는 엔딩의 여운이 너무 좋았다. 개인적으로는 삼스파 팬서비스보다도 좋았다.
스파이더맨: 노 웨이 홈 '펀 버전',오랜 스파이더맨 팬에게는 스토리의 미흡도를 떠나 선물같은 영화
스파이더맨: 노 웨이 홈 '펀 버전',팬 무비.
스파이더맨: 노 웨이 홈 '펀 버전',메인 메뉴에서 성실하지 않은 음식점의 야심찬 서비스가 고작 말장난이라니.
스파이더맨: 노 웨이 홈 '펀 버전',처음 도입부터 마무리까지 스파이디의 이번 홈 시리즈를 아끼는 팬들을 위한 영화
스파이더맨: 노 웨이 홈 '펀 버전',두 번째
스파이더맨: 노 웨이 홈 '펀 버전',"어떤 장면은 사족으로 추가됐으나, 어떤 장면은 지적으로 나온 개연성을 보충해줬다. 복기하기에도 나쁘지 않은 추가 버전."
스파이더맨: 노 웨이 홈 '펀 버전',이거뭐죠?어디서 볼수 있나요?
파묘,감독의 오컬트 3부작 중 오락성 면에서는 제일 만족도가 높음 개인적으로 흥미로운 주제라 초반에는 몰입이 좋았지만 후반부의 늘어짐과 험한것의 공포감이 약한것이 아쉬웠음
파묘,하여간 일본놈들...... 2.27.(2차) 첫 관람 때 못봤던 디테일들 발견하고 신났는데 다들 이미 알더라..
파묘,기대 이상.. 한일전은 무조건 이겨야지 !!
파묘,진짜 배우들의 신들린 연기를 보고 감동받았네요 찐으로 소리지를뻔
파묘,오컬트와 민속학으로 시작해서 역사와 민족까지 거슬러 올라가는 장재현 감독의 담대한 야망과 포부
파묘,"영화를 본것같지 않고, 괴수 비디오게임 에피소드를 하나 본것같다."
파묘,와.. 보는내내 몰입도가 짱~~ 믿고 보는 배우들 연기 때문이겠죠ㅎㅎ
파묘,캐릭터들 별루이고 내용도 벌루.. 그냥저냥 볼만 영화도 아님
파묘,너무 직관적인 이야기. 소재와 컨셉까진 좋았지만 중반부부터 실망감을 감출 수 없다.
파묘,"종교, 우주, 무속과 풍수는 뚜렷한 실체가 없는데도 사람들이 이유 모를 믿음을 갖고 있기에 그 생명력을 유지한다. 그런 점에서 오컬트의 매력을 상실케하는 실체의 등장은 아쉽다."
파묘,한국이니까 가능했던 반전과 스토리
파묘,실체가 안보일 때 까지는 참 좋았는데
파묘,엄청난 오컬트 세계관! 보는내내 스토리와 연기에 소름!!
파묘,무(巫)를 보려고 묏자리를 파헤쳤더니 생각지도 원치도 않았던 무(武)가 딸려 나온 건에 대하여.
파묘,오컬트로 엉성히 덮어둔 항일영화. 아쉬운 시나리오를 훈수적으로 넘겨보려는 비겁한 연출. 이제 오컬트는 그만 놔줬으면 한다
파묘,감독의 뚝심이 빛을 발하는 영화이다. 이런 다양한 영화를 원했다. 짜임새도 좋고 연출 시각효과 연기 뭐하나 아쉬울게 없었던 상업오락영화의 진수. 초강력추천한다.
파묘,공교롭게 삼일절에 보고선 상영관에 불 켜진 뒤 대한독립만세 외칠 뻔
파묘,개인적으로 마지막까지 몰입감 있게 봤음. 영상적 묘사나 표현이나 음향. 배우님들 연기는 두말할것도 없었고.. 그저 갓했다.
파묘,"취재와 경험, 상상이 만난 촘촘한 서사. 뜻밖의 한일전 카타르시스."
파묘,"전반부 곡성, 후반부 고스트 버스터즈"
파묘,파내고 파내 장르의 척추를 끊어버림에도 영화 전체에 가득 배인 누린내.
파묘,김진명의 황태자비납치사건 조정래의 아리랑이 버무려진거 같은 한국만 만들 수 있는 오컬트!!
파묘,젖은 나무에서 활활 타오르는 쇳덩이의 야망이 느껴진다. 장재현 감독의 야망은 또 한번 증명됐다.
파묘,오컬트 영화 제 기준 탑입니다. 와. 김고은 배우 연기에 감탄했어요. 굿하는 장면에서 소름돋고 눈물이 차오를 만큼 연기에 감동받았어요. 몰입감 최고였어요.
파묘,그냥 이장이 아니었다. 단순 파묘가 아닌 일제 만행을 파내어 버리는...
파묘,변형 괴수물로서의 오컬트 비빔밥
파묘,"오컬트에 4.5 준 적은 없었다. 스릴러, 액션, 코믹, 재미, 스토리 짜임새의 발란스가 참 잘 버무러진 영화 또 보고 싶음 혹시 놓친 게 있을까봐... 오싹함을 참고 다시 봐야지"
파묘,오컬트 작품들 중 가히 수작이라 할만한
파묘,무속인이라는 신선한 소재와 긴장감 넘치는 전개!
파묘,"전반은 풍수, 장묘, 무속 등 토속적 오컬트 소재를 배합해 나가다가 장점은 다 묻어버리고 후반 도깨비가 된 일본 쇠말뚝 귀신으로 슬래셔 괴수물 노선 변경 후 급마무리 한다."
파묘,"영화 속 그들도, 관객들도 정말로 처음 보는 것이 나왔다."
파묘,파묘는 오해를 받고 있다. 영화를 응원하는 쪽과 영화를 비판하는 쪽 모두에게.
파묘,"배우들 연기는 물론 좋았고, 너무 무서워서 시간을 어떻게 버텼는지 모를 정도. 심장이 너무 쿵쾅쿵쾅"
파묘,연기맛집!!!!! 134분이 순식간에 지나버렸어요!!!!
파묘,“출발은 창대하나 도착은 미미하다”
파묘,김고은의 굿에 내 혼도 뺏길 뻔.
파묘,직관적인 K-오컬트. 한국의 장묘 문화와 미신 등을 잘 섞어 맛깔나는 퇴마극으로 탄생시킴. 상당히 직관적인 퇴마물이라 <곡성>이나 <사바하> 보단 더 오락적인 느낌도 강했음. 재밌
파묘,시리즈로 만들법한 한국형 오컬트.
파묘,오컬트의 새로운 역사를 쓴!!
파묘,한국의 혼을 담은 오컬트 영화. 그냥 봐도 재미있지만 깊이 살펴보면 더 큰 메시지를 나눌 수 있습니다.
파묘,게으른 네셔널리즘
파묘,나도 작품에 대해서만 평가하고 싶은데 아니 이도현이 자꾸 꼬시더라니까요
파묘,이 영화에서 가장 무서운 것은 배우들의 연기력
파묘,오컬트의 의미있고 인상깊은 한국화
파묘,무당이 치성드리러 산타는게 아니라 굿할 체력 기르러 다니는걸수도 있겠단 생각을 처음 해봄. 김고은 굿판 굿.
파묘,"오컬트물이라기 보단 괴수물. 괴수를 상대하기 위해 열심히 설명해준 규칙들은 made in japan 한마디에 물거품이 되고, 자기들끼리만 아는 법칙들로 얼렁뚱땅 해결해버린다."
파묘,어느시점까지 굉장히 탄탄하다고 생각했는데 맥이탁풀리는 그 순간... 너무기대를했나보다ㅠ
파묘,장르들 사이에서
파묘,"'물은 불을 이기고, 젖은 나무는 쇠보다 질기다.'"
파묘,갈수록 고개가 갸우뚱 …
중경삼림,이영화를 보고 홍콩을 꿈꾸었던!!! 첫 홍콩 방문에서 영화속 장소를 찾아 헤매게 만든 그런 영화
중경삼림,"이것이 90년대 홍콩의 간지이고 허세라지만.. 역시 유통기한과 기호는 사람마다 다른 것인지, 알 수 없는 영화다. 그러나 왠지 몇 년 후에 이 영화를 다시 꺼내어 본다면 분명 좋을..."
중경삼림,"잊을 수 없는 시간, 떠날 수 없는 공간을 맴도는 이들에게 바치는 낭만. 세상의 모든 유통기한은 사랑을 비롯한 다른 모든 것의 불가능한 영원을 비웃지만, 정작 무대책한 낭만으로 채..."
중경삼림,"'사랑은 다른 사랑으로' 치유하는, '중경삼림'의 치료법"
중경삼림,"보고 나면 장면, 내용보다 색깔, 분위기 등 추상적인 개념들이 떠오르는 신기한 영화"
중경삼림,90년대홍콩영화의대표작.지금봐도촌스럽지않다
중경삼림,"홍콩 가이드북(초판 1쇄 발행 1994년), 지금도 유효합니다."
중경삼림,낭만이라는 힘을 믿고 의심없이 직진한다.
중경삼림,"21-007 이 영화가 명작인 점은 아직 느끼지 못 했지만, 특유의 감성은 언제나 좋다. '몽중인'을 들으며 아무 장면을 틀어도 그 느낌이 좋을 듯."
중경삼림,"남자들이 이별하고 전연인 그리워 하며 괴로워하고,사소한것 하나하나에 의미부여하는것은 만국공통인가보다"
중경삼림,거리 위에 스쳐가는 사람들 중 누군가는 이 외로움을 달래줄 수 있을까.
중경삼림,사랑에 빠진 양조위의 눈빛만으로도 별 3개
중경삼림,만년 동안 사랑하고 싶은 영화
중경삼림,"1부에서는 명대사, 2부에서는 명장면과 ost를 남긴 왕가위 영화"
중경삼림,유명한걸로 유명한 영화 그자체 감성만 가득할뿐 시대보정이 들어간건지 쓸데없이 높이평가됨 관람평들도 꿈보다 해몽을 주절주절 나열중인듯
중경삼림,홍콩가고싶어지는영화!!!
중경삼림,어지럽게 생동하는 청춘을 탐미하는 시선
중경삼림,남성향 판타지에 홍콩식 알록달록한 조명 추가
중경삼림,으 양조위 여자 꼬실 때 눈빛 장난 없네
중경삼림,분위기로 날 사로잡은 영화는 중경삼림이 처음. 처음에는 2부가 좋았는데 보면 볼수록 1부가 더 좋다.
중경삼림,무단침입은 눈쌀 찌푸려지지만 전반적으로 낭만 터져흐른다
중경삼림,아날로그의 종말과 함께 다해버린 중경삼림 감성의 유통기한
중경삼림,홍콩의 옛 분위기를 느끼기 위해 봤던 영화지만 지금 이해하기에는 많이 난해한 영화였다.
중경삼림,감각적인 음악과 촬영기법 그리고 양조위의 눈빛 홍콩에 여행은가는 이유 중 하나가 되어버린 전설적인 영화
중경삼림,😍
중경삼림,재미있어요
중경삼림,🫶🫶
중경삼림,감독이 지친 상태에서 마음가는 대로 찍었다는 영화 알고나면 명작 일단 분위기에서 압살 자꾸 생각날 것 같음
중경삼림,"이 영화로 홍콩영화를 좋아하고, 배우를 좋아하고 홍콩에 가고 싶어졌고 그리고 말도 안되는 사랑을 꿈꿨다. 설랜다."
중경삼림,여름에 이런거 좋아하는 사람이랑 같이 봐도 괜찮을 거 같긴 한데 나는 지루하고 황당해서 졸았어요
중경삼림,이제는 나올 수 없는 그 시대의 홍콩의 감성.
중경삼림,당신이 기억하는 그때의 홍콩
중경삼림,인생영화.. 20년도 더 된 영화인데 지금도 보고있네..
중경삼림,이게 낭만이고 감성이지
중경삼림,중경삼림을 어떻게 사랑하지 않을 수 있겠어요
중경삼림,내가 만년 동안 사랑할 영화를 만났다
중경삼림,홍콩의 분위기와 묘한 사랑의 끌림을 외줄타기로 잘 표현한 영화.
중경삼림,"최고조의 기량과 시대적 배경이 빚어낸, 현존하는 영화의 정점. 你想去哪里?"
중경삼림,나도 모르게 영화 보는 내내 심취해 있었던것 같다
중경삼림,왜 자네야?
중경삼림,"야금야금 훔쳐 읽죠, 사랑의 일기장"
중경삼림,.
중경삼림,내가 그 시절 사람이었다면 저 홍콩 감성에 젖었을까. 21세기를 사는 내겐 와닿지 않은 작품.
중경삼림,기억의 유통기한
중경삼림,엇갈린 중경의 군상들.
중경삼림,왕페이의 눈빛을 잊을 수 없다…
중경삼림,수많은 사람들로부터 상처도 받고 위로도 받으면서 살아간다
중경삼림,홍콩에 대한 막연한 환상
중경삼림,"즐거운 눈과, 그렇지 못한 스크린 속 줄거리."
중경삼림,기분이 묘할 만큼 90년대 홍콩의 분위기에 취한다.
무도실무관,재미있고 다 좋은데 경찰 신고 할줄은 모르는 영화
무도실무관,몇몇 장면에서 김우빈의 연기가 빛났지만 감독의 전작과 마찬가지로 너무나 끔찍한 범죄를 오락성으로 소모하는것은 불편하다. 누군가 연상되는 빌런이 있어 더 조심스러웠어야 했다.
무도실무관,초중반까지는 나름 괜찮았는데 소재가 소재인지라 범죄관련 장면들이 너무나 불호였고 엔딩이 사이다이긴 하지만 현실적이지는 않아서 영화적 재미만을 위한 느낌. 아역배우가 괜찮을지 걱정됨
무도실무관,너무 재미있고 액션도 화려하고 뭔가 메세지를 전달하기에 좋은 영화 다만 생략이 좀 많고 갑자기 감정적(?)호소 부분이 있어서 좀 아쉬웠습니다 2탄은 좀 더 보완해서 나와주시길
무도실무관,하나의 멋진 캐릭터 탄생만을 위해서
무도실무관,가볍게 보기 좋은 영화 답답하게 너무 질질끌지도않고 유쾌하면서도 내용이 좋았다 무도실무관이라는 직업을 처음 알게되었는데 이런 신선한 주제의 영화들은 언제나 환영
무도실무관,무도실무관이라는 직업을 알게된것 빼고는 요새 넷플 왜 이래가 또나오는… 작품.. 보는내 지루하고 올드함으로 똘똘 뭉친 대충 넷플 돈 가져다 쓰려 만든 티가 너무 나는영화..
무도실무관,정도 같은 사람들로만 세상을 채울 수 있다면 얼마나 좋을까요. 이 영화를 통해 무도실무관 직업 인지도가 높아지길 바랍니다.
무도실무관,범죄 신고는 112
무도실무관,"각 사건이 이어지지 않는 느낌이 들고, 주인공의 캐릭터가 너무 단순하고 캐릭터의 심경 변화에 공감이 가기 어려운 설정이 아쉬웠습니다."
무도실무관,뭘 보여주고 싶은지 잘 모르겠다. 김우빈의 액션과 스릴? 무도실무관이라는 직업? 공익성과 상업성이 뒤엉켜서 본질을 흐린 것 같다.
무도실무관,무도실무관 직업 소개.
무도실무관,후반부 친구들과 협업하는 것은 어디선가 많이 봤던 설정인 듯.
무도실무관,보호 관찰관이라는 직업에 대해 알게 된 계기가 되었어요. 무도 실무관이라는 직책도요. 이정도 멋지고. 성범죄에 대해서는 더욱 강력한 처벌이 내려지길 기대합니다
무도실무관,"감당할 수 없는 수준으로 판을 벌여놓고, 감당할 수 없으니까 그냥 엎어버린다."
무도실무관,성범죄좌들은 발찌를 채울게 아니라 다리를 하나씩 잘라버려야한다는걸 영화를 보고 또 느낌.
무도실무관,주인공의 범죄는 영화적허용인가 싶어서 아쉽지만 그래도 좋은영화였다.
무도실무관,메시지는 좋은데 뭔가 아쉽다
무도실무관,제발 이런 미디어를 통해서 드러나는 범죄자들에 대한 처벌이 강화되고 관계기관에 더욱 힘이 실리는 계기가 되었으면 좋겠습니다.
무도실무관,무도 실무관 직업 너무 멋지고 존경합니다. 딸 아이를 키우는 엄마의 입장에서 몰입해서 봤습니다. 불리하고 불리하다고만 외쳐대던
무도실무관,청년경찰? 아니 이제는 청년무도실무관. 에너지의 젊음이 영화에서 뿜어져나온다. 성균님 캐릭터의 디테일이아쉽다. 단군님 평대로 드라로 나왔으면 더 좋았을영화. 그래도 이정도면 만족!
무도실무관,무도실무관 이란 직군이 있다는 거 그 직업의 고됨을 알았고 김우빈의 액션은 멋졌다. 그러나 강력범죄자에 대한 사적제재하는 방법은 좀 아쉽다
무도실무관,흥미로운 소재 뻔한 이야기 뻔한 구도 뻔한 아재느낌
무도실무관,속상하고 슬프다
무도실무관,신선한 소재 정직한 스토리 착한 연기 무난한 액션
무도실무관,그냥 뻔한 추석영화같아요. 넷플은 돈 쓰고도 딱 이정도 애매한 이야기만 고르나봐요?
무도실무관,"재미는 있는데,, 경찰은 뭐하느라 민간인이 저런 흉악범을 직접 잡지? 검도가 훨 쎈데 왜 검을 안 잡지? 검사 고기 사막는 특활비 빼다 인원보강하지?"
무도실무관,많이 기대했는데 기대 만큼은 ㅠㅠ' 좋은 주제였는데... 더 살렸으면 좋았을거 같네요..
무도실무관,전반전은 재미있었는데 후반전은 살짝 지루.. 액션이라 해야 하나?? 싸우는 장면이 지루하다. 요즘은 마동석처럼 좀 담백한 액션이 좋은데..
무도실무관,현실에서는 일어날 수 없는 일이라 속이 시원했고 또 안타까웠다 세상이 이런 의롭고 도덕성을 갖춘 사람들로 가득찼으면 얼마나 좋았을까 다시금 생각하게 되는 영화
무도실무관,"넷플릭스는 직업 소개도 잘 합니다. 무난하게 만들어낸 [메이드 바이 넷플릭스] 조립식 드라마 같은 느낌은 지울 수 없었지만, 시간이 아까울 정도는 아니었음. 김우빈 배우님 굿잡👍"
무도실무관,최근에 본 베테랑2와 그 결이 같았다. 정말 분통 터지는 장면이 나와서 열받는다. 더 안타까운 갓은 왜 민중의 지팡이이누경찰은 안불러? 공권력을 좀 잘 이용 좀 하자…
무도실무관,아 영화내용보다 아동성폭력범욕만하고있었음
무도실무관,근 5년 간의 작품들 중 단연코 최악
무도실무관,소재는 좋다.
무도실무관,영화관 개봉이었다면 제2의 베테랑이 되었을지도
무도실무관,뻔한 내용이지만 직업이 색다르니 어느정도 흥미가 생긴다. 촌스러운 연출이고 뭐고 다 괜찮은데 김성균은 어쩌다..?
무도실무관,재밌긴한데 범죄부분에서 눈살이 찌푸려지는게 있음
무도실무관,노잼
무도실무관,"어디서 본듯한 스토리, 캐릭터, 연기."
무도실무관,"무도실무관 직업에 대해서 알 수 있었다. 실제로 일어날 법한 일들이라서 집중해서 보긴 했지만, 112에 신고 좀 하자. OTT용으로는 아주 나쁘지 않았지만.. 뭔가 좀.. 아쉽네"
무도실무관,나아지는게 없이 자기 복제만 하는게 박훈정하고 똑닮았다. 주인공과 친구들의 케미도 어색하고 마지막 모습도 짜임새가 없다. 그냥 다 쳐내고 액션에 좀 더 집중했다면 좋았을 듯하다.
무도실무관,그럭저럭 잘 쌓아올리던 서사에 사다리 걷어차기
무도실무관,애매한 영화
무도실무관,이렇게까지 평면적인 영화도 처음인듯
무도실무관,이런 청년만 있다면 우리나라 미래가 밝다ㅋ 김우빈이 딱이네 연기ㅋㅋ
무도실무관,마동석배우와는 또 다른 시원한 액션으로 사회적으로 관심이 필요한 이슈를 우리에게 알리는 거 같다.
무도실무관,극한직업이구나 했던 영화다 실제 이런직업이 존재하겠지만 영화처럼 하진 않겠지 김우빈 배우의 연기가 많이 좋아진 것 같아 스토리도 연기도 액션도 좋았다 넷플릭스 시리즈로 만들었으면
무도실무관,'청년'의 삶을 계속해서 조명하려는 감독이 이번에도 자신의 그 상업 영화 감각을 밀고 간다. 득이든 실이든.
무도실무관,영화를 긍정적인 방면으로 보는 편이긴 하지만 이건 김우빈 연기말고는 볼게 없었다고 생각함. 단순 오락영화로도 아쉬운작품
다크 나이트,흥미를 갖지 못하던 히어로 장르에 관심을 갖게 만든 영화!!!
다크 나이트,연기가 좋지만...나만 좀 지루했나...?
다크 나이트,불씨가 꺼져가던 배트맨 영화를 살려낸 놀란
다크 나이트,히어로 무비는 수준이 낮다는 사람에게 이 영화를 보여줘라.
다크 나이트,"너무 띵작,,,,다크한게 너무 좋아,,,밤에봐야 제맛...."
다크 나이트,"죽어가는 배트맨을 살려낸 크리스토퍼 놀란 감독. 배트맨을 진정한 영웅으로 만든 코리스찬 베일, 배트맨 보다 빌런을 더 유명하게 만든 조커 히스 레저. 배트맨 삽합은 다크나이트다."
다크 나이트,목석처럼 맥없는 장면이 많지만 끝내주게 재밌는 플롯(살짝 거슬릴 정도로 무결하진 않음)과 활기를 불어넣는 조커의 몸짓과 목소리 덕에 볼 만함
다크 나이트,진짜 다시는 볼 수 없을 명작 이만한 배트맨이 나올 수 있을까 그리고 히스레저의 명품연기 ㅠㅠ 이제 더는 못본다니 아쉬울 뿐입니다
다크 나이트,히어로 장르 그 이상의 상징과 철학
다크 나이트,"모순 가득한 선인가, 순수 악인가."
다크 나이트,#🎭 어둠을 비추어 세상을 밝히다.
다크 나이트,"현대의 대중이 원하는 영웅상, 그 양면성에 관하여"
다크 나이트,필요악과 절대악과의 대결.
다크 나이트,사탄과 예수
다크 나이트,할리우드에서는 예전부터 히어로라는 장르도 역시 꾸준히 만들어온 장르 중 하나다. 특히 <어벤져스>를 시작으로 지금까지 제대로 절정기를 누리고 있는 중이기도 하다. 작년에 마블영화 ...
다크 나이트,"크리스토퍼 놀란의 인생역작 '다크 나이트', 왜 찬사 받나"
다크 나이트,히어로물 싫어하는 내가 이 영화를 보고 생각이 달라졌다
다크 나이트,"선과 악, 혼돈과 정의를 깊게 파고든 철학적인 히어로 영화"
다크 나이트,최고의 배트맨
다크 나이트,정의란 유수에 악이 옮겨붙지 않도록 제 몸을 태우는 고목.
다크 나이트,낯선 장르 문법으로 악은 언제나 한 걸음 나아가고 선은 뒤쫓는다는 슬픈 명제를 탁월하게 창조해 낸 크리스토퍼 놀란의 최고작. 악은 분명히 존재한다. 2008. 4.0
다크 나이트,최고의 엔딩
다크 나이트,최고의 슈퍼히어로 영화.
다크 나이트,빈틈없이 짜여져 갖춰진 최고의 히어로 영화.
다크 나이트,세상 모순적인 선과 악
다크 나이트,"히어로의 품격, 빌런의 품격이란."
다크 나이트,선과 악의 한끗차이.
다크 나이트,모든 히어로 영화가 넘지 못하는 에베레스트
다크 나이트,"빛이 사라지면 깔리는 어둠, 그 어둠에 숨은 히어로가 있다."
다크 나이트,"이보다 최고의 히어로 영화가 있을까 선과악, 악당과 영웅은 한끝차이를 깨닫게해준 영화."
다크 나이트,이 영화를 처음 볼때의 충격을 다시 느끼기 위해 교통사고를 고려할정도였다
다크 나이트,역사상 최고의 슈퍼히어로 무비!
다크 나이트,조금 답답하고 지루했는데 엔딩이 지렸음
다크 나이트,끊임없이 선을 되새기게 된다
다크 나이트,선이란 무엇인가? 악이란 무엇인가?
다크 나이트,.
다크 나이트,멈춰있는 정의. 가속하는 광기. 미치지 않은 자만 미칠 여지가 있다
다크 나이트,말이 더 필요한가? 그냥 보면 이러한 평점들이 이해가간다.
다크 나이트,스토리 - ★★★★ 연기력 - ★★★★★ 몰입도 - ★★★★★ 안 본 눈 삽니다....영화관에서 처음 봤을 때 그 감동을 다시 느끼고 싶다
다크 나이트,"배트맨의 영화를 보았지만 스토리, 주인공보다 조커, 히스 레저의 연기에 감탄했다."
다크 나이트,동전의 양면처럼 빛과 어둠이 모두 공존하는 시대에서 선을 넘지 않고 묵묵히 세상을 지탱하는 존재들이 새벽 어스름을 넘어 정의의 아침을 밝히는 등불이 되다.
다크 나이트,S+ 히어로 영화의 교과서
다크 나이트,고인에게 진심 어린 박수를👏👏👏
다크 나이트,재밌어요!
다크 나이트,형만 한 아우 없다고 했는데 히어로 영화로 그 속설을 깰 수도 있구나!
다크 나이트,전설 그 자체
다크 나이트,아직도 마블은 다크나이트를 넘지못했고 DC는 다크나이트의 영향 속에서 영화를 만든다.
다크 나이트,"내가 봐왔던 히어로물의 정점. 선과 악에 대한 물음과 함께, 제목이 엔딩에 뜨면서 오는 전율."
다크 나이트,히스 레저 히 이즈 레전드
다크 나이트,미쳐버린 등장씬. 이제 다신 못볼 조커.
더 커버넌트,가이 리치 식 '아메리칸 스나이퍼' 혹은 '허트 로커'. 근작들과의 비교는 물론이고 훌륭했던 가이 리치의 초기작들과 견주어도 손색없을만큼 잘 만들었다.
더 커버넌트,가태식이 돌아왔구나
더 커버넌트,"연기 좋고, 연출 좋고.. 올해 본 최고의 영화 중 하나. 베테랑2보다 재밌는데, 볼 수 있는 기회가 훨씬 작다."
더 커버넌트,"아메드의 헌신을 긴 시간 조명했기에 같이 느낄 수 있는 무거운 책임감, 구출 과정 도중 또 다시 쌓아지는 업보와 이상의 완벽한 실현이란 존재하지 않을지도 모른다는 의문"
더 커버넌트,"빚 또는 서약, 서로의 유대로 얽혀드는 끈처럼."
더 커버넌트,약속의 실을 정직하게 꼬아 만든 인연의 고리.
더 커버넌트,"상영관 개수 늘려줘 제발 ㅠ.ㅠ 인물들의 서사도 재밌고, 목숨을 구한 은혜를 위한 여정, 전우애와 숨죽이면서 볼 수 밖에 없는 높은 몰입도까지!! 최근 본 영화 중에 가장 인상적임"
더 커버넌트,나를 버리고 약속을 지킨 진정한 의리. 더 참혹했던 아프가니스탄의 미군 철수 당시의 상황은 <레트로그레이드>에서.
더 커버넌트,영화메이트가 끌고 갈때 리치가이가 뭐냐 전쟁영화 장난하냐 투덜거린 나 반성합니다. 최근 본 영화 중에 제일 유잼. 브로맨스 찢었다..
더 커버넌트,가이리치 답지 않기에 밋밋하지만 가이리치 답지 않기에 오히려 좋았다.
더 커버넌트,"""계약""과 ""신뢰""에 관한 진지하고 성실한 가이 리치식 해답"
더 커버넌트,미국뽕
더 커버넌트,왜 제목이 커버넌트인가 생각하게되는 영화
더 커버넌트,킬링타임 보단 조금 위
더 커버넌트,모든게 잘빠졌다. 개연성만 조금 빼면
더 커버넌트,쫄깃함으로 가득찬 가이리치식의 last of us. 어설픔의홍수속에 간만에 진짜영화를 본느낌. OST까지 훈훈한2024최고의 영화
더 커버넌트,강추
더 커버넌트,휴먼 전쟁영화 속 익숙함의 활용
더 커버넌트,개봉 첫날에 본 영화.. 전쟁씬은 정말 잘만들었다는 것을 느끼게 해주었다
더 커버넌트,"초반에는 잘 모르는 묵직한 가이 리치라서 놀랐고, 후반에는 잘 알던 화려한 가이 리치여서 반가웠다. 여전히 잘하는 건 잘하고 못 하는 건 못했었다."
더 커버넌트,꽤 감동적이네요 . 한국에도 아프간 협력자들 많이 구출해왔죠
더 커버넌트,진실과 정의를 구분한 자에게 주어진 삶이라는 빛.
더 커버넌트,간만에 재미있게 본 전쟁영화
더 커버넌트,아주 재미있는 영화였습니다. 아흐메드 너무 멋있네요.
더 커버넌트,.
더 커버넌트,?
더 커버넌트,올 하반기 숨겨진 최고의 다크호스 등장!
더 커버넌트,극장에서만 느낄 수 있는 몰입감을 주기에 충분하다
더 커버넌트,바를지언정 너무 단순한 이야기(3.0)
더 커버넌트,미국관객들이 외면한 게 안타까운 명작
더 커버넌트,볼만하네
더 커버넌트,인간에게는 의리가 있다.
더 커버넌트,가이 리치 작품인지 모르고 보면 모를 정도로 가이 리치스러움이 미세하게 첨가되어 있다. 근데 이것도 나름 잘 해내고야 마는
더 커버넌트,실망시키지 않는 맛
더 커버넌트,"위정자들이 여러가지 이유로 내린 결정이 때론 거한 삽질일 수 있는데, 실제로 그 삽질을 해야하는 개인의 처절함이 잘 드러났다. 더해서 미국 행정기관에 깊은 빡침;;;"
더 커버넌트,어찌 탈레반은 이 병력을 갖출 수 있었는가… 질렌할의 미모로도 감춰지지 않는 현대사
더 커버넌트,담담한 내용안에 뛰어난 연기와 연출로 조용히 내 마음을 졸이게 만든다
더 커버넌트,처음부터 끝까지 좋았고 특히 마지막에 현실과 사진들이 아직도 뭉클하게 한다.
더 커버넌트,결론이 나야 된다는 신념 하나로
더 커버넌트,"8.9/신의, 정의, 의리의 계약. 혼신과 헌신으로 지켜낸 암묵의 약속."
더 커버넌트,건조한 거래 관계가 피로 맹세한 광신보다 더 뜨거울 수 있다는 것을 tip: 1. 촌스럽지 않은 미국뽕 2. 이름값 하는 가이 리치
더 커버넌트,점멸하며 행해지는 은혜이자 빛. 결과로써 갚아내는 저주이자 빚.
더 커버넌트,잊을수 없는 빚
더 커버넌트,가이 리치의 영화에 등장하는 음악이 좋다. 화면도 배우들도 좋았다.
더 커버넌트,긴장감으로 끌고가는 이야기가 흡입력이 굉장했고 스토리또한 준수한 한편의 드라마
더 커버넌트,총알이 비자로 바뀌는 결초보은
더 커버넌트,"감독이 이 영화를 연출한 의도를 알고, 무척 재미 있다. 배우들의 연기도 무척 뛰어나다. 하지만 요즘엔 미군과 전쟁 소재에 많이 지쳐있는 것 같다."
더 커버넌트,가이 리치 특유의 스타일리쉬한 연출이 톡톡히 살아있으면서 서사도 좋은 전쟁영화
더 커버넌트,전형적인 미국만세 영웅담에서 벗어나 자기반성과 책임에 대해서 말하다
더 커버넌트,끝까지 숨죽이고 봤던...서로의 신의를 끝까지 지키는 넘 감동적이었다...
트랜스포머 ONE,"(신이난_마동석_384816님 양도로 참석) ""트랜스포머가 애니메이션으로?"" 처음에는 갸우뚱할지는 모르지만, 영화를 보면 그 이유를 납득할 수 밖에 없을 것이다."
트랜스포머 ONE,트랜스포머 ONE | 너무 늦게 도착한 이야기의 시작
트랜스포머 ONE,생각보다 재미있고 감동적이었습니다. 아이들이 너무 좋아했어요!
트랜스포머 ONE,각각의 캐릭터에 애정을 가지고 어떻게 만들지 깊게 고민했다는 것이 분명하게 보이는 결과물이었다.
트랜스포머 ONE,애니메이션으로 다시 왔지만 초창기의 느낌을 가득 가지고 온 영화
트랜스포머 ONE,내가 본 트랜스포머 중 제일 재밌었다
트랜스포머 ONE,미국개그에 트랜스포머 환장하는 양반이거나 이게 영화 트랜스포퍼 1.2편 다음 바로 나왔으면 환장했을 영화.. 지금은 그냥 감흥없음..
트랜스포머 ONE,사족 없이 오로지 스토리텔링에 집중한 시원한 전개에 팬이 아닌 사람이 봐도 뽕이 차오르게 하는 연출력으로 조화된 담백한 영화였다.
트랜스포머 ONE,"프리퀄로써 본편으로 가는 전제 조건은 충족했지만, 마이클 베이의 <트랜스포머> 속 신선한 느낌과 충분한 만족감은 주지 못했다. 재미는 있지만 크게 와닿지는 않은 느낌이랄까..."
트랜스포머 ONE,재밌게 본 영화중 하나입니다.
트랜스포머 ONE,원작팬들의 소원이 이루어졌다.
트랜스포머 ONE,공들여서 만든 티가 나서 칭찬해주고 싶은 작품 지금까지의 트랜스포머 시리즈를 잊게하는 새로운 시작의 애니메이션
트랜스포머 ONE,현란한 영상과 액션을 기반으로 정해진 스토리를 흥미롭게 만들어 나간다.
트랜스포머 ONE,"애니메이션이 보여주는 마법의 힘, 로봇도 사람 같자너~"
트랜스포머 ONE,이 코그엔 성격 변환 기능까지 탑재되어 있습니다!
트랜스포머 ONE,깊이 없는 엉망진창 소동극이지만 이제야 제 자리를 찾게 된 이야기의 새로운 시작
트랜스포머 ONE,긴 여정의 시작을 다룬 완벽한 맞물림
트랜스포머 ONE,오십보백보의 재미와 재미없음의 조화사이 4dx에 절여진 액션은 좋았다
트랜스포머 ONE,끝날 때되니 메가트론은 윤석열 같은 놈인 걸 알 수 있었다. 그렇다면 옵티머스 프라임은?? 조국?? 메가트론 싹을 짤랐어야 되는데.. 정 때문에 살려주다가 이 지경이 됐네..
트랜스포머 ONE,옵티머스 프라임이 제 이상형입니다
트랜스포머 ONE,한때 열광했던 변신 로봇의 전사(前史)
트랜스포머 ONE,트랜스포머one
트랜스포머 ONE,(재밌는_김혜수_306459님의 양도로 참석) 무난하게 트랜스포머의 진짜 장점을 담아냈다.
트랜스포머 ONE,"하품 나올 듯한 초반, 미친 CG 액션의 후반!"
트랜스포머 ONE,’튜닝의 끝은 순정‘ 느낌의 군더더기 없는 전개. 때묻은 어른들에겐 뭔가 뻔한 스토리 같지만 원래 로봇물이 이런 거 아니겠어?
트랜스포머 ONE,삼단 변신을 싫어할 사람이 있을까
트랜스포머 ONE,"트랜스포머 팬이라면 놓칠수 없는. 행성의 평화를 지키고, 3~5편의 똥칠을 닦으려 부단히 노력하는 그들이 멋있다."
트랜스포머 ONE,트랜스포머 ONE
트랜스포머 ONE,세상에..이야기가 되네 ㅋㅋ
트랜스포머 ONE,나의 로봇 성장기
트랜스포머 ONE,개봉 이틀째날에 본 영화.. 프리퀄로써의 역할은 어느정도 해주었다
트랜스포머 ONE,시리즈를 거침없이 찍어내다 망했더니 그제야 초심으로 돌아가 차근차근 스텝을 밟기 시작했다 진작 좀 하지
트랜스포머 ONE,진짜 진작에 이렇게 만들지... 물 다 빠지고 잘 만들면 뭐하누
트랜스포머 ONE,"제대로 쏘아올린 시리즈 재도약의 신호탄, 만약 <트랜스포머>를 '픽사'가 제작했다면 이런 느낌이었을까."
트랜스포머 ONE,.
트랜스포머 ONE,이렇게 매력적인 캐릭터를 그동안 미국 무기로만 썼냐
트랜스포머 ONE,두 개의 이념은 공존할 수 없는가....
트랜스포머 ONE,본연의 정체성을 되찾은 기원담으로 힘차게 날아오를 준비를 마치다.
트랜스포머 ONE,“애니메니션이라 무시하지 마라!”
트랜스포머 ONE,부족함이 없지 않지만 기존 팬들의 바램을 충족시키면서도 충분히 깔끔하고 새로운 트랜스포머 시리즈의 출발점
트랜스포머 ONE,최고의 트랜스포머 1편의 이전 이야기. 귀여운 범블비의 과거를 대입해서 보니 더 재밌었다. 저렇게 쫑알쫑알 했다고?
트랜스포머 ONE,진짜 1편.
트랜스포머 ONE,무모하더라도 필요한 영웅의 서막
트랜스포머 ONE,"스토리에 있어 편한 선택을 이어가지만 이들을 조금이나마 안다면, 상당한 영상미와 함께 충분히 즐길 수 있을 것."
트랜스포머 ONE,[트랜스포머 더 무비] 이후로 최고의 트랜스포머 영화.
트랜스포머 ONE,빨리도 왔다 참...
트랜스포머 ONE,더빙도 볼만하네 삐따칸트론~ 재밌고 감동적이고 다했다
트랜스포머 ONE,인기가 식은 트랜스포머에 한줄기 빛
트랜스포머 ONE,장기 이식받으면 성격이 바뀐다는 게 진짠가 봐
트랜스포머 ONE,오탁꾸의 심장을 자극한다
윤희에게,"?윤희에게 퀴어 무비, 로드 무비 등등 영화를 정의하는 말은 많겠지만, 저는 삶에 갇힌 윤희가 평생 썩혀둔 감정을 마주하는 성장 영화라고 하고 싶습니다. ⠀ 첫 사랑을 그린 영화..."
윤희에게,나를 맴돌게 하는 너의 부재에게
윤희에게,"달빛 아래서, 눈밭 가운데서, 네 꿈을 꿔."
윤희에게,여성의 상처를 위로하는 여성의 연대
윤희에게,세상에 존재하는 윤희들에게.
윤희에게,담담하게 올라오는 감정이 참 좋았던 사랑 영화.
윤희에게,"천천히 쌓여가는 눈처럼, 느리지만 차곡차곡 감정의 공백을 하나 둘 채워 나간다."
윤희에게,"세상에는 수많은 형태의 사랑이 있다. 사람도, 방법도 모두 다르지만, 사랑이라는 본질은 같다. <윤희에게>는 사랑의 형태가 아닌 ‘사랑’ 그 자체를 이야기한다."
윤희에게,스크린에 펼쳐진 눈의 풍경 속 절제미. 화면 가득 이어지는 겨울의 모습과 깊이 있는 배우들의 연기가 복잡한 사연을 가진 이야기를 감성을 담아 깔끔하게 전달해 준다.
윤희에게,"차오르다 못해 흘러내린, 비워낸 형태의 만월 이야기"
윤희에게,나를 숨기고 산다는 것
윤희에게,"'눈'처럼 만지면 차갑지만 바라보면 따뜻한 감정, 사랑과 그리움"
윤희에게,손편지 같은 영화. 펜을 쥐고 한 글자 한 글자 꾹꾹 눌러 써 자국이 깊게 남은 편지를 읽는 것처럼. 누군가의 진솔한 마음을 담담하게 들여다보게 했다. 하얀 눈으로 뒤덮인 삿포로...
윤희에게,현재에 과거를 쌓아 올리기
윤희에게,'윤희에게'는 과거 인연에게서 온 편지를 읽은 딸의 권유에 추억이 깃든 장소로 여행을 가게 된 여인에 대한 이야기다. 김희애라는 탄탄한 주연을 내세운 이 영화는 한국과 일본을 오가...
윤희에게,그냥 매혹당한 기분이다
윤희에게,겨울이 되면 편지장면이 자꾸만 생각난다 오래된 사랑처럼 가끔 다시 오게 되는 영화
윤희에게,마지막 엔딩의 한마디에 가슴이 무너졌다....겨울마다 생각나는 영화
윤희에게,“쥰에게.” 윤희의 편지가 없었다면 내가 다 느끼지 못했을지도 모른다
윤희에게,"누군가의 영원으로, 한 계절로 기억되어 영영 잊힐 수 없는 사이가 있다."
윤희에게,오랜 시간이 지났음에도 사무치게 그리워 꿈에 나오는 그 사람에게 언젠가 나도 편지를 전할 수 있길 “용기를 내고 싶어. 나도 용기를 낼 수 있을 거야.”
윤희에게,.
윤희에게,"#✉️ 부치지 못한 편지들과, 그치지 않는 마음들."
윤희에게,김소혜 연기가 어색하다 싶었는데 어쩌면 그 또래의 모습을 너무 잘 담아낸 걸지도.
윤희에게,아름답고 세심하게 표현된 사무치는 그리움. 치워도 뒤돌면 쌓이는 눈처럼 그리움 또한 잊으면 더욱 커지곤 한다.
윤희에게,"보면서 참 잔잔한 영화라고 생각했는데, 다시 곱씹어보니 생각보다 치열한 영화였다."
윤희에게,살다보면 뭐든 더이상 참을 수 없어지는 때가
윤희에게,"편지, 필름 카메라, 눈, 겨울, 사랑."
윤희에게,모두는 만월이다. 단지 잠시 구름에 가려있을 뿐ᆢ
윤희에게,이렇게 아름답고 아련하고 우아한 영화라니.
윤희에게,너무 잔잔해서 아쉬운 영화
윤희에게,눈빛만으로 스쳐왔던 모든 그리움과 쓸쓸함을 말한다.
윤희에게,“새로이 봄이 시작돼 듯”
윤희에게,굿 연기 음악 영상미도 좋았다. 윤희가 우는 장면...
윤희에게,영화 윤희에게 리뷰
윤희에게,어떤 스킨쉽도 없이 눈빛만으로만 전하는 사랑
윤희에게,내가 가닿지 못할 어떤 마음에 대해
윤희에게,"정직하게, 그저 또박또박 적어내려갔던 편지. 김희애만이 살릴 수 있던 감성."
윤희에게,"꿈 속에 아련히 남은 당신, 행복"
윤희에게,쓸어도 쓸어도 다시 쌓여있는 눈 처럼 그렇게 꾸준한 사랑이니 너희 이제 그만 만나. 제발 행복하자. 200302
윤희에게,나도 가끔 네 꿈을 꿔.
윤희에게,"“러브 레터”에 퀴어 한 스푼, 아름다운 색감까지."
윤희에게,시간을 뛰어넘는 편지의 힘으로 이어지는 인연
윤희에게,잔잔한 여행속에서 우리를 찾아간다
윤희에게,2020.01.10. 2번째 관람
윤희에게,"겨울에 눈이 오면 챙겨보는 영화. 영화를 본 후로, 사랑하는 사람에게 꼭 편지를 써주고 있다."
윤희에게,여운남는영화
윤희에게,상처 받았던 일보단 사랑했던 일을 더 오래 기억할 줄 아는 여성들이 설원 위에 남긴 발자국 같은 영화
윤희에게,좋은 영화도 이렇게 느리면 버티기 힘들다
윤희에게,"영화 속 풍경은 눈이 덮혀 내내 춥지만, 마음은 점점 더 포근해지는"
악마와의 토크쇼,흐음……….뭘 의미하는지도 모르겠고 티비쇼같은 느낌인데 너무 엉성합니다……..기대감이 커서 그런걸까요
악마와의 토크쇼,독이 든 성배 & 시청률이란 악마와의 거래.
악마와의 토크쇼,진부한 컨셉도 휼륭하게 풀어내다 황당하게 마무리 짓는다
악마와의 토크쇼,토크쇼라는 형식은 유쾌하게 재현되어 흥미로우나 그밖의 전개는 새롭다기보단 불완전하고 여러 복선을 잘 쓰지 못한 채 심상세계의 혼란 속에서 흐지부지해진다.
악마와의 토크쇼,나쁘지않은데... 끝이 당혹스러움
악마와의 토크쇼,신선한 연출과 콘셉트으로 보여주는 흐리멍텅한 이야기
악마와의 토크쇼,애매한 공포 애매한 레트로 연출………..연기도 잘 모르겠다
악마와의 토크쇼,심리적 공포보단 그로테스크한 장면들에 눈쌀이 찌푸려짐. 엔딩장면 이해안되서 유툽 결말포함 영상 보러 ㄱㄱ
악마와의 토크쇼,영화가 너무 친절하다는 점이 좀 실망스러움. 나는 오직 이상했던 그날의 방송 송출분만 궁금한 건데 영화가 너무 내게 모든 걸 알려주려고 함.
악마와의 토크쇼,과연 시도만으로 어디까지 칭찬을 해줘야하는가?
악마와의 토크쇼,토크쇼가 보여줄 수 있는 순간들의 정점
악마와의 토크쇼,"진짜 티비쇼처럼 만들어서 몰입감은 좋았지만, 가짜인걸 아는 티비쇼 영화에서 공포감 하나 없이 진짜 악마가 나와서 찢어버리고 끝나는 건 뇌절에 가깝다고 생각된다."
악마와의 토크쇼,컨셉이 시선을 잡아끈다. 그리고 초중반 몰입감이 좋다. 하지만 후반이 지나치게 익숙하고 깔끔하게 끝난다. 극장에서 보는 것을 강력 추천!
악마와의 토크쇼,[키노시사회] 색다른 형식은 좋았으나 초반은 약간 루즈한 느낌? 후반부는 나쁘지 않았어요. 근데 공포장르로는 좀 약한듯해요.
악마와의 토크쇼,데이비드 다스말치안의 연기와 70년대톤 오컬트 라이브 방송
악마와의 토크쇼,"found footage 장르로 만든 독창적인 공포물의 탈을 쓴 조회수와 인간 내면에 대한 탐구. ""모두 내면에 악마를 갖고 있다"""
악마와의 토크쇼,새로운 세계를 보는 신선하면서도 가장 정직한 방식
악마와의 토크쇼,#📺 거짓말 하지 않는 카메라는 감춰진 세계를 찍어낼 수 있는가.
악마와의 토크쇼,이래서 사이비에 빠질수밖에 없구나....
악마와의 토크쇼,"참신한 소재, 다소 지루한 내용"
악마와의 토크쇼,옛날 서양의 오컬트 분위기와 소재를 잘 살린 느낌. 특유의 분위기와 연기가 꽤 볼만했던.
악마와의 토크쇼,엄청 유명한 두부맛집에서 순두부집을 냈어. 가니까 바뻐 다들. 순두부 나오기전에 가자미나 고등어구이가 나왔는데 누가 먹다가 남겨서 뼈가 듬성듬성 있고 살도 반만 있어. 딱 그래.
악마와의 토크쇼,"1977년 할로윈, 그 토크쇼가 시작된다."
악마와의 토크쇼,뭐지? 자극만 쫓다 괴랄한 영화가 돼버렸다. 호러? 오컬트? 미디어 비판? 인간의 욕망? 갖다 쓴 모든 게 얄팍하고 말초적이다. 그나마 버티고 있던 구조를 끝 10분이 완벽히 무너
악마와의 토크쇼,어수선한 70년대 호러 연출쇼에 최면 당하지 못했다
악마와의 토크쇼,시작은 웅장했으나 결말은 우뢰매 ㅎㅎㅎㅎㅎ
악마와의 토크쇼,"모큐멘터리 느낌을 더 많이 주었더라면 좋았을 것 같은데, 약간 이도저도 어닌 느낌"
악마와의 토크쇼,하.....
악마와의 토크쇼,"이제 시작되나? 아, 이제 시작인가? 오, 이제 진짜 시작인가봐 (Cgv였는데도 엔딩 크레딧에서 불이 안 켜짐) 오, 한 번 속이고 진짜 뭐 제대로 보여주려나봐!! 엥."
악마와의 토크쇼,인간의 욕망을 먹잇감 삼은 미디어의 섬뜩한 최면.
악마와의 토크쇼,자극을 양분 삼는 더 호러 라이브
악마와의 토크쇼,악마와도 같은 미디어게임
악마와의 토크쇼,불쾌함
악마와의 토크쇼,"70년대 토크쇼 분위기를 재현하는 것만은 즐거우나, 자꾸 거짓임을 상기시키는 장치들 때문에 정말 하나도 안무섭다."
악마와의 토크쇼,흑백과 컬러를 넘나들며 증폭된 긴장감
악마와의 토크쇼,"한정된 공간에서 벌어지는 준수한 연출의 몰입도 높은 영화. 조금 더 심리적으로 기만하는 것들이 나올 줄 알았는데, 그정도는 아니었음. 살짝 아쉬움."
악마와의 토크쇼,독창성하나로 밀고 붙이는 심리’전‘에 공포라는 사이드의 막걸리의 콜라보레이션
악마와의 토크쇼,스크린에 채널 고정 아니 시선 고정시키는 레트로 호러
악마와의 토크쇼,부산스러운데 지루하다
악마와의 토크쇼,"악마도, 토크도 적중하지 못하고 연신 헛발질."
악마와의 토크쇼,정신이 번쩍드는 발칙한 호러쇼
악마와의 토크쇼,공포보다는 스릴러에 가까운 실화가 바탕이라는데 과연 어디까지 믿어야 되는가 (시사회 24.5.7)
악마와의 토크쇼,핼올윈 🎃🦉
악마와의 토크쇼,시청률에 목 맨 방송의 최후. 방송- 현실-망상의 컬러와 화면비율 변화가 흥미롭다. 70년대 미국 토크쇼의 분위기와 푸티지 영상도 잘 고증했다. 할로윈에 왜 악마를 소환해서..ㅉㅉ
악마와의 토크쇼,장르와 형식의 흥미로운 번안
악마와의 토크쇼,돈과 시청율.. 사회적 숫자들은 진실을 담아내지도 않고 성공하게 만들어주지도 않는다.
악마와의 토크쇼,"Dreamers here, wake up. -Happy Hall-Owl-Ween-"
악마와의 토크쇼,아조씨 세대를 위한 오컬트 호러
악마와의 토크쇼,넷플릭스에서 미국 예능 처음 봤는데 볼만하네요
악마와의 토크쇼,2025-01-25 / 012 / 점입가경
