﻿movie_title,review
히트,하이스트 영화의 클래식. 두 배우의 명연기와 숨을 멎게 만드는 시퀀스들은 17년이 지난 지금도 잘 숙성된 와인처럼 깊은 풍미를 지닌다.
히트,"강도와 경찰의 치열하고 화끈한 대결. 드니로와 파치노는 각자 강렬한 마성을 지닌, 하지만 개인적인 공간에서 약해지는 프로들을 연기하며 서로 원거리에서 지켜보고 있음에도 불구하고 누..."
히트,28년만에 다시 보니 시가지 총격전 보다 애처로운 세남자의 사랑 이야기가 가슴에 더 와닿는구나...
히트,시가지 총격전 보고 또 보고...
히트,.
히트,드니로와 알파치노가 함께 나온다는거 자체부터 이미 볼 가치가 뛰어난 영화.
히트,역대 최고의 시가전을 펼치고 팽팽한 눈치 싸움으로 긴장감을 높이다
히트,이 작품은 단순 액션으로 정의를 할수 없다
히트,두 배우의 카리스마는 오락영화도 오락영화로만 볼 수 없게 만든다 좋은 상업 영화는 시대를 타지 않는구나 라는 생각을 다시금 하게 만든 영화
히트,엔딩이 반대가 되는 영화도 보고 싶다
히트,"알 파치노와 로버트 드니로. 두 배우가 같이 나왔다는 것만으로도 봐야하는 영화. 형사와 갱스터의 도심 속 대결이 뼈대이지만, 직업인으로서의 애환도 느껴지고 외롭고 허무하다."
히트,클래식
히트,지금보면 좀 오래된 연출과 올드한 면이 있는것도 사실 전설은 과장되기 마련인데 알파치노 연기를 보고있노라면 전설이 축소되었다고 느껴짐
히트,"알 파치노와 로버트 드 니로라는 할리우드 레전드 두 배우의 만남. 뛰어난 연기력, 긴박감 넘치는 추격전, 그리고 깊이 있는 스토리까지, 모든 것이 완벽하게 조화를 이룬다."
히트,클래식으로 몰아붙이는 극강의 오락영화
히트,총기액션영화의 모범답안
히트,초반 1시간 30분은 빌드업 후반 1시간 20분은 긴장감 넘치고 뜨겁고 강렬한 액션을 선사한다
히트,로버트 드 니로의 카리스마가 압도적이다. 범죄영화 클래식의 정수
히트,로버트드니로 vs 알파치노
히트,정교함이 깨져 버린 원칙에 삐걱데는 균형을 리얼한 연출로 멋을 더한다.
히트,촘촘히 짜여진 스토리와 도로에서의 추격씬과 액션씬 그리고 배우들의 명연기. 액션 스릴러 영화 중 최고의 영화.
히트,흠잡을 데 없는 연출이 돋보이는 가운데 시가전 장면이 압권이군
히트,96년도 작품이라 영상물이 넘쳐나는 24년도에 보기엔 밋밋한 감이 있지만 총격씬 하나만으로도 명작이라고 할 수 있다.
히트,"가슴이 뜨거워질 정도로 냉렬하고 치명적인, 또 다른 측면에서는 깊숙한 인간성을."
히트,서로 다른 길을 걸을 수밖에 없던 두 남자
히트,"프로들에 의한 극한의 마초적 형식주의, 마이클 만 스타일의 정점!"
히트,여태 이보다 뛰어난 총격신은 없었다
히트,범죄 액션 스릴러의 교과서.
히트,오직 인간만이 낼 수 있는 열기로 가득찬 뜨거운 영화.
히트,근-본
히트,매력적인 악당이 매력적인 형사와 충돌한다
히트,프로학 개론.
히트,범죄자와 형사의 캐릭터가 역전된 재미가 있다
히트,너무 심플하지도 복잡하지도 않은 적당한 각본에 현실적이고 납득이가는 설정과 액션. 고전적이지만 세밀한 연출을 통해 계속 몰입하게 만드는 작품. GTA5가 하고싶어진다.
히트,이 영화의 빛나는 부분은 가슴뛰게 한다
히트,범죄 스릴러 장르의 절정체.
히트,어느한쪽으로 치우치지 않는 스타일리쉬한 범죄영화
히트,내용은 진부하나 두 명배우를 한 영화에서 볼 수 있어 넘나 감사했다. 90년대 미국 문화의 일면인 총격전은 지금의 사회 병리 현상을 예고하는 둣하다
히트,마지막 총격씬 만으로도 …
히트,거리에서의 총격씬은 명작중에 명작임
히트,잊을수 없는 총격전
히트,"마이클 만 감독의 최고의 범죄 드라마, 로버트 드니로와 알 파치노의 케미 압권"
히트,로버트 드니로&알 파치노 그 자체로 훌륭함
히트,액션~~
히트,"'남자'의 원초적인 향은 물씬, 감정선은 늬엿늬엿."
히트,번역이 그지같아서인지 도무지 집중도 안되고 재미가 없다
히트,결국 한끗차이였던 두남자의 추격전
히트,깜깜한 밤 밝은 터널을 지나가는 장면은 앞으로의 복선을 나타낸다. 이는 비행장에서도 마찬가지다. 그 둘은 어쩌면 어두운 곳과 밝은 곳에 있을 뿐 한 배에서 태어난 형제가 아니었을까
히트,기혼자간의 다툼. 냉정함이 의리를 사로잡아먹는 정의.
히트,"총격신이 아주 대단함. 이제는 너무 나이가 들어 액션이 힘든 두 배우의 액션도 좋음. 드 니로의 마지막 선택은 마음에 안 들지만, 그럴 수 밖에 없었겠다 싶음."
캐치 미 이프 유 캔,"권력(power)이 나를 쫓도록 하라. 그가 더이상 도망치지 않았던 이유는 더이상 쫓는 사람이 없었기 때문이 아니라, ‘되돌릴’ 것이 사라졌기 때문이다. 프랭크가 처음 도망치던 순..."
캐치 미 이프 유 캔,"""자기야, 나 잡아봐라!"" 라고 경쾌하게 도망치는 디카프리오, ""자기, 기다려! 내가 잡으러 간다!"" 라고 경쾌하게 잡으러 가는 톰 행크스."
캐치 미 이프 유 캔,실화를 바탕으로 했는데 긴장감도 있고 너무 재미있었다.
캐치 미 이프 유 캔,위대한 사기꾼을 구원한 것은 그를 보듬어 줄 따뜻한 관심.
캐치 미 이프 유 캔,"진짜 이름으로 첫 출근했을 때, 진정한 프랭크의 삶이 시작됐다."
캐치 미 이프 유 캔,이때부터 이미 <더 울프 오브 월 스트리트>의 싹이 보였다.
캐치 미 이프 유 캔,긴장감 넘치면서도 재밌었던 영화!
캐치 미 이프 유 캔,"매력적인 캐릭터는 인정, 나머지는 잘 모르겠다."
캐치 미 이프 유 캔,실화임을 알고 나서는 세상에는 이런 일도 일어날 수 있구나 하고 신기해했던 기억이 있다. 정말 지능이 뛰어났던 사람. 꼭 범죄자의 길을 선택해야만 했을지는 의문이다.
캐치 미 이프 유 캔,제복입은 그 시절 디카프리오를 보는 것만으로도 이 영화는 볼 가치가 충분하다
캐치 미 이프 유 캔,실화를 만들거면 이렇게 배우들의능청스러움이 넘쳐난다
캐치 미 이프 유 캔,강렬하고도 맹목적인 꿈을 쫒기만 했던 한 남자의 이야기
캐치 미 이프 유 캔,"“거지는 호화스러운 옷을 입고있어도 거지고, 부자는 거지꼴을 하고 있어도 부자다.”"
캐치 미 이프 유 캔,권력은 슈트에서 나온다.
캐치 미 이프 유 캔,개인적으로 레오나르드 작품 중에 가장 흥나는 작품. 그가 기어다니는 모습은 여전히 매력적이다~ ㅋㅋ
캐치 미 이프 유 캔,줄이 꼬이면 풀면 된다
캐치 미 이프 유 캔,웬만한 영화보다 더 믿을 수 없는 실화를 베이스에 명연기와 극적인 연출로 살을 붙여 뛰어난 작품을 탄생시켰다. 실화를 바탕으로 한 영화 중에 가장 흥미진진하고 몰입도 넘치는 걸로는...
캐치 미 이프 유 캔,"깔끔하게 잘 만든다, 스티븐 스필버그"
캐치 미 이프 유 캔,"스필버그의 능숙한 연출, 톰 행크스의 연륜미, 디카프리오의 미모와 언변이란 삼위일체에 흠뻑 빠졌다."
캐치 미 이프 유 캔,이게 영화의 매력이지
캐치 미 이프 유 캔,관객에게도 결국 사기치다
캐치 미 이프 유 캔,Please catch me. You can.
캐치 미 이프 유 캔,삶
캐치 미 이프 유 캔,유쾌한 러브 코미디 속 외로움
캐치 미 이프 유 캔,각본이 다 살렸다
캐치 미 이프 유 캔,이제 아무도 널 쫓지않아
캐치 미 이프 유 캔,손에 땀쥐게 재미난 있지만 백인 남성 범죄자의 자기연민은 꼴사나웠던...
캐치 미 이프 유 캔,기대했던거 이상을 보여주었고 우리의 니즈는 통하였다. 스티븐 스필버그 최고작은 나에겐 캐치미 이프유캔이다.
캐치 미 이프 유 캔,지루할 틈이 없다.
캐치 미 이프 유 캔,인생영화라고 할 수도 있겠다 결핍을 예쁘게 풀어냈다
캐치 미 이프 유 캔,유쾌한 그들의 추격전
캐치 미 이프 유 캔,"사기꾼의 사기쇼, 끝은 다같이 해피?"
캐치 미 이프 유 캔,스필버그의 영화는 눈을 땔 수가 없다.
캐치 미 이프 유 캔,"실화를 바탕으로 한 영화는 더 기대하게 될수도, 덜 기대하게 될수도 있는데. 기대하게 해놓고 만족시켰던 영화. 범죄자가 이렇게나 천재적이라니.. 그 머리로 뭘 해도 됐을것을..."
캐치 미 이프 유 캔,참신하고 천재적인 이야기의 향연
캐치 미 이프 유 캔,인생 영화
캐치 미 이프 유 캔,러닝타임 내내 이게 실화라니 라는 생각이 계속 들게하는 영화보다 더 영화같은 그의 삶
캐치 미 이프 유 캔,위대한 사기꾼과 끈질긴 FBI의 추격전.. 도와주려는 사람이 기회를 줄 때 그걸 꼭 놓치지 말고 잡아야 한다.
캐치 미 이프 유 캔,주인공의 깡이 놀라워요! 흥미진진한 영화입니다
캐치 미 이프 유 캔,말만 하면 돠 되는
캐치 미 이프 유 캔,"실화라곤 하지만 영화같은 이야기의 영화 성숙한 어른, 부모의 중요성."
캐치 미 이프 유 캔,이시절 영화 특유의 필름 감성이 좋다. 스토리는 말할것도 없고.
캐치 미 이프 유 캔,사기는 기세. 기백.
캐치 미 이프 유 캔,재밌다. 뭔가 바람이 시원하게 부는 듯한 영화. 사기꾼의 능청스러움과 두뇌회전을 보는 맛이 있다. 디카프리오의 미모는 덤.
캐치 미 이프 유 캔,믿고 맏길수 있는 장인들 출연.
캐치 미 이프 유 캔,헌터같이 진지한 추격전일줄 알았는데 연출이 코믹했음 긴 시간인데 지루함 없이 봤고 결국 커서도 부모의 이혼으로 충격받은 어린이만 있었다 전화할 사람이 없었겠지 부분의 연출이 미쳤다
캐치 미 이프 유 캔,😁
캐치 미 이프 유 캔,그저 화목했던 가족을 되찾고 싶었던 어린 소년
캐치 미 이프 유 캔,대단한 어휘가 필요 없다. 너무 잘 만들어서 이야기에 빨려들어갔다.
캐치 미 이프 유 캔,실화 바탕이라는 것이 놀랍다
라이트하우스,“신의 권능을 탐하는 자의 환희에 찬 파멸과 침묵”
라이트하우스,극장에서 보지 못한것이 한 일정도로 분위기에 압도된다
라이트하우스,세이렌과 사이렌의 절망적인 공명과 구원으로 둔갑한 지옥의 빛.
라이트하우스,라이트 하우스
라이트하우스,.
라이트하우스,세이렌의 노예가 되어버린 오딧세우스. 욕망으로 추락해버린 프로메테우스.
라이트하우스,"보이지 않는 빛을 찾아 이성을 잃고 헤엄칠수록, 한 줄기 남아있던 빛마저 희미해져 간다."
라이트하우스,인터넷만 됐어도 괜찮았을 텐데.
라이트하우스,"닿을 수 없는 저 위에서만 존재하는 빛, 광기의 파도에 배는 방향을 잃고 침몰하네."
라이트하우스,생각보다 단순하고 확실한 상징을 지나치게 장황한 대사와 구식 촬영 기법으로 덮는다. 의도적인 안개로 가려버린 등대. 특정 장면들은 강렬하게 좋지만 대체적으로 지루함.
라이트하우스,불빛을 향한 그의 치열하고 고달픈 경주안에 많은 악귀와 이상한 운명의 광기가 섞여있다
라이트하우스,사람이 살살 미쳐간다
라이트하우스,정말 꼭 봐야하는 영화
라이트하우스,"권력, 그리고 탐욕의 빛에 눈이 먼 인간에게 꽂아지는 억겁의 대가"
라이트하우스,이곳으로 오라고 손짓하는 등대 빛에 짙은 그림자.
라이트하우스,비단 어둠만이 아니라 빛 또한 때론 모든 것을 잠식시켜 버린다.
라이트하우스,"""난 존나 방목형 인간도 못 된다고!"" 지미 양의 스탠드업 코미디 중에서"
라이트하우스,윌렘 데포에게 뒤지지 않는 로버트 패틴슨의 광기어린 연기
라이트하우스,심연의 바다에 갇힌 채 그저 일렁이는 구원을 바라는 눈 먼 영혼들의 폭주하는 광기.
라이트하우스,흥미로운 미스터리 요소를 여기저기서 끌어모은 다음에 흑백처리만 하면 될 줄 알았지?
라이트하우스,A24가 내놓은 호러무비 블랙라벨. 내 눈엔 폼만 잔뜩 잡은 영화로만 보일 뿐.
라이트하우스,질서라는 억압과 자유라는 유혹 결국 구원받지 못한 프로메테우스
라이트하우스,"쏟아지고는 질식시키는, '계단' 너머의 유혹과 욕망의 수기."
라이트하우스,"고독을 버티기 위해 끊임없이 새 자극을 재생산해야 하는, 인간의 태생적 형질에 만연해있는 공포의 기재. 구원의 허상."
라이트하우스,누구도 그를 파괴하지 않았다. 그저 그 곳에 얌전히 두었을 뿐이다. 인간 내면의 붕괴에 대한 놀라운 체험.
라이트하우스,등대지기를 죽이는 1.19:1 화면비
라이트하우스,미친 연기
라이트하우스,미니멀한 스캐일에서 맥시멈 광기
라이트하우스,영화가 금기를 다루는 법
라이트하우스,은유가 넘쳐서 어렵지만 몰입감 하나는 최고.
라이트하우스,"화면부터 너무 ‘갇혀’ 있어, 느끼기조차 쉽지 않은."
라이트하우스,뇌 속에서 벌어지는 끊임없는 전쟁을 목격했다. 그리고 그 전쟁을 끝으로 다시금 깨어났다.
라이트하우스,뒤틀린 프로메테우스를 낳은 고독한 등대의 만화경
라이트하우스,짙은 안개처럼 휘감는 ‘광기의 초현실주의’.
라이트하우스,광기를 목탄으로 그리면
라이트하우스,"괴이의 품위, 폭압의 광기가 번갈아가며 파도치는 사이코스릴러, 더할 나위 없이 해괴하고 망측하기만."
라이트하우스,두 배우의 명연에도 불구하고 고전적인 스타일과 고전적인 수준은 구별되어야
라이트하우스,윌렘데포 목줄매는 생각
라이트하우스,기이하게 시작해서 괴이해지고 신화로 마무리?
라이트하우스,"윌렘데포, 로버트 패틴슨 두 남자의 맹렬한 열연으로 남성의 권위를 쟁취하려는 신화적 몸짓"
라이트하우스,좀 씻어
라이트하우스,박수와 찬사를
라이트하우스,남자끼리 캠핑가면 생기는일
라이트하우스,인간이 가질 수 있는 본연의 두려움과 공포를 강렬하고 극단적인 연출로 표현해내었다.
라이트하우스,사방에서 강하게 조여온다.
라이트하우스,"빛 광, 미칠 광."
라이트하우스,괴이한 행동과 장면을 예술로 포장하지 맙시다.
라이트하우스,인간 스스로 불쏘시개가 되어 갉아먹히는 광기와 파멸의 등대...
라이트하우스,"좋은 영화인건 알겠다. 폭풍우 치는 날씨처럼 흐릿한, 애매한 비유들이 조금 어려웠다."
라이트하우스,예술적이었으나 너무 예술이었다.
로봇 드림,만나기는 한나절이었지만 잊기에는 평생도 모자랐다.
로봇 드림,로봇 드림
로봇 드림,"<로봇 드림>은 성숙한 사랑에 관한 이야기다. 꼭 영원한 것만이 사랑은 아니다. 그가 그립겠지만, 결코 잊을 수 없을지도 모르지만 나는 나대로, 그는 그대로 새 사람과 행복할 거다"
로봇 드림,대사 하나 없이 개와 로봇이 이렇게 사람 마음을 들었다놨다 하다니...
로봇 드림,'첫만남' 과 '재회'의 정석
로봇 드림,난 왜 스토리에 전혀 공감이 되지 않지..
로봇 드림,눈물 광광이래서 휴지 들고 들어갔는데... 뽀송...
로봇 드림,"전체적으로 무난하게 흘러가고, 결말에서는 시원함을 주진 않습니다. 대사 없는 애니메이션 영화라는 점이 신선했습니다."
로봇 드림,"말하지 않아도 "" Do you remember?""🤖💙🐶"
로봇 드림,현재를 깨트리지 않는 것 역시 과거를 존중하는 방법
로봇 드림,"내 마음을 자유자재로 가지고 노는, 당신은 천재적인 마술사!"
로봇 드림,끝나버린 인연이라고 결코 헛된 기억이 아니라는 방증. 그것이 추억이다.
로봇 드림,서로에게 최선을 다했기에 현재의 우리의 관계와 상관없이 과거의 우리의 관계와 추억들은 여전히 행복하고 아름답다.
로봇 드림,관계에서의 만남과 이별
로봇 드림,"지금은 옆에 없지만 어떤 노래에 맞춰 나와 같은 춤을, 다른 곳에서 출 사람... 누구에게나 그런 존재가 있기에 이 영화가 만들어진 것..."
로봇 드림,너는 나의 무지개였어
로봇 드림,단지 나는 도그와 로봇이 행복했으면 좋겠다.
로봇 드림,로봇이 꿈을 꾼다. 로봇은 꿈꾼다. 로봇이라 꿈꾼다. 로봇만 꿈을 꾼다. 이런 엔드 씬일 줄.. 파블로 베르헤르. 2023. 3.0 (대사 없는 100분 장편 애니메이션)
로봇 드림,여러 인연들에 대해 생각해 볼 수 있는 애니메이션
로봇 드림,"진짜 펑펑 울었던 영화. 대사 없이 이런 임팩트를 주기 쉽지않은데, 여운이 가시질 않음..ㅠㅠ"
로봇 드림,귀엽고 따뜻하고 우울하다
로봇 드림,가끔 너와 함께 듣던 노래를 들으며 즐겁게 춤을 춰. 이 노래를 알려준 너에게 고마워하는 마음으로.
로봇 드림,아름다운 뉴욕의 사계절을 음악의 적절한 사용과 애절한 스토리로 숨기고 있지만 결국 내 평생의 반려를 만나기 위해 '구입'했다는 사실을 철저하게 숨긴다.
로봇 드림,네가 사랑을 가르쳐줬는데 왜 너랑 헤어져야돼
로봇 드림,"지나가는 인연과 새로운 인연들, 그럴때마다 잊을 수 없는 추억도 생기지만 상처도 동반된다. 그래도 혼자보단 우리가 낫지 ㅎ"
로봇 드림,사람들이 이래서 환승연애를 보는구나..
로봇 드림,"인연은 흘러갔을지라도 기억해, 우리 곁에 이 사랑이 남아 있다는 걸."
로봇 드림,"꿈의 본질은 낭만으로 현실을 얼마나 채워주냐가 아닌, 우리를 놓아주며 망각되어준 다는 사실."
로봇 드림,"사랑스럽‘개’, (로봇이) 행복을 나눠 드림! 너와 나의 인연 그리고 또 다른 인연. 언제 어디서든지 행복을 바랄‘개’"
로봇 드림,다른 곳에 있어도 우리의 시간은 영원히 기억할거야.
로봇 드림,"서로의 곁에 있을 수 없더라도, 꿈에서만 만날 수 있다고 하더라도."
로봇 드림,미련은 미련 없이 보내줘야.
로봇 드림,"만남이 있으면 헤어짐도 있다 하나, 그리 쉽게 잊혀지지 않는 것이 추억이더라."
로봇 드림,.
로봇 드림,"시간이 지나도, 다른 추억들이 생겨도 마음 한 켠에 항상 남아있는 기억. Do you remember?"
로봇 드림,뒤돌아선 너의 미소가 향할 곳이 있길.
로봇 드림,추억은 지금의 내가 있게 해주었지만 현실에 소환된다면 두렵기 마련.
로봇 드림,추억은 아름답고 현재를 사랑하자
로봇 드림,영원할 것 같은 마음에 수많은 것들이 덧쓰워지면서 그렇게 멀어져도 각자의 자리에서 행복하면 된다
로봇 드림,DO YOU REMEMBER 말하지 않아도 와 닿는 스토리.
로봇 드림,이별 전보다는 이별 후를 조명하며 더욱 사무치게 다가온다.
로봇 드림,좋은 헤어짐
로봇 드림,앜 내 눈물.... 슬픈 건 아닌 거 같은데 눈물이 주루룩 너무 아름다운 스토리
로봇 드림,'september'
로봇 드림,어윈파의 셉템버가 이렇게 슬퍼질 수 있는 노래라곤 아무도 말 안 해줬잖아아아아아아아아아아으아아아아아아
로봇 드림,"모든 인연이 당신을 더 빛나게 만들어 줄 것이라, 이 영화는 말한다."
로봇 드림,설명서를 읽지 않은 도그와 유기?로봇의 지난날을 돌아보며
로봇 드림,대사 하나 없이 가능했다.
로봇 드림,나라는 존재를 만들어준 모든 이에게
로봇 드림,고독과 상실의 괴로움을 따뜻한 미소로 지워내는 흐뭇한 엔딩
메멘토,흑백화면이 컬러화면으로 바뀔때의 그 짜릿함.
메멘토,꼭 몇번 돌려봐야 이해되는 최고의 역작
메멘토,이런 편집술의 지배자같으니!
메멘토,생각하면서 보다가 머리 쥐날 뻔 했네...
메멘토,"기억보다 정확한 것은 기록이다. 기억은 왜곡 될 수 있기 때문에, 허나 기억에 의존하는 것은 다름 아닌 레너드 자신이였다."
메멘토,이 영화를 보니 내가 단기기억상실증에 걸렸다.
메멘토,까딱하다 집중 안 하고 놓치면 그땐 뭐 되는겨
메멘토,"서서히 드러나는 놀란의 스타일, 참신한 연출의 정점을 벌써부터 찍어버리네."
메멘토,"""눈을 감는다고 세상이 없어지지는 않는다."""
메멘토,생각을 하면 할수록 어려운 영화지만 그만큼 재미도 업 된다!
메멘토,기존 상식을 뒤바꾸는 구성과 뒤통수를 한대 얻어맞은 듯한 결말
메멘토,"왜곡되고, 발견하고, 또 왜곡시키는"
메멘토,사람이기에 행할 수 밖에 없는 무의미한 노동의 반복.
메멘토,끝까지 봐야 아!
메멘토,조각난 영화와 함께 맞춰지는 기억의 파편들
메멘토,다시 봐도 빠져든다
메멘토,#📸 이미 정상에 왔었던 사실을 잊어버린 시지프스는 덜 고통스러우려나.
메멘토,"사실 네러티브 자체로만 따지자면 놀란의 필모그래피에서 가장 복잡한 영화다. 심지어 <인셉션>보다도 더 어려운 미로로 구성돼 있으며, 지도 역시 퍼즐의 형태로 조각조각 제시된다. 그..."
메멘토,어우씨 헷갈려
메멘토,단골 국밥집가서 맛있는 국밥에 소주한잔 후 한숨때렸을때 황홀한 기분
메멘토,기억도 경험도 기록도 결국은 주관이 들어간다는 것. 과거는 나아가고 미래는 역행하는 아이러니한 표현 기법이 몇 번을 봐도 재밌음.
메멘토,재밌네
메멘토,관객의 머릿속을 레너드의 머릿속과 동일시키는 신들린 듯한 편집과 연출.
메멘토,언제 그랬냐는 듯이 결국 또다시 새롭게 소름 돋으면서 놀랍다.
메멘토,"1번 보고 뇌정지, 2번 보고 놀라고, 3번 보고 즐겼다"
메멘토,"어느 순간 현실의 내가 주인공이 되어버린 영화 오락성은 적지만 순수 100% ""놀란"" 장르의 엑기스"
메멘토,무슨 내용인지 알아채는 순간 희열을 느꼈다
메멘토,메멘토
메멘토,"시간을 거꾸로 돌리는 듯한 역순행적 구성은 주인공 레너드의 혼란스러운 상황을 직접적으로 체험하게 하며, 영화에 대한 몰입도를 극대화하는 요소로 작용한다."
메멘토,자신의 손으로 모든것을 잃은 남자의 절망적인 챗바퀴 now where was i 로 끝나는 플롯의 미학 한 여자 만큼은 잊지 않으려한 남자의 발악
메멘토,"많지 않은 배우들과 촬영 장소들, 화려한 무엇도 없이 이렇게 한 시도 안 지루한 영화를 만들 수가 있나. 영화가 끝나고 장면장면 곱씹어 보게 만드는 대단한 스토리텔러."
메멘토,내용은 단순한데 연출로 내용을 뛰어넘는 이야기가 난 좋더라
메멘토,과연 나는 나에게 정직할까? (재관람) 2014년
메멘토,뒤죽박죽된 기억의 파편을 잘 조립한 편집의 마법.
메멘토,기억하고 싶은 대로 기억하는 건 어쩌면 인간의 생존 본능이 아닐까.
메멘토,초딩땐가 중딩땐가 처음보고 너무 재밌어서 성인이된뒤에 다시 봤더니 너무 너무 재밌었다. 감독을 따라가면서 영화를 본게 나에겐 크리스토퍼 놀란이 시작이었다.
메멘토,믿는 대로 보게 될지어다.
메멘토,ㅁ
메멘토,몰입도 최강. 오랜만에 재밌게 본 반전영화
메멘토,영화로 하는 IQ테스트 (feat. 좌절금지...)
메멘토,편집증. 기록(문자 언어)에 의존하는 것 같았지만 사실 전략적 수단이었다!
메멘토,안 봤으면 닥치고 보자
메멘토,신선한 충격의 명작. 꼭 필감해야 하는 영화.
메멘토,서로 다른 방향의 이야기가 만날 때 마치 기억상실증이 나은 것 같은 엄청난 해방감이 느껴지네요
메멘토,처음부터 엉망인 도안으로 500피스 퍼즐 맞추기
메멘토,기억 상실증 환자와 함께하는 듯한 혼란스러움을 느낄 수 있었다. 결국 기억이란 자기가 꿰맞춘 사진 한 장.
메멘토,선택적 기억이 가져오는 기록의 오류는 인간의 숙명일까.
메멘토,관객의 수준을 아는 감독은 이런 예술영화를 만든다
메멘토,"주인공의 답답함, 불신, 혼란 등을 직접 겪게 하는게 내가 정말 좋아하는 전달법. 집중해서 봐야해서 집에서 보니까 조금 피로했다"
메멘토,.
스터디그룹,그냥저냥 보기에 좋으며 원작을 잘살렸다
스터디그룹,원작에서 크게 벗어나지 않아서 좋지만 유치한 부분까지 그대로라………시간순삭용으로 재미있게 볼만하다
스터디그룹,기대됩니다
스터디그룹,먼치킨이 나오는 학원물은 못 참지. 첨 보는 얼굴들의 신인들도 신선하다
스터디그룹,모르겠고 황민현 얼굴이 재밌어서 봄 ㅇㅇ
스터디그룹,넷플처럼 한번에 다나왔으면ㅜ
스터디그룹,시간 순삭!!! 존잼!!! 파워풀하고 세련된 액션! 꽂히는 연출!!! 만화를 완전 찢고 나온 배우들!!!!!
스터디그룹,매번 비슷한 배우들 보기에 질렸는데 새로운 배우들 많이 나와서 신선하다 전편공개해줘못기다리겟어ㅜㅜ!!!!!
스터디그룹,오늘 1화를 본 소감은 약한영웅보단 덜맵고 조금 슴슴하지만 그걸로도 충분히 매력있고 맛있는 느낌^^
스터디그룹,19세라고 해서 잔인하거나 무섭지 않다. 액션물인 만큼 액션 연출이 좋았다. 웃기고 사이다물인 먼치킨 장르라 앞으로 나올 회차가 기대된다.
오펜하이머,"모든게 미친영화. 연기도, 스토리도, 놀란스타일의 연출방식도"
오펜하이머,그가 만들면 전기영화도 비범해 진다.
오펜하이머,이미 예견된 결과와 그럼에도 되어버린 세상의 파괴자
오펜하이머,인물에 대한 배경지식을 조금이라도 공부하고 보면 더 좋을 것 같다.
오펜하이머,내파하는 삶
오펜하이머,혼자서 세 시간을 이끌어가는 킬리언 머피의 인생연기작
오펜하이머,역사적 배경을 사전에 알고 보면 꿀잼 이겠지만 모르고 보면 자막 읽다 지침. 특별관 구지 권하지 않음.. 음악도 과하게 느꺼짐. 생각보다 초라한 폭발장면.. 각본 편집 최고임..
오펜하이머,"예측할 수 없는 세 물체의 운동, 삼체문제 그 자체인 영화"
오펜하이머,파멸의 연쇄반응을 다시 0으로 돌려보려는 나약한 과학자의 고뇌.
오펜하이머,요란한 홍보와 감독 네임 밸류로 보편적 관객의 공감을 받는 작품일것이란 기대 금지
오펜하이머,그의 인생은 색이 있었고 그의 물리학은 near 0였지만 그가 산 시대는 색이 없었고 그의 오직 0과 1만이 있었다.
오펜하이머,살짝 루즈하고 나 같은 소인배에겐 감정 이입/이해가 잘 되지 않았음 * 폭발씬 생각보다 스케일 작음
오펜하이머,마지막 아인슈타인과의 대화와 표정이 뇌리에 박힌다
오펜하이머,인물의 전기 영화지만 지루할 틈 없는 숨막히는 전개. 독창적 연출 빠른 속도감 사실 핵폭발 장면은 아무것도 아니었구나. 관객은 순식간에 오펜하이머의 내면의 폭발을 마주한다.
오펜하이머,크리스토퍼 놀란의 '뷰티풀 마인드'.
오펜하이머,"별의 비극을 담아낸 오펜하이머의 얼굴, 새로운 의미의 스펙터클이자 그라운드 제로."
오펜하이머,지난 테넷을 생각하고 이번에도 이해못하고 졸다나올까봐 걱정했는데 영화가 진짜 친절하게 설명해줘서 뼛속까지 문과인 나도 이해하고 스토리를 따라갈 수 있어서 좋았음 비하인드 보고 한번
오펜하이머,신이란 공포로 인해 만들어지는 것
오펜하이머,인간에게 불을 가져다주고 벌을 받은 말그대로 아메리칸 프로메테우스
오펜하이머,줄리어스 로버트 오펜하이머… 줄리어스 로버트 오펜하이머… 로버트는 마냥 좋진 않았구나…
오펜하이머,프로메테우스가 될 수 밖에 없었기에 십자가를 짊어졌다.
오펜하이머,.
오펜하이머,"배우의 연기력,놀란 감독의 연출력 모든게 완벽하다. 하지만 배경지식이 없다면 이해하기 힘들수있다."
오펜하이머,"나에게만 어려운줄 알았는데, 옆친구를 보니 딥숙면중 그렇다 모두에게 어려웠다"
오펜하이머,영상미랑 연기랑 연출이 미침. 양자역학 얘기래서 어려울줄 알았는데 핵폭탄을 통해 오펜하이머의 고뇌를 담아냈다는 말이 딱 맞다.
오펜하이머,크리스토퍼 놀란이 왜 거장인지를 알 수 있었다. 핵이 분열 하듯 오펜하이머의 자아가 분열하는 과정을 볼 수가 있다.
오펜하이머,지루할 수 있는 다큐멘터리 형식의 영화를 웅장하게 풀어냈다. 비록 사전지식이 필수적이지만. 아는 만큼 더 재미있게 즐길 수 있다.
오펜하이머,놀란 로고가 붙은 명품영화.
오펜하이머,과학이라는 파장으로 시작된 정치의 반작용이 연쇄반응 일으켜 멈추지 못하는 잿빛으로 변해가는 것에 대한 지성의 반성과 회한
오펜하이머,물리학 지식이 없이도 충분히 이해가 가능한 영화 3시간이 전혀 길게 느껴지지 않았다.
오펜하이머,환호성인가 비명인가 여전히 진행되는 연쇄반응
오펜하이머,"천재의 비애란 무엇인가.. 그는 내가 아름다움을 느끼던 빗방울 소리에서 지옥을 봤고, 내가 공포를 느꼈던 폭탄소리에 행복을 느꼈으나 끝내 파멸했다."
오펜하이머,파노라마. 오펜하이머에 대한. 인생에 대한. 세상에 대한. 우주에 대한.
오펜하이머,"이 영화는 원자폭탄처럼, 별 일 없는 하나하나의 작은 장면들이 또 다른 갈등의 원인이 되어, 결국에는 거대한 폭팔로 남아진다."
오펜하이머,앞으로 놀란은 전기영화만 만들도록.
오펜하이머,소심한과학자의 열등권력지향 몰락핵분열 연대기
오펜하이머,흑백의 세상에서도 우리는 컬러를 보아야만 한다는 것
오펜하이머,킬리언 머피 눈이 예쁘게 나오는 영화
오펜하이머,호불호 개 쎌듯.
오펜하이머,폭발의 섬광과 열기가 도착하기까지
오펜하이머,영화역사상 최고의 맥거핀
오펜하이머,3시간짜리 전기 영화를 이토톡 아기자기하게 연출하는 것도 능력이다
오펜하이머,어렵지만 좋은 영화란건 확신할 수 있음
오펜하이머,과학기술에 대한 윤리적 태도의 독백
오펜하이머,물리학에 관한 온전한 지식이 없어 다 보기까지 조금은 힘이 들었다. 그래도 관객을 작품성으로는 실망시키지 않는 크리스토퍼 놀란의 영화라서 참고 볼 수 있었다.
오펜하이머,오펜하이머든 노벨이든 창조자가 곧 파괴자 되는 아이러니. 미국의 원자 폭탄 완성에 지도적 역할을 했으나 수소 폭탄 제조에는 반대해 철저히 탄압당하는 아이러니 까지도 작품의 완성이다
오펜하이머,훌륭한 만듦새와 탁월한 구조적 성취. 그런데 가까이 하기 어려운 당숙 어르신 같은 영화인 건 왜일까. 크리스토퍼 놀란의 최고작은 여전히 <다크 나이트> . 2023. 4.0.
오펜하이머,몰입감은 있었는데 사람이름 외우기가 힘들었다
오펜하이머,개봉일부터 미쳤다 반박불가
오펜하이머,재밌어요
박화영,과도하게 착취되는 이미지들.
박화영,너무불쾌해요
박화영,"리얼하지만 불쾌하고 자극적이다. 하지만 사회분위기만 슬슬 따지고, 자본주의적 성향만 따르는 영화가 가득한 현실에서 이런 영화가 반갑기는 하다."
박화영,"폭력은 가까이, 인물은 적절히, 사회는 멀리서"
박화영,소름끼칠 수준의 사실적 연기와 연출.
박화영,엄마를 죽이려하고 경찰을 협박하고 교무실에서 담배를 피워도 화영이는 너무너무 외로워서 외로움이 죽을만큼 싫은 아이일 뿐이었다. 201224
박화영,치기어린 가족놀이로 애정을 갈구하기엔 너무나도 약고 비열한 세계.
박화영,나로써는 한없이 불쾌한 영화였다 누군가는 그들과 같은 삶은 살고있을테다
박화영,불편한 대사들. 이럴거면 다큐가 좋았을 걸.
박화영,불편하게 느껴진다는 건 외면하고 싶은 마음에서 나오는거겠지... 보는내내 제발 과장된 표현들이었으면 좋겠다고 생각했답
박화영,불편하게 느껴질 정도의 적나라한 현실. 배우들의 열연은 놀랍다
박화영,“니들은 나 없으면 어쩔 뻔 봤냐”는 말은 결국 “난 너 없으면 안 돼”라는 말을 듣고 싶은 처절한 심정. 그 생생한 폐허를 두려움 없이 직시하는 영화.
박화영,‘박화영’이라는 캐릭터를 받아들이고 연기한 ‘김가희’ 배우님에게 박수를.
박화영,너무나도 현실적이라서 보기 더욱 불쾌한 영화. 일부 십대들의 시궁창같은 현실을 적나라하게 보여준다.
박화영,하층 계급구조에서도 가장 밑바닥의 얘기... 보는 내내 터질듯 불안한 청춘들...
박화영,똥파리. 파수꾼. 우리들. 그리고 박화영.
박화영,그다지.
박화영,배우들의 열연만 돋보이는 불편한 현실의 불쾌한 재현...
박화영,담배 연기로 둘러 쌓인 어리석은 이들
박화영,너무 리얼해서 불편했다. 움츠린 몸을 피기 힘들었다. 특히 주연인 김가희의 연기가 인상적이었다. 너무나 박화영같아서 다른 배우가 그 역할을 맡을 수 없다고 느낄 정도로.
박화영,배우 김가희분의 무너지는 표정 연기에서 진짜 엄마를 보았다. 2019. 10. 3.
박화영,연기력 갑
박화영,엄청 리얼한 일진 영화
박화영,.
박화영,“니들은 나 없으면 어쩔 뻔 봤냐?”
박화영,"담배, 욕은 무조건 나오고 약간 과한 액션이 뭔가 그럼. 나만 그런건지 모르겠지만 나는 일단 재미있음."
박화영,이런애들있다
박화영,"소설이었다면 더 좋았을텐데. 대사도, 연기도, 훌륭하지만 이미지가 된 순간…"
박화영,지루할 틈 없이 전개되는 연출과 연기가 탄탄하군
박화영,"여주가 박화영 그 잡채다,,"
박화영,나는 니들 없으면 어쩔 뻔 봤냐
박화영,저열하며 적나라한
박화영,너무 과하고 무서워서 넘기면서 봄;; 무슨 얘긴지는 충분히 이해하는데 왜 쓸데없는 호기심이 들어 이걸 봤을까.. 배우들도 고생이고 보는 사람도 고생이다.
박화영,"극사실주의나 사회고발이 아닌, 가학 포르노에 가깝다."
박화영,불닭볶음면 소스를 눈밑에 바른 느낌 너무 리얼해서 마음이 너무 피폐해진다.. 진짜 정서적 고어물이 딱 맞는 표현인듯
박화영,외로운 게 뭐라고 이렇게까지 해...
박화영,"어른이 되면 이해할 수 없는 날 것, 구충제 복용 후에 관람할 것을 권장함."
박화영,나는 니들없으면 어쩔 뻔 봤냐?
박화영,"왓챠의 태그가 모든 것을 말해준다. 강렬한, 참혹한,"
박화영,엄마가 되길 자처 했지만 그녀는 정말 엄마가 되지 못했다.
박화영,양아치들에 대한 현실적인 표현
박화영,뭐라 쓰기가 어렵다. 영화평이 아니라 현실에 대한 평이 될 것 같아서.
박화영,자극적인 것만큼은 상업영화보다 훌륭하다. 허나 집중하는 요소들이 잘못되었다고 보여진다. 역한 세상을 표현하고 싶었다면 할말이 없어지지만.
박화영,너무나도 불편한...
박화영,분명 어딘가에 존재할 폭력과 위계 서열. 눈 감으면 그 뿐일까?
박화영,더 잘할 수 있었을 거다 배우들 말고 감독이
박화영,"현실감있는 그들의 일탈, 안쓰러움보단 안타까움이 크다"
박화영,너무 현실적이라 무서운 영화
박화영,"요즘 청소년들의 어두운 이면을 꺼내든 시사성이나, 메시지의 전달은 성취했지만, 이 영화는 너무도 ""불편""하다."
박화영,찜찜 그 자체 2021.10.25 넷플릭스 관람
수리남,배은들 연기보는 맛이!!! 실화라는 얘기에 현실이 영화보다 영화같은 거 같다
수리남,비싼 도자기 잔에 담긴 맥심커피. 맛있지만 아는 맛이네요
수리남,"윤종빈에 실망한 적은 한 번도 없지만, 수리남은 꽤 오랜만에 기대 이상으로 만족스러운 작품이다."
수리남,"보면서 정말 설렜던 드라마. 한국 드라마가 재밌는 건 오랜만이었기 때문이다. 지독한 여름 풀 냄새와 범죄가 섞인, 정겨우면서도 새로운 드라마."
수리남,그냥 가볍게 보기 좋은 드라마.. 유명 배우들 많이 나온 것치고는 스토리가 아쉽다. 한국어 연기는 일품이었으나 영어로 대화하는 연기는 오글거려서 보기 힘들었을 정도
수리남,전체적인 골격은 실화라는 점. 돈이라는 맹목적인 믿음에 매몰된 사람보다 아직은 정의를 위해 싸워주는 사람들이 있다. 크게 뭐가 없는데 긴장감이 유지되면서 끝까지 보게 된다.
수리남,"골조가 부실한 석조건물. 연출, 연기는 좋지만 스토리 설정이 매력이 없고 설득력도 부족. 쌓아올리진 못하고 무너졌지만 동굴은 만들어졌네."
수리남,"사실감이 없는 영화에서 늘 보던 연출. 총쏘며 싸우던 중, 칼춤을 보여주기 위해 모두가 단합하여 총을 버린다."
수리남,"무간도에 그슬린 허물은 언제 벗을 것이며, 한국 범죄 영화 특유의 도식적인 연출과 전개는 언제 내려놓을 것인지.."
수리남,이 이야기가 실화라는 게 안 믿겨졌습니다! 배우님들의 실감나는 연기 때문에 재밌게 봤습니다!!
수리남,쫄깃쫄깃 잼난 영화 에이맨~
수리남,몰입감이너무좋아서 너무빠져든다
수리남,나르코스가 공작을 만났을때
수리남,배우들 연기가 너무 좋아서 몰입이 잘 됨
수리남,결말을 반전으로 틀었다면 어땠을까 하는 생각도 있다. 하지만 인구는 궁극적으로는 가족을 위해 목숨까지 건 인물. 그가 수리남에 남아 마약왕이 되는 시나리오는 어색할지도.
수리남,궁금하지만 결국 허술하면서 클리셰로 점철됨에 피로감을 느낀다.
수리남,개인적으로 넷플 오리지널 중 최고 배우들의 연기력과 스토리의 집중력이 너무 좋았다
수리남,실화를 바탕으로 한다지만 나는 이 작품이 너무 현실감이 떨어진다고 느껴졌다.
수리남,배우들 한 사람 한 사람 제 역할을 감당하니 보는 사람이 즐겁지 아니한가...
수리남,작품이 끝날 때까지 유지되는 팽팽한 긴장감!
수리남,"윤종빈 감독의 실화 다루는 테크닉은 늘 재밌다. 실화속 정치세력,조직 또는 손잡아야 되는 반대 이념,이익조직안에 사람들간의 이해관계에 일어나게되는 사건의 끈질김이 만들어내는 스토리"
수리남,전체적으로 너무 재밌게 봤는데 스토리 전개가 너무 부족한 느낌? 그냥 보면서 스토리를 스킵하면서 보는듯한 느낌이였음 그리고 유연석의 에이맨은 보는 내내 몰입이 떨어지더라
수리남,범죄와의 전쟁(하정우) + 신세계(황정민)
수리남,무엇보다 하정우가 연기하는 주인공이 우유부단하거나 답답한 행동을 하지 않고 긴박하게 돌아가는 상황 변화에 맞춰 잘 대처해 나가며 이야기를 풀어가는게 속이 시원하다.
수리남,.
수리남,워후~ 배우들 연기보는 재미가 좋음
수리남,킬링타임용으로 아주 훌륭 부족한 이야기를 연기로 채웠으나 갈수록 개연성은 없음
수리남,먹어봤자 아는 맛이다 vs 아는 맛이 제일 무섭다. 후자 승
수리남,자세히 들여다보면 훌륭하지는 않지만 6화까지 보게 만드는 힘이 있다.
수리남,"통수에 통수를 치는 마약 범죄 스릴러. 배우들의 연기가 기가 막힌다. 특히 조우진, 황정민은 캐릭터 그 자체였다. 연출된 카메라 구도도 마음에 들었고 더욱 몰입하게 만들었다."
수리남,현실은 영화보다 더 영화같다.
수리남,"커다란 직구 한 방은 없으나, 넷플릭스답게 계속 보게 하는 마력이란"
수리남,"너무 느슨하고 어설픈 짜임새. 장르 자체에 대한 낮은 이해도. 몰입을 방해할 정도로 조악한 CG. 마약카르텔, 첩보, 이중첩자 등의 훌륭한 소재를 무의미하개 낭비하는 느낌."
수리남,전개 과정에 대한 아쉬운 부분들이 몇 가지가 있다. 하지만 이와 별개로 시리즈의 장점을 살린 짜임새는 정말 대단하다(감탄)
수리남,"계산적으로 움직이는데, 계산적으로 술술 보게 되는, 그래서 작품의 제목이..."
수리남,가슴뜨거워지는 윤종빈감독의 또 하나의 걸작.
수리남,킬링타임용. 배우들 연기가 좋음
수리남,수작이라 할만 했으나 주연 배우들 3명만 돋보이다보니 대체로 단조롭게 전개된 경향
수리남,가볍게 보기 좋다. 국정원이 약속을 안 지킨다는 게 제일 현실적인 부분 아닌가 하는 생각도 좀 들지만
수리남,국내 마약 관련 시리즈 중 말이 필요없는 수작
수리남,모난 데 없이 모든 부분이 기본 이상을 보장한다. 군더더기 없이 깔끔하게 기승전결을 잘 맺었다.
수리남,호평을 받은 작품에는 이유가 다 있었다 길고 긴 통화씬을 이끌어 가는 배우들의 명연기 덕에 심장이 쪼그라 들었음
수리남,스토리에 대해선 그냥 나는 좀 재미없어도 배우들 연기나 연출이 좋으면 잘 보는데 이 영화는 스토리도 나쁘지않고 배우들 연기도 좋은듯 재미있게봄!
수리남,이 정도면 볼만하지 뭐.
수리남,실화에 기반한 이야기라고 다 설득되지는 않지
수리남,변기태 최고의 아군
수리남,아슬아슬하게 뒤집어지는 판의 정석.
수리남,수리남에서 뭐라할만하다. 연기가 너무 리얼하잖어
수리남,한국식 영어가 많이 나오는 게 꽤 기뻤다. 인기 생겨서 나중엔 세계적으로 한국식 영어 발음도 잘 알아들으면 좋겠다는 꿈을 꾸었다 220918
수리남,믿고보는 배우들 황정민 하정우 녹아드는 캐릭터 멋지십니다들
바스터즈: 거친 녀석들,시작부터 결말까지 쿠엔틴 타란티노의 진정한 걸작
바스터즈: 거친 녀석들,크리스토프 왈츠의 연기력
바스터즈: 거친 녀석들,이탈리아어 교습장면 ㅋㅋㅋ
바스터즈: 거친 녀석들,"제2차 세계대전의 사실들을 '쿠엔틴 타란티노'식으로 비꼬고, 과장된 캐릭터들을 이끌고 긴장된 상황 속에서 마지막 쾌락을 향해 힘차게 내달린다."
바스터즈: 거친 녀석들,가장 쿠엔틴 타란티노스러운 미치도록 쫄깃한 맛.
바스터즈: 거친 녀석들,"한스 란다 소령 같은 악역이 다시 나올 수 있을까. 영화의 완성도와 재미는 차치하더라도, 크리스토퍼 발츠의 소름 돋는 연기에 절로 혀를 내두르게 되던."
바스터즈: 거친 녀석들,요상한 영화. 진지하게 폼 잡고 시작하다 엄청나게 유치해진다. 시간은 또 왜 벌써 2시간반이나 지난거람?
바스터즈: 거친 녀석들,"영화 : 연속촬영으로 기록한 필름상의 화상(畵像)을 스크린에 투영(投影), 움직임 있는 영상을 보여주는 장치 및 그렇게 만든 작품. - 네이버 사전 사전적 '영화'의..."
바스터즈: 거친 녀석들,한국 리메이크가 필요합니다. 일제 배경으로요. 아주 통쾌할 거 같은데 말이죠. 불 타 죽는 주인공은 을사오적 어때요?
바스터즈: 거친 녀석들,재밌었습니다 ㅎㅎㅎ
바스터즈: 거친 녀석들,그 어떤 망설임없이 유쾌하게 시대를 다룰 수 있는 타란티노의 능력
바스터즈: 거친 녀석들,주고받는 대사만으로도 긴장감을 주는영화 몰입감이 대단하다. 특히 한스대령역을 소화한 크리스토퍼 왈츠의 연기는 그야말로 명불허전이다.
바스터즈: 거친 녀석들,'한스 란다'.. 본 적 없었던 미친 캐릭터
바스터즈: 거친 녀석들,느슨한 것 같으면서도 긴장을 잃지 않고 유지하는 타란티노의 걸작
바스터즈: 거친 녀석들,신명나게 돌리는 미국인의 행복회로
바스터즈: 거친 녀석들,골ㄹㄹ라미!!
바스터즈: 거친 녀석들,"개인적으로 세상에서 가장 재밌는 영화를 만드는 감독이라고 생각하는 쿠엔틴 타란티노가 만든 최고의 걸작이자, 역대 전쟁영화들이 뛰어넘지 못했던 어떤 금기를 가볍게 뛰어넘은 영화라고 ..."
바스터즈: 거친 녀석들,오락영화는 이렇게
바스터즈: 거친 녀석들,만화적 폭발 사이에 잘 끼워진 섬세한 표정의 책갈피
바스터즈: 거친 녀석들,우연히 이 영화를 보려고 결심한 나의 선택을 ㅈㄴ칭찬
바스터즈: 거친 녀석들,왈츠라는 배우가 다른 배우들 다 잡아먹는 영화.
바스터즈: 거친 녀석들,완벽한 오락영화의 진수를 보여주는 타란티노의 걸작.
바스터즈: 거친 녀석들,"이 영화, 지대로다!"
바스터즈: 거친 녀석들,"한스 란다, 이 영화의 전부라고 해도 과언은 아냐."
바스터즈: 거친 녀석들,어느 것 하나 부족함 없는 최고의 영화. 몇 번을 봐도 경이롭다
바스터즈: 거친 녀석들,2차다전을 재해석
바스터즈: 거친 녀석들,"전쟁소재를 이렇게 흥미롭게 뽑아낼 수 있구나, 감탄하고 시간가는 줄 모르게 봤다. 잔인한거 잘 못보는 나도 보게만드는 영화.. 타란티노 팬 됐음"
바스터즈: 거친 녀석들,잔인한 장면을 싫어함에도 재밌어 시간이 잘 간다. 나치에 대한 복수가 대리만족이 되기 때문인가?
바스터즈: 거친 녀석들,예측불허 우당탕탕 나치 소탕 대작전! 한방 속시원하게 빵 터뜨려줬는데 잔인해서 1점 깎았다
바스터즈: 거친 녀석들,!!!!
바스터즈: 거친 녀석들,네 물건에 작별인사 해라 -----‐----------- 가장 통쾌했을 역사를 영화에 쓰다
바스터즈: 거친 녀석들,한스대령이 악역이 아니라 옴므파탈로 느껴진다 . .CGV재개봉으로 또 관람
바스터즈: 거친 녀석들,노잼
바스터즈: 거친 녀석들,고백을 거절하면 총맞는다
바스터즈: 거친 녀석들,그래 이정도는 돼야 오락영화지
바스터즈: 거친 녀석들,이야기는 살아있고 역사는 흘러갔고 상상은 풍부했다.
바스터즈: 거친 녀석들,정말 너~어 무 좋다
바스터즈: 거친 녀석들,쫄깃하네. 누가 악당인지 모르겠다.ㅋㅋ
바스터즈: 거친 녀석들,영화적 쾌감을 위해 자비따윈 내팽개치는 통쾌한 복수극
바스터즈: 거친 녀석들,이건 꼭 봐야지.
바스터즈: 거친 녀석들,"재밌다고 느끼는 당신, 영화를 좀 볼 줄 아는 사람입니다"
바스터즈: 거친 녀석들,진정한 오락은 눈치 따윈 보지 않기 때문에 더욱 긴장된다.
바스터즈: 거친 녀석들,숨막힌다!!
바스터즈: 거친 녀석들,이런걸 오락이라고 할 수 없다
바스터즈: 거친 녀석들,"내가 이 영화의 남기는 표식, 별 다섯 개."
바스터즈: 거친 녀석들,"영화가 줄 수 있는 긴장감, 쾌감, 슬픔을 모아서."
바스터즈: 거친 녀석들,역시 쿠엔틴 타란티노!
바스터즈: 거친 녀석들,심플하고도 긴장감 넘치게. 하지만 과도하게..
바스터즈: 거친 녀석들,미친연기 그냥 미치도록 재밌다는 말 밖엔
바스터즈: 거친 녀석들,시작한지 5분만에 매료되었다
