﻿movie_title,review
에브리씽 에브리웨어 올 앳 원스,"규칙을 어기고 함께 구르는, 한없이 다정한 돌이 되고 싶다는 생각을 살면서 처음 해봤다."
에브리씽 에브리웨어 올 앳 원스,"개 재밌고, 개 슬프고, 개 멋있다. 개개개 삼박자가 완벽하게 맞는다."
에브리씽 에브리웨어 올 앳 원스,메세지와 감동을 주는게 목적인 영화임이 확실한데 이야기를 풀어내는 과정에서 이정도의 오락성과 독창성을 보여주다니 놀랍다.
에브리씽 에브리웨어 올 앳 원스,우주를 너머 서로를 바라보기
에브리씽 에브리웨어 올 앳 원스,초반의 난잡함과 지루함을 버티면 나올 명작일지니
에브리씽 에브리웨어 올 앳 원스,어디에나 있다는 허무함이 아니라 그 어디에나 중 이렇게 함께 하고 있다는 기적에 대하여(4.5)
에브리씽 에브리웨어 올 앳 원스,당신의 다정함은 어딘가의 우주를 구원하는 힘이 되기도 한다.
에브리씽 에브리웨어 올 앳 원스,유쾌하지도 재치있지도 않은 박나래의 색드립 코미디를 보는 기분.
에브리씽 에브리웨어 올 앳 원스,터지고 흩날리는 제정신과 그럼에도 사랑스러운 세계란
에브리씽 에브리웨어 올 앳 원스,허무하고 덧없을지언정 너와 함께라면.
에브리씽 에브리웨어 올 앳 원스,시간낭비지 미움이란 감정
에브리씽 에브리웨어 올 앳 원스,결국 이 영화의 본질은 위로
에브리씽 에브리웨어 올 앳 원스,인생은 Birth 와 Die 사이에 있는 Choice. 너무 갑작스럽게 스토리 진행이 되어서 정신이 없었다. 개인적으로 별로 추천하지는 않을 듯.
에브리씽 에브리웨어 올 앳 원스,"얼마나 많은 진심들이 우주에 닿아 지구상에 도착했을지, 60억 지구에서 우리라는 공동체가 만난 건 기적이야 ✨ Everything Everywhere All At Once."
에브리씽 에브리웨어 올 앳 원스,"저마다의 삶의 다양성, 틀린 선택 그리고 틀린 생각은 없다. 다시 돌아보고, 다시 방향을 틀면 되는 것"
에브리씽 에브리웨어 올 앳 원스,인생영화입니다 정말 재밌어요 멀티버스를 이렇게 가족애로 녹여내는게 너무 따뜻해요 병맛코드도 있지만 그 마저도 취향저격이였습니다 ㅎㅎ
에브리씽 에브리웨어 올 앳 원스,"가장 유쾌하고 감동적이며, 난잡하고 명확한 휴머니즘."
에브리씽 에브리웨어 올 앳 원스,나는 정말 재밌게봤는데… 엄마는 무슨 이런 이상한 영화가 다있냐고 함
에브리씽 에브리웨어 올 앳 원스,내가 에에올을 생각할 때는.
에브리씽 에브리웨어 올 앳 원스,"과연 영화가 말하고자 하는 것이 갖가지 소품들과, 연출들에 의해 효과적으로 전달되었는가? 난 잘 모르겠다."
에브리씽 에브리웨어 올 앳 원스,"멀티버스로 확장하는 과정엔 재미가, 이야기가 하나로 모이는 지점엔 전형적인 감동이"
에브리씽 에브리웨어 올 앳 원스,"사람들은 두려움이 사라지면 싸우지 않는다. 서로의 두려움에 한 손을 뻗어 잡아줄 수 있다면. 타인을 알아간다는 것은 마치 우주의 충돌과도 같으며, 우리는 원래 어리석다."
에브리씽 에브리웨어 올 앳 원스,난해한게 아니라 이게 진짜 멀티버스가 아닐까
에브리씽 에브리웨어 올 앳 원스,양자경의 멀티버스엔 감동이 있다.
에브리씽 에브리웨어 올 앳 원스,수많은 다중 우주가 있어도 어디든 내 곁엔 당신이….
에브리씽 에브리웨어 올 앳 원스,이 영화의 모든 소음이 소중히 감싸 안아주는것 같다.
에브리씽 에브리웨어 올 앳 원스,삶의 부조리를 이기기 위해 필요한 건 다름 아닌 사랑과 존중
에브리씽 에브리웨어 올 앳 원스,정신없게 휘몰아치는 재미와 예상 못한 감동 모두 가져간 작품
에브리씽 에브리웨어 올 앳 원스,수많은 나의 가능성 중 지금을 마주한 건 나의 선택 때문만은 아니겠지만 우연도 겹치면 필연이 된다.
에브리씽 에브리웨어 올 앳 원스,"허무는 모든 것을 부질없게 만들 수 있지만, 모든 것을 소중하게 만들 수도 있다는 것...과연 어디에 눈을 두어야할까"
에브리씽 에브리웨어 올 앳 원스,"Not only, BUT ALSO."
에브리씽 에브리웨어 올 앳 원스,닥터 스트레인지 2는 제목 바꿔야 한다. 이것이 진정한 대혼돈의 멀티버스.
에브리씽 에브리웨어 올 앳 원스,"디지털 ,AI좋아한다면 보세요"
에브리씽 에브리웨어 올 앳 원스,"정신없이 몰아치지만 영상, 음악, 연기, 주제 어느 하나 빠짐없이 훌륭한 영화"
에브리씽 에브리웨어 올 앳 원스,쪼이!
에브리씽 에브리웨어 올 앳 원스,결국은 사랑. 사랑이 모든 것을 포용한다는 주제. 전개방식의 신박함 왜 상을 받았는지 알겠다. 몰아치는 이상한 시퀀스를 따라가기 힘들었지만 결국 도달하는 곳은 사랑이었구나
에브리씽 에브리웨어 올 앳 원스,복잡미묘
에브리씽 에브리웨어 올 앳 원스,사랑과 정렬을 느끼고 싶다면 이 영화를 감상하세요!
에브리씽 에브리웨어 올 앳 원스,여러 우주를 경유하여 만날 수 있었던 진실의 우리.
에브리씽 에브리웨어 올 앳 원스,2023년 최고의 영화!
에브리씽 에브리웨어 올 앳 원스,이해하기는 어려웠지만 지루하지는 않았고 마지막의 be kind 하나로 이해하지 못해도 괜찮은 기분이 됐다...
에브리씽 에브리웨어 올 앳 원스,"수많은 우주를 돌고 돌아야 한대도, 절벽 아래 몸을 던져야 하는 한이 있더라도, 여전히 너를 사랑해."
에브리씽 에브리웨어 올 앳 원스,그 모든 거절과 그 모든 실망이 당신을 여기로 이끌었어 이 순간으로 절대 잊으면 안 돼
에브리씽 에브리웨어 올 앳 원스,"다정함이, 사랑이, 헌신이 세상의 허무와 불합리함, 폭력을 이긴다! 내게 더 좋은, 많은 선택지가 있어도 너를 선택할께"
에브리씽 에브리웨어 올 앳 원스,"모든 것이 의미없다면, 그러면 서로 믿고 의지하는 것뿐"
에브리씽 에브리웨어 올 앳 원스,어떻게 이런 기발한 아이디어를 멋지게 연출로 표현할수있는지 최고다!
에브리씽 에브리웨어 올 앳 원스,"판타지, 액션, 드라마, 로맨스, SF, 코미디라는 장르를 모두 이어놓아 만든 진정한 의미에 멀티버스 체험."
에브리씽 에브리웨어 올 앳 원스,"처음 이 영화를 볼 때, 앞 부분 잠깐을 못 참아서 하차했었는데, 그 때의 나를 탓하게 됐다. 정말 멋진 영화"
에브리씽 에브리웨어 올 앳 원스,정신없고 난잡하고 혼란스러운거 맞다. 하지만 그 혼란하고 혼란한 세상에서도 지켜야할게 있으니 어쩌겠니
에브리씽 에브리웨어 올 앳 원스,현대예술로 이 작품을 바라보아야하지않나... 모든 딸과 엄마가 가지는 관계를 어떻게 이렇기 시각적 혁신으로...? 꼴라쥬를 이렇게까지?? 정말 너무 대단한 작품
어느 가족,없어지지 않는 마음의 한조각
어느 가족,"유대에서 연대로, 도덕에서 윤리로."
어느 가족,단지 '어느 가족'으로 남고 싶었던 그들
어느 가족,일단 가족이 아닌 사람들이 가족이 된다라는 설정이 너무 좋고 아이들의 캐릭터 설정도 좋고 연기도 너무 좋았던 영화 현실에 일어날 수 있는 문제도 다루고 있어 감명깊게 본 영화
어느 가족,고레에다의 가족은 과연 가족일까
어느 가족,훔쳤든 주웠든 사랑이 있으면 가족이다
어느 가족,한줄평 - 고레에다 히로카즈식 가족주의의 절정. 사랑은 피보다 진하다
어느 가족,"아빠, 엄마, 가족이라는 그저 부르는 이름보다 앞에 있는 연대, 현실의 존재함보다 앞에 있는 영화의 감정. 불꽃놀이 장면에서 우리는 의례 불꽃놀이가 보일 것으로 예상한다. 하지만 ..."
어느 가족,그럼에도 남는 질문. 그들의 '가족'은 어떻게 됐을까. 그리고 이제 그들은 어떻게 될까. 영화가 하려 하지 않았고 굳이 할 의도도 없었을 답을 내리자면 아마 이런 것이다. 친가족이...
어느 가족,지나고 보니 그 때의 불안정은 무엇보다도 단단했던 유대였음을.
어느 가족,"훔친 가족, 훔치는 가족, 훔쳐진 가족"
어느 가족,혈을 뺀 연의 주워짐 속 이어짐에 대해 속삭인다.
어느 가족,"남들에게 인정받지 못할 범죄들을 저질렀지만, 그 마음만큼은 어느 가족보다 따뜻했던, 그들의 마음 속에서 평생을 함께 할 가족의 이야기"
어느 가족,사랑할수밖에 없는 고레에다의 가족에 대한 생각
어느 가족,"다양한 형태의 가족, 서로의 빈칸을 채워주는 그들의 모습을 어찌 미워할 수 있을까. 피가 섞여야만 가족이 아니듯, 나의 고정관념을 깨뜨리고 진정한 가족을 생각하게 만든다."
어느 가족,고레에다 히로카즈의 '가족'
어느 가족,"유대감이 있었기에, 그들은 모순을 지니면서도 가족이라고 할 수 있었다"
어느 가족,'어느 가족' 초간단 리뷰
어느 가족,"혈연이 아닌 접촉으로 맺어진 유대 관계 <어느 가족> : 그렇게 성장하고, 그렇게 가족이 된다"
어느 가족,등에 묻은 비누거품조차 알 수 없는 인간에게 가족이란
어느 가족,그렇게 가족이 된 이들의 다이어리
어느 가족,히로카즈 감독은 ‘가족’이라는 주제를 가지고 몇편을 만들어도 수작이구나. 안도 사쿠라의 얼굴이 너무 아름답다. 릴리 프랭키의 야윈 몸까지 연기를 하고 있었다. +)마츠오카 마유를 ...
어느 가족,<어느 가족>에 관한 개인적인 단상
어느 가족,"묵직하고 의미심장한 메시지로 관객들의 심장을 크게 가격하는 ‘가족전문가’ 고레에다 히로카즈의 가족 이야기. 머리로는 비상식적인 상황과 구성원인걸 알고 있으면서도, 피보다 훨씬 ..."
어느 가족,가족의 정의보단 과정을 말하다
어느 가족,[어느가족] - 나에게 가족이란 어떤 의미일까?
어느 가족,장 폴 사르트르는 인생은 탄생과 죽음 사이에 선택의 연속이라고 이야기 했지만 우리는 가족을 선택하지 못한다. 그렇기에 오히려 서로를 가족으로 선택한 이 영화에 대한 울림이 크다.
어느 가족,이런 가족도 있다.
어느 가족,주먹을 쥘 수 없는 다섯손가락
어느 가족,"가짜로 점철된 여러 파편이지만, 마음만큼은 진짜 가족."
어느 가족,몰입되는 감정선에 푹 빠져있다 나왔다
어느 가족,어느 가족.
어느 가족,.
어느 가족,사랑한다면 때리지 않아. 이렇게 꼭 껴안아 주는 거야. 서늘하며 따뜻한 느낌을 동시에 받았다.
어느 가족,가족의 정의에 부합하지 않는 어느 가족.
어느 가족,차가운 프레임에 자리한 따뜻한 가족의 온기
어느 가족,그들에게 '가족'이란 무엇일까.
어느 가족,너무나 훌륭한 작품. 잔상이 남는다.
어느 가족,"흩어져서 진짜 가족으로 가지만, 그것이 우리가 원하는 이상적인 가족이 맞는가?"
어느 가족,가족 이상의 씁쓸한 연대와 한편의 아픈 잔상.
어느 가족,!!!!
어느 가족,깐느 영화제 수상작이고 일본의 적나라한 모습을 보여준다기에 봤는데 너무 적나라했다.
어느 가족,‘사람을 주었다’ 라는 비인간적인 표현이 가장 인간적으로 들렸다. 여성 캐릭터의 쓰임이 다소 아쉬웠어서 100은 아니지만 그에 가까울만큼 좋은 영화
어느 가족,마음으로 이어진 유대감이 더 큰 영향력을 발휘할 때가 있다.
어느 가족,진짜 가족이란 무엇인가? 그 경계와 의미를 다시 한 번 생각하게 한다
어느 가족,무엇이 가짜고 무엇이 진짜인가..
어느 가족,가족의 의미!
어느 가족,"운명이란 그런 것이다. 한 번도 찾아다니지 않던 무언가를 발견했는데, 그것이 내게 항상 결여되어 있었다는 것을 확신하게 되는 것. 어느 가족은 그렇게 운명처럼 생겨나기도 한다."
어느 가족,우리가 함께 만든 눈사람은 곧 녹아내리겠지만 내 손바닥에 선연히 남아있는 사계절의 온기는 영영 지워지지 않을 것만 같다
어느 가족,"피보다 진하게 연결된, 어느 가족에 대하여"
나이트 에이전트 시즌 2,발암캐들에 너무 많네... 보다가 자꾸 흐름끊기는거같음..
나이트 에이전트 시즌 2,전편보다 못한 긴장감과 액션... 자꾸 과거이야기는 왜 넣는건데.. 덕분에 더 지루했내.
나이트 에이전트 시즌 2,아 뒷목 잡게 만드는 순간들이 너무 많다..... 시즌1보다 더 치밀한 전개를 기대했는데...
나이트 에이전트 시즌 2,미드 특유의 답답한 꼬임과 복잡한 전개가 시즌 1과는 차이가 큼.. 추천하지 않아요
나이트 에이전트 시즌 2,전 시즌의 신선함은 없지만 첩보물의 익숙함은 챙겼다
나이트 에이전트 시즌 2,시즌1보다 못한듯
피난처,어휴 미친 사랑
피난처,마치 연극 같은 구성과 연출의 영화. 에스 성향 여성과 엠 성향 남성이 서로 주도권을 가지고 다투는 과정이 계속 이어짐. 결말에 이르면 연인의 모습을 다르게 표현했음을 알게 됨.
피난처,말 그대로 ‘미친’ 영화다. 이 또라이들아...
피난처,또라이와 변태의 치열한 싸움...인데 로맨틱 코미디인
팬텀 스레드,"영화 [팬텀 스레드]는 최근 미국 아카데미 시상식에서 감독, 남우주연, 여우조연, 음악, 의상, 작품상 후보에 올랐고, 그 중에서 의상상을 받으면서 한국에서 주목을 받게 된 작품입..."
팬텀 스레드,"폴 토마스 앤더슨의 로맨스 영화이니 물론 평범하진 않으리라 생각했는데 세상에, 이토록 숨막히고 영화적인 사도마조히즘적 사랑이라니. 조니 그린우드의 음악도 음악이지만 촬영이 말도 안..."
팬텀 스레드,"사랑은, 나를 파괴할 걸 알고서도 감행하는 자각몽"
팬텀 스레드,좋은 영화는 많이 봤어도 이렇게나 아름다운 영화는 처음이다
팬텀 스레드,'광기'라는 보이지 않는 실로 꿰메어 영화라는 하나의 옷을 만드는 과정. '데어 윌 비 블러드'에서 환상의 조합을 만든 폴 토마스 앤더슨과 다니엘 데이 루이스가 오랜만에 뭉쳐서 ...
팬텀 스레드,"음악이 멈추는 순간도 음악인 듯, 멈출 듯 순간의 사랑도 사랑인 듯. 영화의 끝에는 한걸음 나아간 내가 있다. 그 모습 ‘먼지와 유령과 세월에 빛바래지 않기로’."
팬텀 스레드,두 남녀 사이에 얽혀있는 보이지 않는 실이 세밀하고도 섬세하게 서로를 얽매인다. 심지어는 그 광경을 보는 관객마저도.
팬텀 스레드,이 죽일놈의 사랑 가학적...
팬텀 스레드,"너를 꿴 바늘로 나를 찌르고, 다시 나를 꿴 바늘로 너를 찌르고. 이 영화는 에로스적 사랑이야기가 아니다. 육욕적인 것과 반대되는 정신적인 항거의 영화이고, 사랑보다 게임에 가까..."
팬텀 스레드,영화분석을 시도하기엔 필자의 지식과 필력으론 짬이 안되고 그냥 보고 나서의 느낌만 얘기하겠다. 기존 PTA 영화가 말해오던 주제와 소재에서 확 벗어났다는 점에서 꽤나 당황스럽다. ...
팬텀 스레드,"굉장히 아름다운 의상들과 공간, 그리고 최고의 스코어를 무대삼아 워커홀릭 천재 야수의 궁궐에 입성한 굳센 미녀에 대한 고전적인 로맨스로 시작하고, 사랑과 열정의 파워플레이로 유머와..."
팬텀 스레드,아슬아슬한 실 위를 거니는 사랑의 감정.
팬텀 스레드,망해야 하는데 망하지 않는 사랑
팬텀 스레드,스스로 빠져버리는게 인생.
팬텀 스레드,모든 장면 모든 컷이 아름다웠다. 짧은 신에서도 대사 한마디 없이 미세한 감정변화를 주무르는 그의 탁월함
팬텀 스레드,절제되고 파괴적인 비틀어진 구원서사.
팬텀 스레드,"영상미나 노래, 의상은 너무 아름다웠지만 그냥 변태들을 보는 것 같았다"
팬텀 스레드,사도마조히즘을 우아한 영상미로 포장하다.
팬텀 스레드,"알마가 레이놀즈에게 요리해둔 독버섯처럼, 사람은 모두 한 가지의 비밀을 가지고 있고, 그 비밀을 써둔 밑단을 열어보는 영화"
팬텀 스레드,와! 드디어 아무 고민없이 5점 줄 수 있는 PTA작품
팬텀 스레드,같은 대사도 PTA가 하면 다르다.
팬텀 스레드,"영화를 찍지 않고 직조했다. 엉켜있는 실은 사실 엮인 것이였고, 완벽한 피륙이 되어 감히 재단할 수 없게 되었다."
팬텀 스레드,감각적으로는 최고지만 난 이런 전개랑 안 맞아...
팬텀 스레드,"사랑하는 것만큼 상처줄 수 밖에 없는,"
팬텀 스레드,지루해죽겠네. 이 감독영화는 볼때마다 지루해죽겠는데 관객을 배려해서 만드는건지 모르겠고 배려한거면 어떤 관객이 타겟인지는 알겠다
팬텀 스레드,실을 꿴 바늘로 서로를 찌르며 완성되는 실타래 같은 사랑.
팬텀 스레드,“약해 보일 때만 네가 내 것 같아.” -은희경
팬텀 스레드,이 영화만큼의 광기어린 사랑영화는 본 적이 없다.
팬텀 스레드,나는 다시 배고파졌다. 욕망을 갈망하게 되는 광적인 사랑.
팬텀 스레드,당시의 분위기와 의상을 잔잔하지만 강렬한 ost로 조화롭고 위태롭지만 매끄럽게 전개한다
팬텀 스레드,괴팍한 이의 독단을 뚫고 사랑으로 꿰맨 그녀의 아름답고 촘촘한 마력
팬텀 스레드,사랑의 종착지로 가기 위해 구부리지 않고 끊어지는 것
팬텀 스레드,맞지 않는 옷을 입고 줄달리기를 할때 필요한건 버섯과 나약해져야만 사랑을 할 시간이 주어지는 워커홀릭
팬텀 스레드,독마저 감수하게만드는 사랑은 동의못해도 아릅답다.
팬텀 스레드,서로 다른 꿈을 가졌지만 마침내 서로 필요한 걸 손에 쥐게된 커플의 이야기
팬텀 스레드,독한 사랑의 끝
팬텀 스레드,사랑이라는 이름으로도 풀리지 않을 실타래.
팬텀 스레드,우아하고 고급진 그들만의 사랑
팬텀 스레드,멋진 리뷰는 다른 분들이 워낙 많이 적으셨으니.. 내게 가장 인상적이었던 것은.. 다니엘데이루이스의 은퇴작인데 아직도 이렇게 섹시하다니였다.
팬텀 스레드,차분하고 평탄한 우물에 메기를 풀듯 예정된 파탄을 향해 전개하면서 일궈낸 균열을 섬세하고도 감정적으로 강렬한 여운을 남기는 영화였다.
팬텀 스레드,이 영화가 좋다 무지하게
팬텀 스레드,.
팬텀 스레드,"사람을 재단하는 자, 사랑을 재단하는 자"
팬텀 스레드,끼리끼리 잘 만났다 ...
팬텀 스레드,"공감은 필요없는 그들만의 사랑… 내눈엔 배우만 보임 ㅜ 레이놀즈 그 자체인 다니엘 데이 루이스의 존재감, 아우라… 레슬리 맨빌 (누나) 도 훌륭 !"
팬텀 스레드,역시 PTA는 한번 봐서는 어렵다
팬텀 스레드,위태한 악몽처럼 나타나 나를 껴안아주오
팬텀 스레드,멀어질수록 더욱 팽팽해지는 실
팬텀 스레드,절음발이들의 사랑은 넘어질 때 완성된다
팬텀 스레드,서로가 서로를 꼭 붙들고 평생 함께 살았으면...
북스마트,재밌게 잘 봤고 메세지도 나쁘지 않은데 뭔가 후반부가 좀 부족한 느낌. 3.3점 줄 수 있으면 딱 그 점수 주고 싶다.
북스마트,의외로 호쾌하네.. 남자루저들의 광란의 하룻밤을 여자로 틀어놓으니.. 술과 성에만 집착하는것보가 좀더 깊이가 생겼네..
북스마트,유쾌한 그 시절의 이야기
북스마트,한 번쯤은 망가져도 괜찮아. 그게 다 성장하는 과정이지.
북스마트,오랜만에 재밌게본 하이틴 영화 나를 온전한 나로 봐주는 친구의 소중함을 느끼게 해줌
북스마트,색다른 웃음으로 다채롭게 이야기를 나아간다.
북스마트,유쾌하지만 쉽게 웃을 수 없는 정서의 차이
북스마트,학창시절. 조금 모자랐기에 완벽했던 그 때를 유쾌하게 그려낸 영화
북스마트,후회하지 말고 놀고 즐기자!
북스마트,아무튼 좋았잖아. 안 그래?
북스마트,"아주 유쾌!, 음악도 좋음, 두 친구의 앞으로의 미래를 응원하고픔"
북스마트,.
북스마트,너네 진짜 귀여워
북스마트,왜 오바마가 극찬했는지 알겠군요 훗ㅋㅋ
북스마트,하이스쿨 코미디의 새로운 클래식
북스마트,뻔한 스토리 라인 속 흥미로운 소재들로 재미를 준다
북스마트,일탈 총량의 법칙이 있다면 좀 일찍 놀아보자! 월플라워가 스스로를 마주하기 위해 친구들이 있었다면 북스마트는 서로 잘 알고 있다고 생각한 내면을 밖으로 꺼내기 위한 영화다
북스마트,우리나라에도 이러한 하이틴 무비가 필요하다. 그리고 하이틴 무비가 아닐지라도 이러한 흔한 소재로도 영화를 이끌어가는 힘을 우리 영화들이 본받아야할거 같다.
북스마트,"지겨울만한 하이틴을 새롭게 선보이는, 어쩌면 이제 관객들은 치어리더프롬퀸과 쿼터벡남친의 이야기보다 이런 게 궁금하지 않을까?"
북스마트,정신없이 시끄러울지라도 메세지 전달은 확실히다.
북스마트,범생이도 또라이도 퀸카도 날라리도 쓰다듬는 감독의 손길
북스마트,색다른 하이틴을 원하시나요? 추천합니다👍 내가 10대 때 이런 하이틴 영화를 봤다면 얼마나 좋았을까... 클리셰 1도 없는 시대에 딱 맞는 하이틴💖
북스마트,최근 본 하이틴물 중 단연 돋보임!! 비니!! 조나 힐 동생인 줄 몰랐는데...진짜 닮았네... 2022.02.19
북스마트,남의 동창들의 앞날을 응원해! 다이애나 실버스🔥
북스마트,말랄라!
북스마트,북스마트
북스마트,그녀들과 함께 내 마음도 들썩
북스마트,너무 귀여운 영화 두고두고 심심할 때마다 볼 것 같다
북스마트,더 망가졌으면 했는데 아쉬웠다. 범생답지도 날라리답지도 않아 어중간한 영화. 감독이 학창시절에 그런 사람 아니었을까.
북스마트,멍청함 속에 피어나는 찐 우정. 모범생이어도 충분히 멋진 에이미와 몰리는 자신들의 모습을 다시 발견한다.
북스마트,10대 시절을 향한 시끌벅적한 작별 인사
북스마트,졸업식을 앞 둔 며칠 동안의 범생이 친구의 우정 이야기에 다양한 캐릭터를 음악과 함께 잘 섞어 유쾌하다
북스마트,재기발랄한 21세기식 홀든 콜필드 듀오
북스마트,레즈비언 게이 젠더어쩌구로 꽉찬 영화. 남이 뭐하고 살던 관심없어서 저런이슈에 특별히 나쁜감정이 있는건 아닌데 일단 영화가 재미있고나서 토핑으로 얹어야지 저게 메인이고 재미가 토핑
북스마트,시대가 다르니 인물상도 이야기도 달라졌지만 예전 그 느낌과 감상은 다르지 않다
북스마트,현대판 로드 무비
북스마트,그 나이대에만 즐길 수 있는 거리가 있으니 꼭 즐길 수 있을 때 즐겨라.
북스마트,코로나 블루 한방에 해소!!!
북스마트,"우물을 뛰쳐 나오려는 개구리들의 귀여운 고군분투. 그럼에도 그 모든 시간, 그 모든 마음들은 너무나 소중할지니~?"
북스마트,smark는 book이 아닌 act로 부터 소녀들의 우정이 발칙하면서도 사랑스럽다.
북스마트,찬란하게 성장하는 소녀들의 우당퉁탕 귀여운 하룻밤...
북스마트,내 친구의 파티장은 어디인가?
북스마트,공부만 했다가 10대 인생을 손해본 두 범생이
북스마트,"존 휴즈가 남긴 유산, 2010년대의 시대 흐름에 다시 맞춰 나가다"
북스마트,"얘들아, 세상은 책으로 배우는 게 아니란다"
북스마트,<아메리칸 파이>가 가지 '않은' 길로 영리하게 전진한 시나리오.
북스마트,‘잘한다’와 ‘자란다’의 사이에 서서.
북스마트,에이미 ㄹㅇ 졸커
북스마트,기존 하이틴무비들의 부족했던 2%를 채워준 작품
킹덤 시즌 1,“한국의 느낌을 살리면서 재미있는 좀비물을 만든다.” 굉장히 거짓말 같은 문장이지만 킹덤 시리즈는 이것을 해냈다. 짧고 굵은 스릴러
킹덤 시즌 1,3 빨리나왔으면 ..
킹덤 시즌 1,가장 한국스러우면서도 완벽한 좀비물
킹덤 시즌 1,김은희 작가는 어떻게 사극도 잘 쓰지? 넷플릭스 드라마이기에 가능한 연출 또한 이 드라마의 묘미다
킹덤 시즌 1,스토리도 그렇고 영상미가 어쩜...
킹덤 시즌 1,한국 좀비물의 신기원이라 할만한 몰입도의 드라마
킹덤 시즌 1,K-넷플릭스의 시작을 알린 명작
킹덤 시즌 1,좀비에 대한 차별화된 설정과 권력투쟁까지 더불어 촬영까지 예술인데 6편밖에 안되는게 흠이다.
킹덤 시즌 1,쟝르와 조선의 역사를 적절하게 이어 붙였다. 가상의 인물이지만 오히려 선명하고 작가의 역사관도 믿을만하다.
킹덤 시즌 1,시즌 2가 진짜임 시즌 1은 뭔가 시작하려고 하다가 끝나버림 그러니 꼭 시즌 2를 보세요
킹덤 시즌 1,정치와 좀비를 적절히 접목시킨 조선판 좀비사극.
킹덤 시즌 1,최고의 좀비물
킹덤 시즌 1,위에서부터 썩어내려온 킹덤
킹덤 시즌 1,.
킹덤 시즌 1,전개가 빨랐으면 더 재밌었을 것
킹덤 시즌 1,한국식 좀비는 느낌이 다르다. 시대물 좀비라니 이건 성공.
킹덤 시즌 1,이것이 전통 한국 좀비물이다!??
킹덤 시즌 1,재밌지도 않은 그 개그욕심 좀 덜어냈으면 재밌게 볼거 같은데..
킹덤 시즌 1,기발한 풍자의 아이디어로만 그치는 설정의 깊이.
킹덤 시즌 1,"시즌2를 위한 완벽한 도약, k좀비 세계화의 완전한 시작"
킹덤 시즌 1,대박 와전 미친 드라마!! 시즌2 빨리 보고싶어요~
킹덤 시즌 1,어설픈데 매력있달까
킹덤 시즌 1,김혜준배우에게 완전히 빠져버린 작품
킹덤 시즌 1,사극의 아름다운 부분과 다르게 무서운 좀비가 대비적이였어요
킹덤 시즌 1,박진감 넘치는 전개와 군더더기없는 스토리!
킹덤 시즌 1,심장 터질 준비 빌드업!!!
킹덤 시즌 1,오프닝부터 시선을 집중시켜 마지막까지 그 긴장감을 놓치지 않고 시선을 잡아끈다. 한국형 좀비에 사극을 정말 근사하게 완벽하게 섞어놓은 작품.
킹덤 시즌 1,표현은 훌륭하지만 서사는 밋밋하기 그지없는..
킹덤 시즌 1,약간 잔인하다 그래도 재밌고 스토리 탄탄한 듯
킹덤 시즌 1,좀비물은 원래 잘 보지 않는데도 재미있었음
킹덤 시즌 1,재밌어요
킹덤 시즌 1,좀비물 비선호하고 징그러운거 극혐하는데도 몰입감 덕분에 다봤어요
킹덤 시즌 1,4.5
킹덤 시즌 1,좀비들 퀄리티가 장난 아닙니다
킹덤 시즌 1,넷플릭스를 처음 구독하게 만든 작품. 몰입감이 좋아서 하루만에 몰아보기 다했다
킹덤 시즌 1,😖
킹덤 시즌 1,역시 1시즌
킹덤 시즌 1,야 느이는 갓 쓴 좀비 없지?! 우린 있다~
킹덤 시즌 1,드라마 자체의 힘은 흡입력 있는 스토리에서.
킹덤 시즌 1,배두나 누님 사극 톤만 좀 잘 뽑아주시면 4.5점 드릴게요 ㅠㅠ
킹덤 시즌 1,헬조선 좀비는 낯이 익다.
킹덤 시즌 1,밤새서 보게 됨. 흥미진진 K좀비물을 이렇게 연출할 수도 있구나
킹덤 시즌 1,연기 참
킹덤 시즌 1,배경이 조선이라 그런지 정말 리얼하고 무서웠습니다 손에 땀을 쥐고 보았어요 특히 초반 국 먹는 장면은 소름이 돋았습니다
킹덤 시즌 1,시즌2는 기대가 되지만 시즌1은 좀 실망.. 시즌2에는 중전과 배두나의 톤이 좀 나아지길 기대한다
킹덤 시즌 1,한국 좀비 드라마가 이렇게 재미있다니
킹덤 시즌 1,생각보다 괜찮아서. 생각보다 나쁘지 않아서. 첫 화 엔딩은... 진짜 박수를 칠 만 하다.
킹덤 시즌 1,길 걷다가 발에 뭔가가 걸려서 보니까 내 목 기다리느라 목 빠져서 좀비 될 듯 ㅠ(아무말 + 와 1화만 보고 자야지했는데 망했음..와...
킹덤 시즌 1,좀비 드라마 처음 봤는데 존잼이네
킹덤 시즌 1,장르라는 특성에서 설정이 얼마나 중요한지 일깨워주는 드라마
Mr. 플랑크톤,"죽음과 맞닿아 있을 때, 살고 싶게 하는 것은 사랑이구나.. 그래서 죽음의 반대는 사랑이구나.."
Mr. 플랑크톤,밤새서 하루 만에 다 봐버렸다.... 미친.... 진짜 웃고 울고 혼자 생쇼 했지만 좋았다.... 잠시나마 하루 동안 진짜 너희가 내사랑이고 내행복이었어♡ 너희가 내 가족이야..♡
Mr. 플랑크톤,그냥 개쓰레기 미화극.
Mr. 플랑크톤,"감동, 재미, 음악, 연기, 연출, 스토리 모두 다 잡은 드라마라고 생각한다. 줄거리 요약만 보고 기대를 하지 않고 봤는데 순간순간 예상치 못한 이야기가 크게 다가왔다."
Mr. 플랑크톤,너 저기 저 바다에 반짝거리는 게 뭔지 알아? 저 바닷속을 자세히 들여다보면 저건 플랑크톤들이 햇빛을 받아서 지들이 막 발광을 하고 있는 거야. 걔들이 반짝반짝 빛을 내고 있는
Mr. 플랑크톤,되게 있어보이는 척 구구절절 입으로 쓰레기 뱉는 해조
Mr. 플랑크톤,초반은 그럭저럭 중후반부터 박살나버리는 전개 막판엔 빨리 끝나주기를 바라고있었다
Mr. 플랑크톤,인생작 하나 추가~!!!
Mr. 플랑크톤,"억지로 분량을 늘리라고 했던걸까,, 4화까지로 끝냈으면 좋았겠다"
Mr. 플랑크톤,올해 최고 한국드라마
Mr. 플랑크톤,뻔한 소재 투성인데 왜 생각보다 안 뻔하지. 섬세한 연출과 bgm 선정이 맘에 들었다. 그리고 흥이파는 조용히 고개를 들어주세요 🐯
Mr. 플랑크톤,보면서 얼마나 울고 웃고 했는지 모르겠다..
Mr. 플랑크톤,빠르게 정주행 완료! 몰입감 있어
Mr. 플랑크톤,우도환의 연기와 전형적 츤데레 대사가 날 계속 을게 했으나 우도환만 비극이고 다른 모든 사람들이 코믹을 연기하는 바람에 다른 사람들 연기는 대충 건너뛴 드라마.
Mr. 플랑크톤,여주가 연기를 너무 못하고 스토리 내용이 부실한 연출력
Mr. 플랑크톤,억지 감동 유발 스토리는 막장드라마
Mr. 플랑크톤,거침없고 통쾌한 스토리와 전개가 또 인생을 통찰해보는 인물들의 사건들 참 좋앗다
Mr. 플랑크톤,진짜 레전드로 재밌었던 드라마 배우들 연기 미쳤고 스토리도 너무 재밌음
Mr. 플랑크톤,결핍이 있는 캐릭터들이 사랑을하고 성장하는 드라마 슬프고 웃긴 장면들과 함께 무난한 스토리라인 그래서 담담하게 이야기를 따라가며 매력적인 캐릭터를 볼수 있었지만 그게 다라서 아쉽
Mr. 플랑크톤,길다 오정세의 캐릭터만 살아있다
Mr. 플랑크톤,결코 로코만이라고 할수없는 한남자의 인생과 조재미의 삶. 웃기면서도 아프고 아프면서도 웃기다
Mr. 플랑크톤,"부단히 갖고 싶었던 애정, 사랑, 온정, 인정. 나보다 내 결핍을 누구보다 잘 아는 누군가의 존재의 위로."
Mr. 플랑크톤,파란하늘 아래 죽는 밑바닥
Mr. 플랑크톤,용두사미인듯 아닌듯.. 결국은 사랑이었다 ..? 그래도 나쁘지 않았다
Mr. 플랑크톤,그냥 영상이 예쁜 로드무비로 가볍게 생각하려고 했으나 오정세를 저런 식으로 낭비한 죄가 너무 크다
Mr. 플랑크톤,이건 한마디로 “너무 좋았다”
Mr. 플랑크톤,"어흥의 꽃신, 해조의 꽃신 너무너무 잘 만든 드라마네요 웃다 울다,,, 사람에 대한 따뜻한 시선이,,, 사랑해서 서로 너무 사랑해서 모두가 외로워지는,,"
Mr. 플랑크톤,두 배우의 팬이라면 볼 만하다
Mr. 플랑크톤,중반까진 감흥이 없었는데 그동안 쌓아올린 서사가 후반에 터지면서 감동적이었다. 갈등구조가 단순해 약간 늘어진다 생각 되는 곳이 있지만 후반에 눈물과 웃음이 만회시켜줬다.
Mr. 플랑크톤,주연보다 조연이 더 매력적인 드라마 😎
Mr. 플랑크톤,비극적 요소를 신파적으로 풀지 않아 좋았다. 살아가는 미덕은 누군가를 믿어주고 책임지는 일.
Mr. 플랑크톤,몇몇 배우때문에 중간까지 봤는데 도저히 공감이 가지 않는다 중간에서 하차 그냥 온갖 미화덩어리 이게 바로 요즘의 미안하다 사랑한다같은 감성인건가…
Mr. 플랑크톤,"유쾌해서 더 슬프고, 웃어서 가슴이 더 아픈"
Mr. 플랑크톤,아직 끝까지는 못봤지만 재미나게보고 있는중 완주하면 자세하게
Mr. 플랑크톤,너무 힘줘서 내 어깨까지 아프네...
Mr. 플랑크톤,정말 힙하다. 눈위에 누워있는 씬 매년 겨울마다 생각날 것 같다. 그치만 납치 미화라는 생각이 지워지지않는다.
Mr. 플랑크톤,흠. 뭔가 붕떠있는 스토리에 남주여주 얼굴케미는 좋았으나. 여주연기는 아쉽 오정세님과 우도환님때문에 끝까지 참고봤어요 주변에 추천은 안할
Mr. 플랑크톤,"단순한 캐릭터와 이야기를 입체적이고, 사랑스럽게 그려내는 재주가 있으신 조용 작가님."
Mr. 플랑크톤,로코는 인정 근데 여주가 남주한테 다시 사랑에 빠진 이유를 더 명확하게 보여주고 전개가 더 빨랐으면 좋았을 듯
Mr. 플랑크톤,"버림받은 영혼, 시한부 인생, 많이 본 듯한 이야기일 줄 알았고, 착각임을 빠르게 깨달았다. 빛을 내뿜는 플랑크톤 같은 인생 주인공들의 멋진 방랑, 그리고 마지막 여행이었다. 👍"
Mr. 플랑크톤,제대로 봤으면 좀 더 나았을 수도 있다.
Mr. 플랑크톤,말같지도 않은 설정들로 하여금 붕 떠있는 듯한 불안정감을 준다. 그 위에서 나누는 감정들이 점점 현실에 여과되면서 서로간의 솔직한 감정으로 내려진다.
Mr. 플랑크톤,그냥 플랑크톤일 뿐
Mr. 플랑크톤,살고 싶어지게 하는 사랑
Mr. 플랑크톤,인물관계가 이런 로코는 처음이네 재밌다
Mr. 플랑크톤,진짜 재밌게봤어요 !! 우도환 배우님 좋아하시면 꼭 보시길 추천드립니다
Mr. 플랑크톤,재밌긴한데 후반부에 급하게 마무리짓는 느낌이라 너무 아쉬움
Mr. 플랑크톤,재.밌.다!!!!!!!!!!!(기대1도안하고봄)
Mr. 플랑크톤,우도환이랑 살래요 오랜만에 넷플 오리지널괜찮아요
Mr. 플랑크톤,해조 연기 조타 💙
미씽: 그들이 있었다,기대 안 해서일까? 나름 재미있게 봤다. 죽은 영혼의 세계가 있다는 신선한 내용.
미씽: 그들이 있었다,실종자들이 모이는 마을. 공동체를 꾸린 이들은 현실에서 발견된 순간 다시 사라진다. 이 아름답고도 아픈 이별의 순간이 '미씽'을 보는 이유다.
미씽: 그들이 있었다,망자들의 마을이라니..시체를 못 찾으면 죽어도 쉬지도 못하고..
미씽: 그들이 있었다,각각의 이야기들이 안타깝고 가슴 아프다.
미씽: 그들이 있었다,기획이 좋다.. 실종된 죽은이만 모여 사는 마을이라.. 나름 드라마틱함과 기본 줄기가 탄탄하고 연기들이 좋아 몰입되는 부분이 많다.. 사연들이 애뜻하다보니 짠함도 많다..
미씽: 그들이 있었다,제목부터 슬프지만 너무 신파로 풀어가는 건 아니라 꽤나 흥미롭고 먹먹하다
미씽: 그들이 있었다,볼만은함
미씽: 그들이 있었다,신준호 최여나 러브스토리 보려고 본 드라마가 아닌데... 이 커플 이야기 빼곤 재밌었다.
미씽: 그들이 있었다,소재가 굉장히 신선! 스토리 자체는 뻔한데 너무 재밌고 감동적인 드라마이다. 캐릭터들도 전부 매력있고 주인공 외의 사건들도 잘 연출된 듯
미씽: 그들이 있었다,쓸데없이 정의로운 드라마!! 너무 재미있어요~~ 시즌2도 정주행 달립니다~~
미씽: 그들이 있었다,소재도 참신하고 대체로 호연이라 재미있게 봤다. 장씨 아저씨와 김욱이 본격적으로 실종자들 찾는 내용으로 시즌2 나오면 좋겠다.
미씽: 그들이 있었다,재밌게 봤던 드라마~
미씽: 그들이 있었다,쓸데없이 정의로워서
미씽: 그들이 있었다,호흡이 너어어어어어무 느려요
미씽: 그들이 있었다,몰입도 최강
미씽: 그들이 있었다,"꽤나 재미있었던 드라마. 다시 보고 싶은 드라마지만, 아쉬운 점이 있다면 엔딩만 봐서는 시즌2의 출발이 억지스러울 것 갇다는 것 뭐..시즌2도 끝났다 들었지만.."
미씽: 그들이 있었다,"넷플릭스로 봤는데, 2편도 기다려집니다. 전반적으로 마무리까지 좋았습니다."
미씽: 그들이 있었다,그냥 가볍게 즐기기 좋다
미씽: 그들이 있었다,캐릭터를 잡는게 어색했던건지 연기력이 아쉬웠던건지.. 몰입도가 약간 아쉬웠으나 스토리나 구성 자체는 좋았다.
미씽: 그들이 있었다,"12회에 걸친 빌드업이 있었지만, 보육원 출신 인물들 살해에 대한 당위성이 와닿지는 않았다. 킬링타임으론 좋았다."
미씽: 그들이 있었다,사회의 범죄와 망자에 대한 이승의 사람들이 새로운 시각으로 보는 시나리오가 신선한 접근이었네요 인물간의 관계와 주인공들에 숨겨진 이야기 풀어가는 재미 쏠쏠했습니다 시즌2는 언제..
미씽: 그들이 있었다,쌓이고 쌓인 안타까움을 하나하나 풀어낸다.
미씽: 그들이 있었다,재밌어요~ 시즌2도 나오면 좋을거같아요!
바람난 가족,"""내가 하면 로맨스, 남이 하면 불륜"""
바람난 가족,바람난 그녀의 사랑은 불장난
바람난 가족,윤여정님 캐릭터가 너무 재미있었고 당시에 나왔다면 얼마나 센세이셔널 했을까 싶다 문소리 황정민 연기도 좋음 근데 뭘 또 이렇게까지 쿨한 척하나 싶기도 하고
바람난 가족,질긴영화
바람난 가족,알맹이 빠진 바람난 연출사이를 종종 비집고 들어가는 각성과 파격.
바람난 가족,남들을 하나로 묶은 “가족”이란 체제를 무자비하게 풀어헤친 서늘함.
바람난 가족,하루를 살아도 사는 것처럼 살아야지! 날것의 사람들을 그대로 보여준다. 결국 각자의 길을 찾아~
바람난 가족,21.7.7 묻어둔 채 외면하며 사는 건 사는게 아니었음을.
바람난 가족,바람난 '가족'. 칙칙함을 칙칙함으로 표현하니 칙칙할 뿐이다.
바람난 가족,거참 너무 무책임한거 아니요.
바람난 가족,"(임)상수 형, 가족이 왜 이래. 왜 이렇게 힘들어."
바람난 가족,메시지가 있으면 어떤 장면이든 다 찍어도 된다고 생각하는 사고방식이 정말 싫다
바람난 가족,잘 봤다.
바람난 가족,가족이라는 형식의 해체.
바람난 가족,"한 가족을 통해 확장해나가는 한국사회 이면 들여다보기. 도식적이거나 경직되어 있지 않다. 날것이고 생생하고 자유롭게 먹물감성, 지적인 풍미를 느낄수 있는 임상수 영화의 한 정점."
바람난 가족,-
바람난 가족,"바람을 발화점으로, 가족의 해체와 탄생"
바람난 가족,자기 인생 사는거지
바람난 가족,"가족의 해체를 통해 생각해볼거리를 무척이나 많이 던져주는 영화. ""바람난""이라는 타이틀로 조금은 자극적으로 접근하지만, 그런 이야기를 전부 걷어내고나면, 가족의 진정한 의미에 대한..."
바람난 가족,임상수 식 <아메리칸 뷰티>.
