﻿movie_title,review
주토피아,최고의 애니
주토피아,차별없이 평등한 세계를 만들려고 노력하는 토끼의 수사기록
주토피아,너무 재밌어요 다음 시리즈가 나온대서 오랜만에 다시봤는데 재밌습니다!
주토피아,"디즈니의 55번째 장편 애니메이션 <주토피아>는 디즈니가 여태껏 보여온 스탠스와는 사뭇 다른 민감하고 무거운 주제를, 여태껏 그래왔듯 경이로울 정도로 매력적인 화면과 음악, 캐릭터..."
주토피아,동물주제의 애니메이션 영화 중 탑인 것 같습니다
주토피아,어렸을 때의 나의 편견을 깨부숴준 영화
주토피아,힐링되는 영화
주토피아,동물 우화를 다시 한번 패러디해서 현대 사회에서 야만성은 절대 용납될 수 없음을 재확인한다. 하지만 야만으로 돌아가는 원인이 외부적이라는 생각은 위험하다. 현실에서 야만은 개인의 ...
주토피아,최고의 애니매이션 영화. 보고 또 봐도 재미있다.
주토피아,너무 재밌게 본 주토피아!! 나무늘보 표현이 너무 인상깊었다 주토피아 2 얼른와라!!! 기대됨 너무
주토피아,노래도 너무너무 좋구.. 힐링 대박 영화
주토피아,"귀여워서 보기 시작했지만, 그 이상의 스토리가 담긴 애니메이션. 2편도 나왔으면 하는 작은 소원."
주토피아,"유토피아란 가장 이상적인 곳, 즉 상상에 그치고 마는 현실일 뿐."
주토피아,"6살 때, 영화 보러갔다가 들어간지 10분 뒤에 여우가 무서워서 나왔다. 동생은 10분 더 있다 나왔다. 팝콘이 다 떨어져서."
주토피아,동물들을 의인화 시켜서 이렇게 잘만들줄이야
주토피아,디즈니의 개과천선. 트럼프는 보아라.(2016) 그리고 우리사회 젠더갈등에 대한 우화.(2019)
주토피아,.
주토피아,희망차고 귀여운 캐릭터 한바가지
주토피아,"디즈니에서 또다시 강수를 두었다. '동물'이라는 소재로 한 수 먹고 들어가는데, 그 동물들마저 그렇게나 러블리하다니! 주인공 토끼 경관 주디는 너무나 사랑스러웠다. 할리우드와 미국..."
주토피아,신나고 유쾌하고 귀엽다! 이 이상 뭐가 더 필요할까!
주토피아,"희망찬 동화를 보고 온 느낌, 전개는 다소 뻔했지만 캐릭터들이 귀여웠다"
주토피아,편견과 차별을 이렇게 나타낼 수 있구나
주토피아,재밌긴 한데 너무 올려치기한 거 같음
주토피아,더빙에 대한 편견까지 풀어준 영화
주토피아,다른 차원의 세계
주토피아,!!!
주토피아,성공적인 투영
주토피아,"편견/차별없는 진짜 유토피아를 만들기 위해 계속 노력해야 합니다. 당신, 나, 우리 모두. 2015년"
주토피아,<주토피아> Zootopia 제목 진짜 잘 지었다고 생각.
주토피아,"주토피아의 교훈이 더더욱 필요해지고 중요해진다는 점에서 씁쓸한 현실... 극단의 시대, 태생으로 규정짓고 태생으로 혐오하는"
주토피아,편견에 관한 훌륭한 우화
주토피아,귀여운정도 …
주토피아,"디즈니의 새로운 도전, 매력적인 우화"
주토피아,닉 너 왜 여우니
주토피아,꿈을 포기하지 마세요. 모든 것을 도전하세요!
주토피아,고군분투 토끼
주토피아,"두려워 할 것은 두려움 그뿐, 이 좌우명을 가지고 고등학교 시절을 보냈다. 주디처럼 당당하고 용감했던 과거의 나를 떠올리면서, 다시 한번 힘내보다 다짐하게 되었다."
주토피아,별기대없이봤는데 주제곡까지 최애곡이된 영화 특히 나무늘보는 평생 뇌리에 박혔다
주토피아,각기 다른 인간도 이토록 사랑스럽게 바라본다면
주토피아,완벽히 반대되는 두 캐릭터의 화합.
주토피아,그렇게 평등을 주장하고 싶으면 이렇게 하란말이야
주토피아,완벽하게 의인화된 동물들의 세상 인간 사회의 문제점까지도 들추어낸다
주토피아,"가장 이상적인 곳 모두가 평등한 저 세상이 아닐까 힐링이 가득했던 영화 ( 단, 영화관 관람시 아이들 관크는 역대급이었다)"
주토피아,우리 모두 다 같다는 것을 잘 담아낸 영화
주토피아,"1. 이 영화가 정말 부수려고 했던 편견은 차별뿐일까. 약해보이는 자는 착하다, 강해보이는 자는 나쁘다 라는 편견을 없애고 싶었던게 아닐까."
주토피아,아주 흥미로운 은유법.
주토피아,토끼도 경찰이 될 수 있어! 멋진 주디를 보며 파이팅!!!!! 을 받은 영화! 닉과 주디의 티키타카 귀엽다!
주토피아,"완전히 동의하지는 않지만, 일리 있는 알레고리"
주토피아,아주 재미있고 훌륭하고 창의적인 애니메이션 영화입니다.역시 디즈니
주토피아,귀여움과 재미로 가득하여 힐링하기 딱 좋은 !
히트맨,가볍게 보면 그냥 원초적한국영화 스토리 전개는 평범했지만 중간중간 웃음포인트가 킬포. 포스가득한 국정요원들이 이렇게 웃겨도되는건지
히트맨,조잡한 코미디 영화.
히트맨,넷플릭스에 있어서 아무생각 없이 봤는데 감독도 정말 아무생각없이 만들었나 보다.
히트맨,B급 감성이지만 재밌어요. 2나온대서 봤는데 코미디50 액션50 느낌..? 액션에 힘준게 느껴졌음 킬링타임용으로 추천
히트맨,전직 암살요원이었다는 사실은 무거운 탈을 너무도 가볍게 쓰고 만든 이 허술한 무게감을 견딜 수만 있다면 액션과 코미디라는 이 장르 단 두가지로 괜찮은 승부를 냈다. 언제나 그렇...
히트맨,권상우 발음 걱정없이 볼 수 있다.
히트맨,"영화를 보기 전에 포스터를 통해서 느껴졌던 영화의 모습은 그리 흥미롭게 느껴지지 않았습니다. 그 이유에는 여러가지가 있지만, 대게 어떤 영화를 패러디해서 나온 포스터나 영화가 좋은..."
히트맨,그저 웃음이 필요하면 보는 영화
히트맨,히트맨2가 개봉해서 찾아보게 되었네요. 그럭저럭 킬링타임용으로 볼만한듯요. 권상우는 이젠 코믹물에도 잘어울리는 것 같아요.
히트맨,코믹영화로 재밌게 봤어요.
히트맨,유치하지만 가볍게 보기 좋음.
히트맨,첫 개봉 때 영화관에서 보고 넷플릭스에 개봉했을 때 또 보고 한 50번은 넘게 본 거 같은데 볼 때마다 한번도 질린 적 없었던 영화예요! 코미디스러우면서도 액션같은 영화였습니다!
히트맨,B급 코미디에 액션을 곁들인 킬링타임 영화
히트맨,명절 상품
히트맨,웃자고 만든 영화 힘 빼고 즐긴다.
히트맨,킬링타임용으로 보기 딱좋은 영화
히트맨,개그 액션이다가도 멋지고 멋지다가도 웃긴
히트맨,한국형 가족 코미디. 초딩과 50+는 잡는다. 이이경의 발견. 권상우는 코미디를 잘하네.
히트맨,기대를 낮추어 가볍고 호탕하게 웃으면서 보기 좋은 영화
히트맨,예린이의 히트맨 3줄 요약.
히트맨,설에 가볍게 보기에 좋은 영화
히트맨,명절버프 제대로!!
히트맨,영화 <히트맨>은 웹툰 작가가 되고 싶어 국정원을 탈출한 비밀 프로젝트 방패연 출신 전설의 암살요원 '준' 이 술김에 그리지 말아야 할 1급 기밀을 그려버리면서 벌어지는 해프닝을 ...
히트맨,전직 암살요원 준이 김수혁이라는 이름으로 새 삶을 살게 되면서 삼류 웹툰작가가 되어 아내가 벌어오는 돈으로 먹고 살고 있다. . 구박만 받던 수혁은 딸이 자신의 이야기로 웹툰을 써...
히트맨,칼은 사람죽일 때 말고 연필 깎을 때 쓰는 거라고 그 분은 말씀하셨어요. 개그과 액션을 넘나드는 권상우 씨의 활약이 대단한 작품입니다. '신의 한 수'를 제외하면 권상우 씨의 타율...
히트맨,최고의 장면 차안에서 핸드폰 최악의 장면 터널안에서 여자 국정원이랑 싸우는 씬의 대사들
히트맨,.....아무 생각없이 봤는데 아무 생각이 없네 ㅎㅎㅎㅎ
히트맨,아무 기대 없이 가볍게 보기 좋았다.
히트맨,킬링타임용 영화
히트맨,그럭저럭 심심치 않게 나왔는데?
히트맨,약간 올드한 개그로 채워져있음. 나름 괜찮은 소재를 아는 맛으로 비벼놨는데 꽤 맛있는 간장계란밥 먹은 기분
히트맨,권상우 코믹 잘어울림 시간 가는줄모르고 보게되네
히트맨,조금 유치해도 나는 이런 b급 한국산 코미디가 좋다!
히트맨,이 정도면 오락용으로 볼 만하다
히트맨,히트맨2 보기전에 예습으로 봤는데 깔깔 웃으면서 봤어요
히트맨,그냥 권상우 액션이 너무나도 취향임
히트맨,만화스러운 연출에서 오는 장/단점이 극명하게 갈린다.
히트맨,해도해도 너무하네
히트맨,딱히 재미도 없구... 유치함
히트맨,가볍게 보기 좋아요
히트맨,생각보다 재밌어서 당황함
히트맨,기대했던것 보다 재미있어서 2도 기대중
히트맨,2000년대 코믹 액션 영화에서 액션 연출만 발전
히트맨,한국 코미디에서 긍정적으로 넘길 수 있는 마지노선.
히트맨,웹툰으로 잊고 살려던 과거의 나를 다시 마주하다
히트맨,중간중간에 요소들이 그냥 시간 때우기 좋은정도 였어요.
히트맨,HateMan
히트맨,포스터땜에 망한영화 후속작보다 재미있다..
히트맨,나를 히트를 하고 싶다
히트맨,아무생각없이 웃고 싶을때 강추합니다
상류사회,논하고 싶지 않다.
상류사회,'상류사회' 초간단 리뷰
상류사회,"영화가 수준이하인건 맞는데, 영화보지도 않고 코멘트 다는 사람들은 뭐냐? 요즘 와챠 돌아가는 꼴 진짜 가관이다."
상류사회,넘ㄷㆍ별ㄹㆍ입니디ㅣ
상류사회,자신의 삐뚤어진 욕구를 영화로 풀어버린 안타까운 감독의 마지막 작품이길 기원하는 영화
상류사회,이 감독 섹스신 눈앞에서 보려고 영화찍는거 같은데 ㅉㅉ
상류사회,세상에 몇 안되는 나쁜 영화
상류사회,불매 감독
상류사회,1990년대에나 할법한 상상력으로 2018년 관객을 설득하려는 무모함. 적어도 '그때 그들' 정도로 묘사해야 2018년에 걸맞는 하이퍼리얼리즘이 아닐까.
상류사회,박해일 배우를 좋아하시만 왜 이런 작품을 했나요 선거를 비판하고 정당성을 옹호하기 위한 영화라지만 너무 비현실적이고 공감이 안가는 영화
상류사회,0.5
상류사회,마무리가 아쉽네요. 공감도 안되고 너무 급하게 전개가 되서 황당합니다.
상류사회,"명작과 망작은 시간가는줄 모르고 보게 된다. 명작은 몰입감이 대단해서, 망작은 보다 어이를 상실해서."
상류사회,영상물을 가장한 포르노
상류사회,진짜 뭐지 싶다ㅋㅋ.......
상류사회,시간 아깝다. 엑기스 보는 것도
상류사회,"배우들의 수준과 괴리감이 느껴지는 입체적이지 못한 스토리와 캐릭터. ⠀⠀⠀⠀⠀⠀⠀⠀⠀⠀⠀⠀⠀⠀⠀⠀ p.s : 이렇게 만들거면 정치, 권력 소재는 쓰지마세요."
상류사회,재계와 정계의 백스테이지를 향한 얕고 불편하기만 한 시선.
상류사회,도대체 무슨 생각으로 이렇게 저렴하게 만든거지... 이런 소재에 나오지 말아야할 배우가 나오고 나오지 말아야하는 장면을 찍었고 영화는 나오지 말아야할 묘사를 했다
상류사회,이건 좀… 좋아하는 배우들이 나오지만 그래도 이건 좀…
상류사회,"예술은 똥이라면서, 예술을 하고 싶었나 봅니다."
상류사회,감독은 뭘 만들고 싶었던 걸까... 스토리있는 야동? 스토리야동이 이 영화보다 나을듯하다.
상류사회,"이미 익숙한 이야기에 과도한 이미지 투입으로 톤을 흐리고, 갑자기 '흔들렸지만 난 사실은 착한 사람이야.'로 끝나니 이건 대체 뭐임."
상류사회,엉성한 각본. 뻔한 연출. 애매한 연기. 기도 안 차는 마무리. (그거 노래방 금지곡인 거 몰라? 그래서 집에서 부르는 거잖아.)
상류사회,뭘 말하고 싶은건가... 섹스동영상 보관의 중요성??? 상류사회의 단면을 제대로 엮지도 못한 어설픈 개연성에다가 기시감에 충격보단 헛웃음을 짓게 만든다. 2018.10.08
상류사회,상류사회의 영화지만 그저 거북하기만 하고 주제의 의문이 남는
상류사회,미술관 옆 국회의원
상류사회,길에서 한 번만 마주쳐라.
상류사회,남는 것 없는 떡잔치
상류사회,배우 낭비도 이런 낭비가 없다.
상류사회,일본 AV배우까지 출연시켰다는 건... 감독이 뭘 보여줄지는 뻔하지... 비싼 성인 비디오를 찍겠다는 의도 아닌가?
상류사회,"알아먹기 힘든 예술을 했어야 했는데, 씨알도 안먹힐 시나리오를 쓰고 있을줄은..."
상류사회,인간의 욕망도 선이 있어야겠다는 생각이 드는데 연출도 선이 있어야지요.
상류사회,똑바로 살아야 한다
상류사회,욕망을 포장하기 위해 예술이란 가면을 쓴 껍데기들.
상류사회,허술함 속 군데군데 보이는 위트...
상류사회,동네 만화방 구석에나 꽂혀있을 법한 싸구려 성인만화스러운 이야기와 하류 연출.
상류사회,"별 시덥잖은 주제의식, 2017년의 망작."
상류사회,지옥이야
상류사회,"겉멋으로 가려낸 저급한 연출방식과 이야기가 불편하기만 하다. 상류사회의 추한면모와 위선을 보여주겠다던 영화의 방향성은 어디가고, 자극적이고 통속적인 장면만이 영화의 줄기로 남아버렸..."
상류사회,타락한 이들의 타락한 상류
상류사회,욕망의 허무함을 주제로하는 영화의 스테레오 타입 캐릭터들이 재방송 같은 이야기를 하다가 괴상한 클라이막스를 거친 후에 대충 마무리 한다. 그냥 러브씬을 미끼로 돈 좀 벌어보려는 욕...
상류사회,"노출 수위가 강하면, 내용도 강했어야 했다"
상류사회,풍자를 앞세워 펼쳐치는 살색파티.
상류사회,상류사회라고 하기엔 레벨이 쫌... 중상류 정도? ㅋ
상류사회,[상류사회] 후기 - 처절하게 그들의 사회를 그려냈다.
상류사회,변혁의 시대 착오적인 외설견문록
상류사회,제 버릇 남 못주는 쓰레기
상류사회,#내부자들 과 유사하다는 홍보를 본 적이 있다. 청소년관람불가 등급으로 700만을 넘긴 영화와 비교 하여 영화에 대한 이미지를 빨리 각인 시키고자 한듯하다. 하지만 비교하기엔 이 ...
상류사회,상류사회
어바웃 타임,정말 내 인생작 영화 ㅠㅠ 첨엔 단순히 두사람의 사랑이야긴줄 알았는데.. 시간여행을 통해 인생의 의미를 알아버렸다.. 특히나 어린시절로 돌아가 아빠와 바닷가장면은..ㅠ 눈물샘 폭발
어바웃 타임,삶에 대한 소중함을 느끼게 되는 영화
어바웃 타임,자신있게 인생영화라고 할 수 있는 명작이에요. 사랑하는 사람들과 지내는 시간의 소중함에 대해 잘 풀어낸 작품입니다. 매번 볼 때마다 행복해지는 영화라 매년 한 번씩은 보는 것 같아...
어바웃 타임,캐릭터하나하나가모두밉지않고사랑스럽다
어바웃 타임,시간이 담고 있는 우리의 삶에 관한 사랑스러운 고찰.
어바웃 타임,로맨스와 타임패러독스의 적절한 조화.
어바웃 타임,특권을 가진 사람의 훈계
어바웃 타임,모든 캐릭터 하나하나가 너무 사랑스럽고 매력적이다. 머리로는 단점이 종종 보이지만 가슴으로는 무결점의 영화
어바웃 타임,"부모님, 사랑하는 여자, 그리고 그들과 함께한 시간."
어바웃 타임,영화보는 내내 울고 돌아오다 또 언제로 돌어가고 싶냐는 질문에 통곡했던 기억이 난다 여자친구를 만나기위해 계속 돌아가던 장면과 아버지를 다시 만나기위해 돌아간 장면이기억나요
어바웃 타임,시간을 사랑하라. 그리고 당신을 사랑하라.
어바웃 타임,레이첼 맥아담스 너무 진짜 아름다움.
어바웃 타임,두눈을 질끈 감으며 과거에 멈춰서다 두손을 꽉 쥐며 오늘을 향해 내딛는 우리의 시간에 대하여
어바웃 타임,따분하던 하루가 뜻깊어지는 2시간의 특별한 시간여행
어바웃 타임,"우리는 모두 미래를 향한 시간 여행을 하고 있다. 현재를 내가 원하는 미래처럼 사는 것, 그것이 진정한 시간 여행이 아닐까?"
어바웃 타임,"풀꽃 마음 봄밤에, About Tim"
어바웃 타임,"결국 우린 앞을 보고 갈 수밖에, 만남도 이별도 받아들이고 살 수밖에, 로맨스를 뛰어넘어 인생을 말하는 작품."
어바웃 타임,많은 생각이 들게 해서 참 좋아하는 영화
어바웃 타임,삶의 모든 순간슌간은 정말 소중한 것이었다 많이 사랑하고 많이 웃자 레이첼 맥 아담스 웃는모습 너무 아름답다
어바웃 타임,지금 이 순간의 의미를 역설한 영화.
어바웃 타임,연애이야기가 아니라 사랑이야기 서로 곁을 지켜주고 그걸 약속한 사람들이 너무 부러워진다
어바웃 타임,가벼운 로맨틱코미디는 아니다. 남녀간의 사랑에 관한 내용은 이 영화의 일부이다. 인생의 교훈을 주는 매력적인 영화.
어바웃 타임,한때 나의 최애 영화 질리도록 봤나 했는데 아직도 질리지 않음
어바웃 타임,"진부한 사랑영화일 줄 알았는데 다양한 형태의 사랑을 표현하는 영화 감동, 재미, 로맨스 다 잡은 인생 영화"
어바웃 타임,"삶의 아름다운 시간들, 그 순간을 잊고 사는 우리에게 마법을 선사한다. 그 마법에서 헤어나오기는 한동안 어려울 듯."
어바웃 타임,"리차드 커티스. 2013. 3.5 지미 폰타나의 il Mondo 좋다. ""… 끝없는 공간 속에 나와 다름 없는 사람들의 기쁨, 그리고 아픔들과 함께. 오 세상이여 이제서야 난 너를"
어바웃 타임,사랑하고 사랑했던 사랑 할
어바웃 타임,이 영화를 보고 결혼에 대한 로망이 생겼다 언젠가는 나도 이런 뜨거운 사랑을 하겠지 생각하게 해준 내 인생 영화
어바웃 타임,사랑으로 시작하여 인생의 의미를 알게 되는 행복하고 감동적인 경험
어바웃 타임,그저 사랑스러운 영화💕
어바웃 타임,“인생은 모두가 함께하는 여행이다. 매일매일 사는 동안 우리가 할 수 있는 건 최선을 다해 이 멋진 여행을 만끽하는 것이다” – 팀
어바웃 타임,.
어바웃 타임,이것이 삶이던가? 그렇다면 다시 한 번!
어바웃 타임,"재개봉을 할 만큼 가치 있기는 하네요 정말,, 오늘이 시간여행의 마지막 날인 것처럼.. 그렇게 삽시다"
어바웃 타임,사랑으로 이어지는 공유 가능한 감동들
어바웃 타임,애 키우다 보면 분명히 애 낳고 능력 잃은거 후회한다 감독도 시즌2 만들 수 없다는 점을 후회하겠지
어바웃 타임,"이 영화를 보고난뒤, 장롱에 들어갔습니다.."
어바웃 타임,장롱 속 상상의 나라
어바웃 타임,쿨타임 돌 때마다 보는 영화
어바웃 타임,로맨스영화 <어바웃 타임> 레이첼 맥아담스의 독보적인 ‘사랑스런 연기’
어바웃 타임,아름답고 찬란한 로맨스와 그보다 더 멋진 가족애
어바웃 타임,그냥 레이첼이 사랑스러웠던 영화
어바웃 타임,크리스마스때 가족들이랑 보고 왔는데 나빼고 다 재미없어했다 하지만 난 아주 만족스러웠다 보면서 여주가 너무 좋아서 쟤 잘되겠네 라고 생각했는데 이미 유명한 배우였다
어바웃 타임,에이미 아담스의 매력을 배가 되게하는 도널글리슨의 매력
어바웃 타임,"사랑하는 사람들과 함께하는 지금, 이 순간이야말로 삶에서 가장 빛나는 시간이다"
어바웃 타임,내가 하고 싶은 사랑은 비가 오는 날 우산을 쓰고 비를 맞지 않기 위해 최선을 다하는 것이 아니라 비가 오는 날 함께 웃으면서 비를 맞아줄 수 있는 사랑이다.
어바웃 타임,“시간여행이라는 소재와 멜로라는 장르가 아릅답게 어우러져 영화를 보는 내내 사랑하는 사람을 위해서는 무엇이든 하려는 그런 모습이 가장 아름답다라는 걸 느꼈다.“
어바웃 타임,"로멘스가 전부가 아닌, 여러번 봐야할 영화"
어바웃 타임,보든 말든.
어바웃 타임,어찌보면 저 초능력을 자기 연애질 하려고 쓴다는게..
솔로지옥 2,"""전편만한 속편없다""는 한계는 넘었지만 새로움은 없었다"
솔로지옥 2,"전작과 동일한 포맷 때문에 흐름이 예상 가는 점이 아쉽지만, 그래도 덱스 보는 맛으로 볼만함."
솔로지옥 2,미꾸라지만 가득한 연못에 메기 한마리 풀어놓으니 연못이 난리가 났다. 덱스의 이름을 대중에게 널리 알린 작품
솔로지옥 2,저마다의 연애법과 사람 심리를 꽤 뚫어보는 시간!
솔로지옥 2,어라 솔로지옥2 루즈하네 ? -> 덱스 등장 후 모든게 재밌어짐
솔로지옥 2,1은 안봤지만 이런 포맷으로 인기가 있었다고..?
솔로지옥 2,포맷이 그대로라 새로움은 없지만 의외로 시즌1 보다는 시즌2가 재밌었다
솔로지옥 2,덱스랑 슬기 다시 연결해줘 ㅠㅠㅠㅠㅠ
솔로지옥 2,soso 규현의 ost가 제일 낫다
솔로지옥 2,신슬기는 예능감이 없다. 앞으로 방송 말고 피아노 열심히 치세요.
다빈치 코드,원작이 뻔히 있는데 비교하지 말라는 말은 뭔 소리야.
다빈치 코드,미스터리와 퀴즈의 놀이동산에서 끝없이 확장하는 음모론적 상상력.
다빈치 코드,한스 짐머의 OST는 언제나 훌륭하다.
다빈치 코드,음모론은 재밌지만 현실을 봐야한다
다빈치 코드,와 이거 종교계 쪽에서 엄청 싫어하겠는데?
다빈치 코드,흥미진진하고 끝까지 눈을 뗄 수 없는 영화. 몰입감 측면에서 최고!
다빈치 코드,보지 마세요.
다빈치 코드,"어차피 소설이었고 영화였기에.. 난 재밌었다. 한때 기독교 서적으로 프리메이슨, 시온수도회 등에 대해 읽은 적이 있어서 더 흥미로웠다. 그리고 사일러스가 참 안타깝게 느껴졌다."
다빈치 코드,당신의 뜻에 따르겠소
다빈치 코드,종교의 격을 유지하면서 영화적 매력도 상당한 연출과 플롯은 강점이나 혈통의 후손 운운이라니 힘에 부친 마침표에 허탈하다.
다빈치 코드,지금 기준으로 보면 웃기지도 않은 영화지만 재미는 확실하다. 음모론 덩어리로 이렇게 흥행하고 이런 재미를 준 영화는 다신 없을 듯
다빈치 코드,ㅋ ㅑ~
다빈치 코드,두근두근 하게했던 영화
다빈치 코드,반전을 너무 남발하여 후반에 늘어지는 느낌이 매우 강하지만 소재 자체는 신선했다
다빈치 코드,종교 프로파간다 물
다빈치 코드,음모론과 전설의 환상적인 콜라보레이션
다빈치 코드,"영상의 한계 때문이라지만, 원작을 봤다는 걸 전제로 한 느낌은 아쉽다. 내 상상 속 로버트 랭던은 조금 더 샤프한 이미지였는데."
다빈치 코드,조잡한 구성에 김새는 반전. 음모론은 재밌을지는 몰라도 끝에는 남는게 없다.
다빈치 코드,지루한 전개와 진부한 연출. (특히 과거 장면들은 진짜 어후...)
다빈치 코드,딱 원작 소설만큼 유치
다빈치 코드,영화 01
다빈치 코드,큼지막한 줄거리를 놓고 보면 대단한데 디테일이 아쉽다. 3시간의 러닝타임 때문에 루즈하기도 하고.. 기대했던 방식의 영화가 아니어서 실망하긴 했지만 이 영화 나름대로 매력있다.
다빈치 코드,흥미로운 음모론.
다빈치 코드,볼만
다빈치 코드,자유로운 추리보다는 길이 정해진 어드벤쳐.
다빈치 코드,뭔가 조직의 힘이 약해보이는 느낌.
다빈치 코드,여러가지 그럴듯한 가설을 가지고 진실처럼 꾸미는 것이 소설이고 시나리오라면 그것을 얼마나 빨려들어가게 만드는 가는 영화의 연출일 것이다. 이 영화는 연출과 시나리오를 다잡았다.
다빈치 코드,책 만큼의 디테일은 부족했어도 영상으로 접할 수 있어 만족합니다.
다빈치 코드,원작을 읽었어도 나름 재미있게 봤다. 상상과 영상은 괴리가 있을 수 밖에 없으니까.
다빈치 코드,원작을 충실하게 옮기지도 그렇다고 뭔가 새로움을 만들지도 못했다
다빈치 코드,재미있음
다빈치 코드,원작을 보고 떠올린 랭던 박사와는 좀 괴리가 있던.
다빈치 코드,원작을 가진 영화가 가지는 장점과 단점.
다빈치 코드,원작 덕분에 어느 정도 먹고 들어가지만 그 이상은 아니다
다빈치 코드,영화적 완성도를 떠나서 몰입이 될 수 밖에 없었던 주제. 정말 성배라는게 그것이었을까?
다빈치 코드,시작부터 끝까지 연속되는 반전들의 향연
다빈치 코드,-
다빈치 코드,개봉 당시에 봤는데 하나도 기억안나더라. 다시 보니 기억 안 날만 했군
다빈치 코드,영화에도 성역은 없네요.
다빈치 코드,"원작에 비해서는 아쉽지만, 킬링타임용으로는 나쁘지않다. 다만 부족한 개연성과 허접한 악역들이 아쉽다."
다빈치 코드,반전의 반전의 반전들이 거슬렸던 영화
다빈치 코드,신비주의 음모론이라는 소재가 그래도 재미라도 있어야 하는데 그렇지도 않다.
다빈치 코드,활자가 무겁거든 허풍 떨지나 말지
다빈치 코드,기독교 아닌 사람은 재미없음
다빈치 코드,.
다빈치 코드,담아내고 싶은 이야기가 많아서 말로 푼다. 이게 쉬워보여도 어렵다.
다빈치 코드,"오로지 원작의 스토리를 ""전달""하는 것에만 치중하여 심리적 공감지점을 잃고, 상징과 유물과 유적의 공간이 가지는 이미지의 매력도 반감된다. 종교계를 의식한 결말처리도 애매모호. 수..."
다빈치 코드,다빈치 코드
다빈치 코드,어차피 다빈치 코드는 맥거핀일 뿐....
다빈치 코드,"아쉽지만, 누가 메가폰을 잡았더라도 결과는 크게 달라지진 않았을 것 같다."
화란,비참하고 어두운 현실에...한줄기의 빛이 보였다 그 빛은..어떤 빛이 였을까...
화란,맹목적이고 폭력적인 인물들. 한국형 누와르라고 불리는 여느 작품들과 별 다를 바 없이 계획한대로 착착.
화란,보는 내내 계속 물음표가 떠다녔다.
화란,지옥을 만든 두 남자는 서로의 그림자를 바라보며 다른 생각을 지닌다. 뼈아픈 성장통에 눅눅한 느와를 거칠게 문지르는 질감이 인상적
화란,현실을 직시한 연규와 현실을 알려주고 있는 치건 연규의 현실을 더욱 잔인하게 알려주는 승무와 연규를 지켜주고 싶은 하얀 각 캐락터의 특성이 너무 마음에 들었다
화란,잘만든 독립영화냐? 조금미숙한 상업영화냐...이 두 귀로에서 끝나는 강렬함
화란,차라리 뻔한 암울함 이었다면
화란,넷플드라마 어디선가 본거같은 기시감있는 느와르 영화. 결말에선 개연성 박살
화란,어둠이 어둠을 건져 올릴 때
화란,"재미없진않은데 취향차이,,"
화란,이번 년도에 나온 한국영화 중 가히 가장 세련적인 영화. 버려진 늑대와 상처 있는 늑대의 유대를 부자갈등을 통해 깊숙히 드러낸다. 다시 보며 곱씹어 보고픈 영화이자 놀라운 영화
화란,"더 세게, 더 처참하면 다를줄 알았을까"
화란,배우분들의 열연은 인정. 하지만 보는내내 주인공들의 너무 암울한 현실에 불편.. 밝고 즐겁고 웃기고 보면서 입가에 미소가 퍼지는 영화를 보고 싶네요. ㅠㅠ
화란,정말 뻔하디 뻔한 클리셰들만 버무려놓은... 흔하디 흔한 영화.. 왜 만드는지 도저히 이해할수 없는 영화. 사회적 자본 낭비
화란,"잘 나가다 삼천포. 분명 잘놀고 마셨는데, 대로변에서 급똥 맞아 허둥될 때"
화란,우울한 내용 뭘해도 안되는 주인공
화란,발버둥 칠수록 더 깊은수렁으로 빠진다. 괜히 물에 빠진 아이 구해주다 자신도 빠져버린 송중기. 작품의 암울함은 전염성이 강함으로 주의가 필요하다. 감정이입을 최대한 하지말아야 한다
화란,생각하고 사는게 아니라 사는게 곧 생각이 되는 꿈과 생명이 없는 그곳. 화란으로 가면 생각한대로 살 수 있나? (그리고 제발 대화 좀 해라!!)
화란,두 명의 아들이 두 아버지의 토양에서 벗어난다
화란,"송중기 느와르가,,잘 어울리네"
화란,다소 무거운 이야기 이긴 하지만 배우님들 연기도 잘하고 송중기 배우님에 새로운 모습을 보게되서 좋았아요
화란,암울한 세상을 뚝심있게 보여주는 영화.
화란,방법은 달랐지만 모두 각자의 화란에 닿기 위해 달렸다. 그 곳이 어디든 간절히 닿은 화란 속에서 모두 꿈을 꿀 수 있으면 좋겠다
화란,삶의 화란(재앙) 속에서 구원을 원하는 이들의 처절한 사투
화란,계속되는 폭력과 피비린내 사이로 줄곧 연민을 바라고 강요하는 정서에 너무 심취해버려 아무것도 남지 않는 텅 빈 화란(禍亂)의 세상.
화란,끊임없이 침잠하는 심연으로
화란,"마침내, 화란"
화란,지옥 속 살아남기 위한 소년의 절규
화란,"화란, 기억에 대한 되새김."
화란,미래가 기대되는 두 배우를 찾았다 송중기 배우님의 새로운 모습도 완벽 느와르는 매번 때려 부수기만 하는 줄 알았는데 분위기만으로 느와르를 보여주는 작품
화란,그리 친절하지도 않고 어두운 밑을 끝없이 내려가는 불행 포르노이지만 이 이야기에는 그게 어울린다.
화란,너는 나처럼 되지 마라...
화란,깊이 있고 치명적인 '척'만 하는 빈곤불행포르노
화란,화란 뜻 정보 출연진 줄거리 결말 쿠키 솔직 후기 한국형 누아르 영화의 탄생
화란,독립영화와 사나이픽처스 영화 사이를 오락가락하다 이상한 방향으로 폭주해버린다.
화란,C 꼭 이렇게까지 어두웠어야 했냐는 의문이 든다.
화란,"""지옥에서 벗어나려면, 지옥에서 사는 법을 알아야지"" 분위기가 유하거나 친절한 영화는 아님에도 치건과 연규의 관계에서 보였던 여러 모습들이 머리에 돈다. 진득한 무게감이 좋았다."
화란,화란
화란,별로다 - 주인공 연규의 행동은 가정폭력 배경도 커버못한 당혹스러움의 연속 - 느끼하고 진한 감정선을 원했나본데.. 설득력이 부족 - 스토리는 진부하고 폭력만 과도하다
화란,심연의 세계에서 몸부림치는 갑갑함이 지배해온다.
화란,어둠 속에서 서로를 건져 올린 피 묻은 낚싯 바늘
화란,처음부터 끝까지 '지옥에서 벗어나기 위해 지옥을 선택했다'라는 문장에 어울리는 분위기를 그대로 유지하며 느와르 장르로서 정말 잘 만들어진 영화.
화란,재미있다
화란,"지금까지 많은 한국 영화에서 보던 구질구질하고 역겨운 인간군상, 순수함을 잃지 않고 살아가기엔 인간의 탈을 쓴 짐승들이 너무 많다."
화란,느와르 흉내내는 거의 코미디급 영화
화란,꽤 재밌음
화란,"보는 내내 암울한 분위기로 진행이 되는데, 결말이 어떻게 될 지 궁금했습니다. 힘이 빠집니다."
화란,무어라 단정지을 수 없는 여운이 남는 영화
화란,마지막 부분에 의미 없는 죽음이 계속될 때 이 영화는 망해버렸다 느와르물 좋다. 하지만 이런 식은 아니다. 헛된 죽음 정도이 있어서는 안 됐다
화란,해야만 했던 아이와 해내야만 했던 아이
미드소마,'미드소마' 간단 리뷰
미드소마,"오컬트 자체는 공포스럽지 않다는 것을 몸소 입증. 하지제, 지역 풍습 등에 관심이 많다면 흥미로웠겠지만 관객은 주인공들처럼 논문을 쓰는것도 아니고 암시조차 주지 않은 단서들을 파헤..."
미드소마,처음 봤을때는 난해하지만 투명한 색감연출과 달리 무서운 대비를 이루는 놀라운 영화
미드소마,기괴하다. 멘탈 약한 사람은 절대 보지 마시길 색감 하나는 기깔난데... 정말 충격의 연속인 작품
미드소마,"작품성은 인정하나, 영화를 즐겁고자보는 영덕이라면 비추. 보고나면 매우 불쾌함. 실화라할지라도 알고싶지않은 실화."
미드소마,도대체 이걸 어디서부터 얘기해야 할지 모를 정도로 종잡기 힘든 영화다. 일단 확실하게 먼저 일러둘 것은 필자의 의견이 틀렸을 가능성도 분명 여지가 있다고 알린다. 굉장히 긴 리뷰가...
미드소마,모르는 것에 대한 공포보다 이미 다가올 것을 알고 있는 공포가 더 끔찍하다.
미드소마,진짜 보다가 두통 왔다
미드소마,"아름답고도 기괴한, 그래서 더 무서운."
미드소마,보면서 나까지 정신 나갈 것 같은 영화 시작했으니 끝까지 보자의 마음이였지만 쉽지 않았다 그닥 추천은 안함 ㅎ
미드소마,"괴랄한데 흥미롭고, 역겨운데 즐거움"
미드소마,B+ 기괴하고 불쾌한데 재밌음
미드소마,도대체 무슨 이야기를 하고 싶은지 알 수가 없다…
미드소마,참신한 불쾌감
미드소마,이 방면에선 독보적인 영화. 근데 이 방면이랄 게 또 있을까.
미드소마,스웨덴인이 집에 초대해서 식사를 제공하면 도망치세요
미드소마,2시간 30분 동안 물을 끓이는데 끓을락 말락 애만 태우고 끝끝내 끓는 점에 못 닿는다.
미드소마,아무나 보진 마세요
미드소마,플로렌스 퓨의 표정을 따라가보면 참으로 섬뜩하다. 이 영화의 의미와 대담함은 알겠으나 재미는 없다. 너무도 긴 숨을 쉬는 느낌.
미드소마,"영화가 끝나고 난 뒤, 내 기분이 너무 찜찜하다"
미드소마,보는 내내 불쾌하다.
미드소마,자연 속에서 동화되어 경계심을 허물고 비로소 원하던 이상을 마주한다.
미드소마,"굉장히 괴기하고 오묘하고, 이상하다. 모든 이상함을 단어로 표현해야 하는 영화. 매우 쉽지 않은 영화다."
미드소마,밝은 악몽을 꾼 느낌
미드소마,"""스웨덴엔 그런 문화가 있나보군요"" 공포스러운 상황에서 일반적이지 않은 미장센과 카메라워크를 고집하며 참신한 느낌을 주는 아리 아스터 감독의 연출이지만, 이 영화가 어디로 갈지도..."
미드소마,애써 부정해온 욕망을 기어코 파헤쳐버리는 심리적 호러 영화
미드소마,아리 에스터 감독의 영화 <미드소마>(2019)는 '낯선 백야의 공포'다. 직접적으로 '무서운 장면'을 통해 그것이 전해지는 게 아니라 마치 속세와 떨어진 산중 낙원 같은 곳에서 ...
미드소마,"이 영화를 보기 위해 며칠 전 용기 내어 챙겨봤던 <유전>. 오히려 그게 독이었던 것일까. <유전>이 생각보다 깔끔하고 흥미로운 지점이 많았기에, <미드소마>가 담고 있는 게 다소..."
미드소마,"밝은 분위기와 아름다움으로 표현하는 참혹함, 하지만 그것이 그들의 문화"
미드소마,아름다운 공포
미드소마,낯설디 낯선 그 곳
미드소마,"유령도, 귀신도, 좀비도 나오지 않는데 그 어떤 공포영화보다 무섭다."
미드소마,"강렬한 소재에 비해 다소 밋밋한 이야기가 아쉬우나, 돋보적인 연출로 이러한 단점을 짓누르려는 시도가 마음에 든다."
미드소마,이 감독의 하드디스크에는 뭐가 들어있을까.. 나도모르게 '불안감'에 서서히 중독되게 만드는 연출력.
미드소마,미드소마는 불쾌함을 한계까지 더한 위커 맨이다.
미드소마,태양이 지지 않는 곳으로
미드소마,강추와 비추 사이지만 개인적으로는 이미지만으로도 재밌었음
미드소마,가장 밝게 가장 잔인한 것을 담아낸다.
미드소마,진짜 좋음
미드소마,변태 싸이코패스가 쓴 사랑 이야기를 몰래 보는 듯하다.
미드소마,"그 한 여름의 백야를 지나 내가 얻은 사람, 그리고 내가 잃은 사람 201222"
미드소마,.
미드소마,?
미드소마,유튜브 짧게보기로 봤어도 충분했을...
미드소마,"극도의 상실감과 불안 상황에 유일한 동아줄인 남친은 겉돌고, 갈수록 황폐해진 그녀는 기괴한 종교집단이 주는 뽕, 지위, 공감서비스에 치유, 동화하며 과거를 단절하는 선택을 내린다"
미드소마,우리 그만 헤어져 호롤롤로롤로
미드소마,아름다운 지옥 2022.09.03.
미드소마,아름다운 악몽을 꾸고 일어난 느낌
미드소마,영상미 좋았잖아 한잔해 ㅋㅋ
미드소마,이런거 한번만 더 만들어줬으면 좋겠다. 건강한 호러영화.
비공식작전,"중동배경, 누군가를 구해서 돌아와야 하는 임무 시대상.. 기존 작품들이 생각날 수밖에 없는 플롯이지만 크게 지루하지 않다."
비공식작전,기억에 뽝! 남는건 없지만 그렇다고 시간이 아까운건 아닙니다 생각보다 4dx에 어울리는 영화는 아닌거 같고 마냥 어둡지않고 개그코드가 꽤 있어서 좋았습니다
비공식작전,[비공식작전] 짧은 시사회 후기
비공식작전,교섭보다는 좋았으나... 스토리가 좀 빈약한...
비공식작전,리뷰대로 베이스는 모가디슈 그위에 토핑은 교섭 느낌 하지만 두 배우의 케미는 너무 좋았다
비공식작전,[2023.07.13 배우 무대인사 상영회] 80년대 배경이 잘 드러났다고 생각하고 간간히 나오는 코믹요소가 제 취향이어서 개봉하면 또 보러갈 것입니다.
비공식작전,꼬꼬무였는데 성룡 코믹 액션영화였다가 분노의 질주까지 했던 가볍고 재밌게 볼 수 있는 여름 영화
비공식작전,"<교섭>보다는 구해야하는 당위성이 높고, <모가디슈>만큼이나 오락 액션에 집중한다. 같은 배급사 작품인 <택시운전사>의 그 무지막지한 카체이싱이 생각나기도 했다."
비공식작전,재밌는데 흥행 못한 거 슬픔ㅠㅜ
비공식작전,예전부터 그러하듯 하정우•주지훈표 남남케미 커플의 액션 코미디 영화였어요.해외 로케이션과 온몸으로 표현한 연기가 어려웠을 법해요.심각한 연기도 유머러스한 하정우•주지훈 화이팅!
비공식작전,김성훈 감독의 착한맛 영화. 끝까지 간다 같은 영화를 기대하면 실망할 수 있다.
비공식작전,솔직히 최근 비슷한 소재로 나온 영화 중에 제일 재밌게 봤음.
비공식작전,실화를 억지로 꾸며내지 않고 선을 지키며 꾸려간다. 교섭이 비교 대상으로 생각나지 않을 수 없는데 교섭에 비해 인물에 ‘왜’ 라는 것이 선명히 드러나 사람 냄새가 나는 영화다.
비공식작전,전반적으로 단조롭고 전형적이지만 주특기를 충분히 발휘한다.
비공식작전,직업적 사명감과 인간애를 잃지 않기 위한 노력이 결국은 누군가의 생명을 구해내기도 하고 타인을 변화하고 성장시키기도 한다.
비공식작전,"미터기를 꺾든 꺾지 않았던, 신뢰는 경험에서 나온다."
비공식작전,엿가락을 늘이듯 영화도 늘여서 늘어지게
비공식작전,교섭<<<<비공식작전<<<<<<<모가디슈
비공식작전,정치가 희석된 무색무취의 정치스릴러
비공식작전,비공식작전 리뷰
비공식작전,무거운 실화 소재로 웃음을 주는 영화에 적응하기
비공식작전,하정우는 이런역활 진짜 잘하는듯
비공식작전,비공식 작전 시사회 후기
비공식작전,<비공식작전> 키노라이츠 시사회 간단 후기..
비공식작전,하정우의 능청스러움과 주지훈의 익살스러운 연기가 한 몫한 영화! 재미있었어요 스케일이 엄청 큽니다
비공식작전,“모가디슈 + 교섭”의 하위호환(?)
비공식작전,괜찮은듯 아닌듯
비공식작전,이런 영화는 언제나 안전하게 볼만하고 괜찮다.
비공식작전,"딱 기대한 만큼의 무난한 스릴, 무난한 개그, 무난한 액션, 무난한 진부함"
비공식작전,배우들이 모두 연기를 잘해서 몰입해서 봤다. 생각보다 스케일이 커서 놀랐음.
비공식작전,스토리가 단조롭지만 킬링타임으로 충분하다.
비공식작전,"이미 다 본 것 같은, 그래서 다음이 더 이상 궁금하지 않은 장면들의 연속."
비공식작전,적절한 오락감과 액션으로 만들어낸 평작
비공식작전,감독의 특기 답게 긴장감을 놓지 않고 끝까지 밀어 붙인다.
비공식작전,안전한 길 위에서 익숙한 캐릭터들이 안정적으로 장기를 펼친다.
비공식작전,"적절한 유머 코드와 긴장을 늦출 수 없던 모르코의 분위기가 엄청난 집중력을 만들어줬다. 실화 바탕의 내용이란 걸 모르는 상태로 봤는데, 알고 나니 가늠이 안 갈 정도로 아찔했다!"
비공식작전,"긴장감 넘치는 카체이싱, 현실감 넘치는 서사와 관계성, 억지스럽지 않은 감동까지 모두 완벽했다. 과하지도 덜하지도 않아서 여운이 오래간다."
비공식작전,"철저한 공식을 정석적으로, 하지만 조금 늦게 도착한 공산품"
비공식작전,"어디서 많이 본 듯한 플롯, 익숙한 맛이 재밌다. 적당히 보기 좋은 버디 무비"
비공식작전,"불편하지 않은 <교섭>, 액션이 풍부해진 <모가디슈>"
비공식작전,흔한 소재와 이야기로 맛깔나게 만들어낸 매력적인 레시피
비공식작전,"액션씬은 많이 아쉽고, 몇 안되는 카체이싱에서도 패턴이 있고 뻔해서 좀 아쉽지만 외교관 이야기 중에서는 가장 상업적으로 잘 만든 것 같다."
비공식작전,김성훈 감독의 탁월한 쫀쫀함이 넓어지게 되니까 어수선해진다
비공식작전,"재밌는데, 132분은 쫌 길다..."
비공식작전,무거운 소재를 재미있고 유쾌하게 잘 풀어 내었다. 보는 내내 지루함 없이 보았다 큰 잔인함이 없어 무난했다.
비공식작전,전형적인 버디 무비의 틀 안에서도 간간이 빛나는 액션의 디테일들. 🚕🚕🚕
비공식작전,"아슬아슬, 하지만 안전하게."
비공식작전,"결말부 신파가 살짝 아쉽지만, 준수한 플롯과 매력적인 캐릭터들이 잘 버무러져 좋은 버디 무비를 이룬다"
비공식작전,"미국가서 꽃길 걸으려다, 황천길 걸을뻔한 두 남자의 버디무비."
비공식작전,너무 재밌게 잘봤어요 보는 내내 조마조마하고 액션이나 연기력이나 뭐 하나 부족한거 없이 재밌어요 감동도 있구요 추천합니다
아가일,킹스맨 감독이 킹스맨 했다. 병맛 액션에 몰아치는 반전 클라스
아가일,믿고 먹는 김치찌개 장인들의 뒤집어지는 스파이쇼
아가일,고도의 뇌절은 예술이다 (알피가 세상을 구한다)
아가일,개병맛이라면 이런걸까
아가일,킹스맨 맛이나는 감성액션로맨스댄싱포유
아가일,병맛도 처음먹었을때가 맛나다는걸 알게해준 재탕작. 진짜 스케이트 탈때는 실소를 금치못함. 감독이 한국식 막장드라마를 보고쓴듯 ㅋㅋ. 근데 재밌음 기본은함
아가일,"초반에는 나쁘지 않았는데 개연성 부족, 코믹을 노렸지만 과했던, 뜬금없는 연출은 더욱 악효과를 불러왔다."
아가일,여러 상상만 하던 것들을 반전들을 첨가해 매튜 본 감독만의 스타일로 만들어 본 영화인 것 같다. 하지만 누구한테는 세련되었다고 느끼고 누군가는이런 유치찬란한 영화냐라고 느껴질수도
아가일,138분이 2시간18분처럼 느껴졌다
아가일,라라랜드 이후 최고의 커플 댄스!!!!
아가일,"엘리 콘웨이가 부릅니다, 이 소설의 끝을 다시 써보려 해."
아가일,화려한 연막탄만큼 화려한 캐스팅과 그러지 못한 스토리
아가일,매튜 본 감독은 청불 등급 영화만 찍어라!
아가일,시사회 보고왔는데 보는 내내 재미있었어요! 액션과 재미를 다 잡은 영화
아가일,피드백을 받고 나온 매튜 본 감독의 절치부심이 여기저기에서 느껴진다.
아가일,여주 살찌운거 만큼 과유불급인 꼬움. 비틀즈가 아깝다
아가일,지나치게 단면적인 이야기를 가까스로 포장한 화려함과 B급스러운 매력.
아가일,하고 싶은 거 다 한 감독님의 병맛 스파이물
아가일,"분명 나쁘진 않은데, 캐스팅도 속도감도 연출도 플롯도 조금씩 아쉽다"
아가일,"제대로 유치한 비급 병맛 로맨스 액션 코메디에, 반전에 반전을 쉴새없이 집어 넣고서는 가오갤스런 ost가 귀마저 즐겁게 하는 영화. 팝콘 대짜 한 통 다 먹었다."
아가일,역시 매튜본♡
아가일,똥도 된장도 아닌 반전의 연속 그리고 화려한 액션의 귀를 채워주는 음악과 총소리
아가일,지루하다 못해 실망하기에 이르는
아가일,뭔가 되게 아쉬운데 별로라고 하기엔 좋았단 말이지
아가일,고상한 척하나 모든 수가 뻔히 읽히는 개막장의 연속.
아가일,킹스맨을 기대한 나에게 너무나 강한 순한맛을 주는 영화 (24.02.02 시사회)
아가일,후반부로 갈수록 유치해지는 ……
아가일,메튜본도 감잃었다.
아가일,찬찬히 쌓아올리다 화끈히 보여주는 매튜 본의 진수.
아가일,아주 임무 하나 수행하겠다고 온 동네를 부수고 다니는구나
아가일,TVING
아가일,역시 액션씬 하나는 끝장나게 좋다. 피겨 스케이팅을 활용한 액션씬이 특히 좋았다. 하도 뒷통수를 쳐대니 잠깐 딴 생각하면 흐름을 놓칠 수 있다
아가일,그 짤을 쓰고 싶다. 만화를 너무 많이 본거 같은데... 매튜본은 OTT에서만 활동하는 감독의 길을 걷게될거 같다.
아가일,너무 과함. 연막탄 씬은 충격적이었다
아가일,어지러울 정도로 거듭되는 반전. 환장과 환호 사이 무언가.
아가일,나한텐 좀 뇌절의 느낌이
아가일,"이건 누가, 어디서 봐도 '매튜 본' 작품이다."
아가일,241108 마지막에 장난하나 싶긴했지만 미국식 코미디로 봐줄께. 나름 소소하니 재밌었어 유료로는 못보싶진 않고 정액제나 비행기에서 보기엔 쏘쏘
아가일,처음엔 유쾌한 스파이물인가 싶더니 점점 유치해지더니 마지막엔 루즈해지기까지...킹스맨이랑 같은 감독이 만들었는데도 킹스맨 짝퉁 느낌이 난다.
아가일,?
아가일,마지막 화려한 쇼를 보고나면 미소지을수밖에 없는 영화
아가일,매튜 본의 은은한 광기.
아가일,"이 영화의 아주아주 큰 단점 두 가지는, 피가 튀지 않는다는 것과 아가일이라는 캐릭터가 매력적이지 않다는 것이다."
아가일,현실과 소설의 이중주 ㅋ 하지만 킹스맨과 이전의 기억상실 여성스파이나 킬러들을 떠올리지않을수가 없네 ㅎㅎ
아가일,형형색색의 연막탄 사이로 펼처지는 살상과 사랑의 커플 댄스.
아가일,"분명히 잘 아는 맛집에서 늘 먹던 김치찌개를 시켰는데, 오늘 따라 한강 김치찌개가 나온 느낌이랄까. 소재도 좋고 병맛 스타일도 좋은데 모든 부분이 지나치게 늘어지고 뻔하다."
아가일,컨셉이 나쁘지 않은데 너무 길고도 길다. 100분이었더라면 좋았을텐데.
아가일,감독 작품의 자기 복제 그런데 영 엉성하게 복제 했다.. 새로울건 초반 소재.. 그런데 이것도 어디서 본듯한.. 기억을 잃은 스파이도.. 영.. 중간에 비쥬얼은 전작의 복사판..
아가일,"팝콘 무비의 정석, 화려한 킬링타임 영화. 뇌절도 이 정도면 재밌을지도."
아가일,볼만한건 액션뿐 뇌절의 연속
