﻿movie_title,review
타짜,유쾌하게 웃으며 보았던 영화~
타짜,한국사람 두명만 모이면 타짜 상황극 가능 ㅋㅋ
타짜,진짜 다시봐도 명작인 영화 적절한bgm도 너무 좋다!
타짜,"멋드러진 캐릭터, 감각적인 스타일, 구미가 땡겨지는 스토리.. 이 영화는 참 칭찬할 게 많다. 장르영화로서는 극대화된 재미를 보장하면서, 러닝타임을 가득하게 채워놨고, 배우들의 연..."
타짜,이거 개쩌는 영화구나
타짜,첫 장면을 보면 다음 장면이 아른거려 계속 보게 된다. 단 하나의 흠이라면 영화라는 제약이다.
타짜,<범죄의 재구성>으로 예열을 마친 뒤 탄생한 최동훈 감독의 최고작. 원작에 비해 깊이가 떨어지고 클라이맥스 배분이 온전히 되지 못해 아쉽다는 이야기들도 있지만 맛깔나는 대사와 손을...
타짜,"찰떡 같은 대사 죽이는 오락성, 다시 봐도 재밌어"
타짜,각자의 캐릭터들이 모두 색깔이 있다. 재밌었다.
타짜,최동훈은 '꾼'이다.
타짜,맛깔나는 대사들의 대잔치
타짜,"배우, 연출, 연기 모든것이 완벽했던...."
타짜,언제봐도 끝까지 보게되는 명작
타짜,거침없는 입담으로 관객을 사로잡는다
타짜,"재즈 선율이 흐르듯 부드러운 손놀림, 입놀림, 카메라 놀림에 속절없이 눈과 귀를 빼앗긴다."
타짜,내 인생영화
타짜,이걸 넘을 시리즈는 없다
타짜,어떤 장르로 봐도 손색없다 최고의 누아르
타짜,갈때까지도 예술로 가는구만.
타짜,양가적 소재인 도박이란 소재를 대중화시킨 장본인.
타짜,매력 있는 캐릭터성과 그걸 맛깔나게 살리는 배우들의 뛰어난 연기
타짜,"한국 오락 영화의 정점, 모든 장면이 명장면으로 가득 채워져있다"
타짜,쉴 틈 없이 몰아치는 명대사의 향연들
타짜,꼭 봐야하는 드라마임. 고니는 인생캐릭터
타짜,만화책을 읽는 듯한 느낌. 어디부터 펴서 봐도 결말까지 재미있다.
타짜,크~ 대사가 어찌 이리 맛깔날꼬
타짜,아 진짜 재밌음 반전도 있고 과하지도 않고 개 야무진 영화
타짜,다시봐도 띵작 착착 패 섞는 소리와 함께나오는 브금은 듣기만해도 영상 자동재생됨
타짜,계속 생각나는 영화. 싸늘하게 꽂힌 영화
타짜,오늘도 봤다
타짜,"최고의 무협물, 타짜"
타짜,버릴 장면이 있나? 너무 더럽고 퇴폐적이고 비교육적이지만 그래도 재밌고 기억에 남는 영화.
타짜,대사 하나하나가 장땡이다
타짜,언제 봐도 재미있는
타짜,타짜를 아냐구요? 내가 아는 한국 영화 중에 최고였어요. 세월이 흘러도 빛이 그윽한 멋들어진 영화 (재관람) 210920
타짜,오락성과 대중성의 절묘한 배합.
타짜,제일 좋아하는 한국 3대 작품중 하나
타짜,"맛깔나는 대사, 기가막힌 연출. 최동훈 표 오락 의외의 1승."
타짜,중간에 좀 늘어지지만 재미는 있다
타짜,최동훈이 만드는 뽕짝은 역시 최고. 왜 이 때로 안돌아와요?
타짜,영화 타짜는 타짜다.
타짜,"배우,스토리,대사 모두가 완벽한 영화 봐도 또 봐도 재미있다"
타짜,한국 냄새 물씬 풍기는 충무로 케이퍼 영화의 최고봉.
타짜,버릴장면이 없는 최고의 오락영화
타짜,모든 대사들이 명대사.
타짜,명작은 언제 봐도 재밌다👍
타짜,모든 부분이 명장면이고 보면 알 것
타짜,매력적인 캐릭터와 대사로 빠져들게 만든다
타짜,어떤 의미에서든 그 파급력이 어마어마한 역대급 한국영화
타짜,누구나 인정하는 한국영화의 한 획을 그은 수작
"오늘 밤, 세계에서 이 사랑이 사라진다 해도",기대이상의 수작. 일본영화 특유의 감성을 제대로 살렸다. 이런 영화는 영화관에서 혼자 집중력있게 봐야 최고. 봐야겠다고 결심한 영화는 예고편도 안보는게 맞는듯.
"오늘 밤, 세계에서 이 사랑이 사라진다 해도",기억상실증이라는 멜로영화의 클리셰가 진부하기도 하지만 효과적이기도 해서 꽤 볼만한 멜로 영화로 느껴졌다. 최근 볼만한 한국 멜로영화가 가뭄인 이 시점에서 꽤 괜찮은 선택지라 생각.
"오늘 밤, 세계에서 이 사랑이 사라진다 해도",너의 매일 아침 시작을 행복하게 해주고 싶어. 익숙한 일본 감성 로맨스 영화.
"오늘 밤, 세계에서 이 사랑이 사라진다 해도",망각의 빈 자리에 다정함으로 아로새긴 소년의 선물
"오늘 밤, 세계에서 이 사랑이 사라진다 해도","[오늘 밤, 세계에서 이 사랑이 사라진다 해도] 짧은 관람 후기"
"오늘 밤, 세계에서 이 사랑이 사라진다 해도",울고싶을 때 보기 좋은 영화
"오늘 밤, 세계에서 이 사랑이 사라진다 해도",여주보다 여주친구가 더 돋보인다. 잔잔한 파도처럼 밀려드는 일본 영화의 매력이 잘 드러난다.
"오늘 밤, 세계에서 이 사랑이 사라진다 해도",딱 일본 로맨스 그 잡채
"오늘 밤, 세계에서 이 사랑이 사라진다 해도",흔한 한국식 결말과는 다른 흔한 갑작스러운 일본식 결말. 일본식 결말 좋아하는 사람들에게는 추천.
"오늘 밤, 세계에서 이 사랑이 사라진다 해도",진부하고 뻔하다. 하지만 밝은 하늘 아래에 있는 두 사람을 보면 눈물이 난다
"오늘 밤, 세계에서 이 사랑이 사라진다 해도",기억은 사라지지 않고 추억으로 남아있었어
"오늘 밤, 세계에서 이 사랑이 사라진다 해도",슌스케 존잘..😖🫣💜 소설 보고 영화보면 재미가 2배!👍
"오늘 밤, 세계에서 이 사랑이 사라진다 해도",오늘 밤 세계에서 이 사랑이 사라진다 해도 후기
"오늘 밤, 세계에서 이 사랑이 사라진다 해도",매번 봐오던 전형적인 일본 로맨스이지만 그 감성에 다시 찾게된다
"오늘 밤, 세계에서 이 사랑이 사라진다 해도",특유의 일본감성으로 감동적이고 슬펐던 영화
"오늘 밤, 세계에서 이 사랑이 사라진다 해도","일본 영화 특유의 클리셰가 보이는데, 이전에 봐왔던 여주의 불운과는 다른 방향이라서 당황했다. 당황했다는 건 결국 이 영화가 좋았다는 거다. 어떤 의미로든."
"오늘 밤, 세계에서 이 사랑이 사라진다 해도",확실히 일본이 빌드업 감성 폭풍 연계를 잘하는 것 같다. 오랫만에 울었네
"오늘 밤, 세계에서 이 사랑이 사라진다 해도","킬링타임으로 굳. 남주 잘생겨서 볼 맛남ㅎ 연출, 색감도 이쁨"
"오늘 밤, 세계에서 이 사랑이 사라진다 해도","그냥 딱 니뽄스타일 로맨스. 드라마틱한 설정을 통해서 이끌어내려는 감성이 사실 그리 자연스럽지는 않다. (그럴거면, 지금 만나러갑니다 정도는 되야지) 그런데도 캐릭터는 귀여움."
"오늘 밤, 세계에서 이 사랑이 사라진다 해도",기억은 할 수 없어도 가슴엔 남아있어
"오늘 밤, 세계에서 이 사랑이 사라진다 해도",제목만 봐도 일본작품인걸 알겠네ㅋㅋ
"오늘 밤, 세계에서 이 사랑이 사라진다 해도",서정적인 여운을 남기는 일본 로맨스를 원한다면 무조건 볼것. 해당 장르에서 장인이라 할 수 있는 미키 타카히로의 손맛이 눈물샘을 제대로 자극한다.
"오늘 밤, 세계에서 이 사랑이 사라진다 해도","착한 사람들만 나와서 현실감이 없지만, 보고나면 나도 착해지고 싶어진다. 누군가에게는 오글오글, 누군가에게는 인생영화"
"오늘 밤, 세계에서 이 사랑이 사라진다 해도",흰 티 입고 잠든 마오리 내려다 볼때 레전드 미모 이거 보고 난 뒤로 나 밋치 생각만 해요.. 좌우맹만 들어요..
"오늘 밤, 세계에서 이 사랑이 사라진다 해도",오늘밤 세계에서 이 사랑이 사라진다해도
"오늘 밤, 세계에서 이 사랑이 사라진다 해도","더도, 덜도 말고 정해진 공식을 따른 일본식 로맨스."
"오늘 밤, 세계에서 이 사랑이 사라진다 해도",연기가 몰입을 방해함
"오늘 밤, 세계에서 이 사랑이 사라진다 해도",일본감성이랑안맞는듯
"오늘 밤, 세계에서 이 사랑이 사라진다 해도",둘 다 너무 예쁘고 귀엽고 불꽃놀이 대사까지 걍 레전드 근데 그게 끝.. 슌스케 누나 분량 빼고 둘 데이트 장면이나 더 넣으라고
"오늘 밤, 세계에서 이 사랑이 사라진다 해도",가볍게 보려고 시작했는데 후반에 토루가 하니씩 지워질때 울고있었다. 인간은 망각의 동물이라지만 애정하는 사람을 기억못하는건 슬픈일이다. 열심히 더 아껴줘야지
"오늘 밤, 세계에서 이 사랑이 사라진다 해도",진짜 왜 유치하고 재미가 없지?
"오늘 밤, 세계에서 이 사랑이 사라진다 해도",연기들도 괜찮고 감성적인 부분도 좋았다
"오늘 밤, 세계에서 이 사랑이 사라진다 해도",최근에 본 일본영화 중에서 단연 최고
"오늘 밤, 세계에서 이 사랑이 사라진다 해도",감성타고 싶으면 볼만하고 작품을 보자면 이게뭐야싶다 이게뭐야
"오늘 밤, 세계에서 이 사랑이 사라진다 해도",기억을 던져 사랑이란 감정을 끌어올린다
"오늘 밤, 세계에서 이 사랑이 사라진다 해도","서사 종결을 위한 급전개 급발진 사무치게 안타깝다,, 나 이런 장르 요런 감성에 장벽 진짜 낮은데,, 슬프다 좀만 더 잘 만들어주지 아쉽단 말야"
"오늘 밤, 세계에서 이 사랑이 사라진다 해도",언제나 든든한것만 먹을순없다 가끔 이런 불량식품도 먹어줘야 영화를 더 재밌게 볼 수 있지않을까
"오늘 밤, 세계에서 이 사랑이 사라진다 해도",로맨스영화 중에 젤 좋았어요 관람하면 원작 책 주는 곳에서 관람했는데 소설도 좋고 슬프고 보면서 눈물 흘렸어요ㅠㅠ 너무 슬픕니다
"오늘 밤, 세계에서 이 사랑이 사라진다 해도",원작 소설 속 나를 울린 부분을 넣지 않았다
"오늘 밤, 세계에서 이 사랑이 사라진다 해도",조금씩 걸어 올라가는 감성의 계단
"오늘 밤, 세계에서 이 사랑이 사라진다 해도","특유의 잔잔한 일본 로맨스 감성을 잘 그려낸 영화다. 색다른 주제와 의외의 반전 은은하게 스며드는 슬픔까지...허나, 책을 봤다면 약간 아쉬울 듯하다."
"오늘 밤, 세계에서 이 사랑이 사라진다 해도",처음 극장에서 본 일본 로맨스 영화. 그 시절 내가 생각이 난다.
"오늘 밤, 세계에서 이 사랑이 사라진다 해도",슬프지만 이런 소재를 다룬 영화가 많이 나와서 크게 와닿지는 않았다
"오늘 밤, 세계에서 이 사랑이 사라진다 해도",와....이건....흠...맞나?...씁....에효
"오늘 밤, 세계에서 이 사랑이 사라진다 해도",이 영화를 보고 울어버린 내가 자존심이 상함
"오늘 밤, 세계에서 이 사랑이 사라진다 해도",마음이 기억하는 소중한 사람의 존재
"오늘 밤, 세계에서 이 사랑이 사라진다 해도",일본감성을 좋아하시는 분은 충분히 재미도 느낄수 있고 많이 울고 싶을때 보는걸 추천드려요 여주와 남주의 얼굴합도 좋아서 진짜 연인같다 생각이 들고 아날로그 감성도 낭낭합니다....
"오늘 밤, 세계에서 이 사랑이 사라진다 해도",멜로를 별로 좋아하지 않는데도 잘 봤습니다 눈물 없이 보기 힘든 영화입니다
"오늘 밤, 세계에서 이 사랑이 사라진다 해도",생각보다 흥미롭고 볼만 하다
"오늘 밤, 세계에서 이 사랑이 사라진다 해도",재밌더라구요.
스파이더맨: 파 프롬 홈,톰 홀랜드가 얼마나 뛰어난 '스파이더맨'인지에 대해서는 이미 '시빌 워'(2016)부터 '엔드게임'(2019)까지 네 편의 영화를 통해 익히 보았으므로 그것에 대해서는 조금의 의심...
스파이더맨: 파 프롬 홈,제이크 질렌할 저렇게 생겼는데 세상 쓰레기여서 내 마음이 너무 아픔ㅠㅜ
스파이더맨: 파 프롬 홈,톰스파 시리즈중 제일 아쉽고 답답함을 느끼게 해주는 작품
스파이더맨: 파 프롬 홈,톰 슾디 철 좀 들어라
스파이더맨: 파 프롬 홈,육감으로 싸우는게 멋졌음. 스파이더맨이 거미줄 없이 맨손으로도 잘 싸우는걸 보여주면서 앞으로의 마블의 미래를 살짝 보여준 듯.
스파이더맨: 파 프롬 홈,아 제발..행복한 스파이더맨..
스파이더맨: 파 프롬 홈,톰 스파이더맨의 자신감 상승 영화. 미스테리오의 능력을 이용한 연출은 굉장히 잘 뽑아냈다 생각한다.
스파이더맨: 파 프롬 홈,한줄평 - 점점 본인의 정체성을 찾아가는 MCU 스파이더맨
스파이더맨: 파 프롬 홈,마블 자신 있는거 맞지?
스파이더맨: 파 프롬 홈,"'스파이더맨: 파 프롬 홈'은 MCU의 두번째 스파이더맨 영화이자, 인피니티 사가의 뒤를 이을 첫 장이기도 하다. '어벤져스: 엔드게임'으로 영화 역사상 가장 야심찬 프로젝트의 한..."
스파이더맨: 파 프롬 홈,아이언맨의 부재를 슬퍼하면서도 그 빈자리를 채우기 위해 노력하는 스파이더맨의 모습은 어쩌면 엔드게임 이후의 불확실성에 흔들리는 MCU의 슬픈 자화상. 파프롬홈은 빵빵 터지는 코미디...
스파이더맨: 파 프롬 홈,뉴욕을 벗어난 스파이더맨. 벗어났으면 안 됐을 것 같다. 미스테리오 연출은 훌륭헀다
스파이더맨: 파 프롬 홈,무난함이 최고임을 보여주는.
스파이더맨: 파 프롬 홈,이거 재밌었던 거 같음 귀여웡
스파이더맨: 파 프롬 홈,"재미는 있었지만, 프랜차이즈의 때가 너무 강하게 탄 것 아닐까."
스파이더맨: 파 프롬 홈,영화 스파이더맨: 파 프롬 홈 리뷰
스파이더맨: 파 프롬 홈,.
스파이더맨: 파 프롬 홈,1편에 비해 많이 재밌어짐
스파이더맨: 파 프롬 홈,어찌됐거나 시각 효과는 인정할 수 밖에
스파이더맨: 파 프롬 홈,"“그는 항상 돌아서면 자신의 일을 후회했어. 사고치고 수습하고 항상 정신없는 엉망진창이었지.” 흐뭇하게 수트를 조립하는 피터를 지켜보는 해피 마음, 우리 모두 알잖아요. 19071"
스파이더맨: 파 프롬 홈,톰스파에서만 느낄 수 있는 귀엽고 유쾌한 하이틴 장르는 좋다. 하지만 피터의 어리숙함이 부각되어 다소 답답하다. 그런 피터를 받쳐주던 토니스타크도 떠났으니...
스파이더맨: 파 프롬 홈,"CG, 액션이 나무랄 데가 없다. 주인공이 정신적으로 성장하는 부분이 더 자세히 묘사됐다면 좋았을 거 같긴한데 지금의 구성과 무게도 좋은 거 같다"
스파이더맨: 파 프롬 홈,스파이더맨의 분위기와 감성이 잘 담긴 영화.
스파이더맨: 파 프롬 홈,멋있는 액션 영화 한 편. 미련한 배우 낭비 한 컷.
스파이더맨: 파 프롬 홈,꽃 예뻐요.
스파이더맨: 파 프롬 홈,화려한 스토리와 어딘가 따로 노는 듯한 캐릭터들
스파이더맨: 파 프롬 홈,"◈ 보이는 것에 현혹되기 쉬운, 거친 어른의 세계에 던져진 아이. '홈커밍'때는 그렇게도 어른이 되고 싶어 하더니...ㅎ"
스파이더맨: 파 프롬 홈,그냥 킬링타임용...
스파이더맨: 파 프롬 홈,보기가 힘들다
스파이더맨: 파 프롬 홈,반전이 너무 좋은 영화
스파이더맨: 파 프롬 홈,캡틴마블. 엔드게임. 스파이더맨 파프롬 홈까지 연타로 재미없음. 톰홀랜드 빼곤 볼게 없다.
스파이더맨: 파 프롬 홈,마블 뇌절 시러오
스파이더맨: 파 프롬 홈,부자 아버지가 죽은 후에 벌이는 유산 다툼이랄까
스파이더맨: 파 프롬 홈,노웨이홈 전에 도움닫기 구간인가
스파이더맨: 파 프롬 홈,유치해지기 시작한 마블
스파이더맨: 파 프롬 홈,딱 깔끔한게 끝난듯. 마블식 유머. 홀로그램을 이용한 훌륭한 CG. (닥터 스트레인지 급) 피터 파커의 내적 성장. 다 잘 담아낸 것 같다.
스파이더맨: 파 프롬 홈,쿠키영상 다음편을 안 볼수가 없게 하네.
스파이더맨: 파 프롬 홈,오늘도 실직자들과 싸우는 자본가의 이웃 스파이더맨
스파이더맨: 파 프롬 홈,스파이더맨 특유의 정서를 따라하려 급급하지 않고 캐릭터와 세계관에서 보여줄 수 있는 새로운 장면들을 최대한 보여주려 노력한다.
스파이더맨: 파 프롬 홈,아이언맨의 그늘 아래에서 스파이더맨의 공식을 또 한 번.
스파이더맨: 파 프롬 홈,"거미(Spider)줄은 철(Iron)만큼의 값을 한다. + 가짜뉴스에 대한 마블의 대답 + 그리운 귀환과, 의문의 놀라움을 선사하는 쿠키영상"
스파이더맨: 파 프롬 홈,😐
스파이더맨: 파 프롬 홈,나름 애쓰지만 아직 부족한 스파이더맨처럼 화려하고 볼거리를 열심히 만들었지만 아이언맨의 부재를 영화 내내 여실히 보여준다.
스파이더맨: 파 프롬 홈,준비되지 않던 스파이더보이가 스파이더맨이 되기까지의 과정
스파이더맨: 파 프롬 홈,시니스터 식스 중에서 가장 신선하고 매력있는 빌런
스파이더맨: 파 프롬 홈,내가 좋아하는 스파이더맨이 너무나도 달라지고 있다.
스파이더맨: 파 프롬 홈,알고 보면 닉 퓨리도 사기꾼이였다
스파이더맨: 파 프롬 홈,쿠키가 두 개
스파이더맨: 파 프롬 홈,"아기거미 행복하게 해주세요,,"
스파이더맨: 파 프롬 홈,마블 페이즈 4의 시작을 알리는 가상현실 비주얼 쇼크
박화영 (감독판),화영에게 구원이 없다면 그 굴레에서 벗어나지 못하겠지
박화영 (감독판),너무 불편하다. 노린 건가? 영화라기 보단....
정신병동에도 아침이 와요,어쩌면 나의 이야기 우리의 이야기 그래 누구에게나 어두운 밤이 올 수 있지만 곧 아침이 온다 우리 모두에게..
정신병동에도 아침이 와요,"각기 다른 아픔을 가진 사람들, 누구나.. 누구든 마음이 아플 수 있다. 공감하고 이해하며 위로받는 드라마"
정신병동에도 아침이 와요,"누구에게도 올 수 있는, 그래서 우리 사회가 더 잘 바라봐야 할 지점을 이렇게 드라마라도 풀어내 줘서 다행일 따름."
정신병동에도 아침이 와요,"매회마다 눈에서 눈물이 흐르고, 마음 속 한켠에 불이 켜진다.""정신병동에도 아침이 와요"""
정신병동에도 아침이 와요,오랫만에 마음 따뜻해지는 드라마
정신병동에도 아침이 와요,누구에게나 찾아올 수 있는 질환이라고 말해주어 고마워요
정신병동에도 아침이 와요,따뜻하고 재밌고 좋아용~ 정말 오랜만에 양질의 드라마가 나온 듯 해요! 넷플에서 이런 류의 드라마를 만들다니.. 재밌고 울컥하고 하네요~
정신병동에도 아침이 와요,현실문제를 굉장히 잘 다룬 드라마 누구에게나 정신적 문제는 찾아올 수 있고 그 병은 나쁜게 아니다 인정하고 함께 해결하는 것이 극복해나갈 수 있는 방법이다
정신병동에도 아침이 와요,온전히 건강한 사람이 이 세상에 존재할까? 다른 세상의 이야기 같을 수 있지만 결국 내 이야기이자 주변의 이야기이다.
정신병동에도 아침이 와요,좋은 주제인데 주인공의 행동이 납득이 안되기 시작하면서 몰입이 깨졌다. 물론 마음이 안 좋을거라는건 알겠지만 그 정도까지 가게되나?
정신병동에도 아침이 와요,요 근래 나온 넷플릭스 오리지널 드라마 중에 최고라고 생각한다 작품성이며 연기력이며 연출이며 어느 하나 빠짐 없는 작품
정신병동에도 아침이 와요,"아픔의 주제를 환자 관찰형이 아닌, 병원에서 일하는 의사, 간호사, 그리고 그들의 친구 등으로 넓게 가져가면서 삶의 여러 분기들을 돌아보는 장면들이 좋았다"
정신병동에도 아침이 와요,우리 모두는 정상과 비정상 경계에 있는 경계인이다
정신병동에도 아침이 와요,"""우리 모두는 정상과 비정상의 경계에 있는 경계인들이다"""
정신병동에도 아침이 와요,언제나 누구에게든 밤이오고 낮이 온다 우린 그렇게 살고있다
정신병동에도 아침이 와요,웹툰 원작으로 궁금했던 작품..오픈하자마자 봤습니다. 전반적으로 색감이 따듯하고 연출에 신경을 쓴 게 느껴지네요. 전개도 마음을 울리고. 생각날 때 마다 가끔 몇장면 다시볼듯.
정신병동에도 아침이 와요,정신병동 간호사와 환자들의 사연
정신병동에도 아침이 와요,"박보영 10년 팬이라서 뜨자마자 봤어요 ! 너무너무 재밌게 봤어요 울고 웃으면서 봤고, 스토리도 좋았습니다"
정신병동에도 아침이 와요,사람사는 이야기는 언제나 아프다. 박보영은 최고다.
정신병동에도 아침이 와요,"누구나 ‘나에게도‘라고 생각해볼 수 있는 드라마, 마음의 병도 치료해야 하는 병입니다."
정신병동에도 아침이 와요,"""우리 모두는 정상과 비정상의 경계에 서있다"" 이외에 감명 깊고 좋은 말들이 많아 정신적으로 지쳤을 때 힐링 되는 드라마."
정신병동에도 아침이 와요,진짜 최고임 아픈 부분과 치유하는 부분을 잘 살려냈다고 생각함
정신병동에도 아침이 와요,보는 나에게 아침이 오는 듯한 이야기
정신병동에도 아침이 와요,우울증 있는 사람들은 안보길 추천
정신병동에도 아침이 와요,박보영님이 연기를 너무 잘하심. 나도 모르게 위로 받는 부분들이 있었음.
정신병동에도 아침이 와요,너무 몰입해서 보다보면 나도 모르게 자살을 생각하게 된다.
정신병동에도 아침이 와요,현실적이라고 해야하나 비관적이라고 해야하나 피해자의 답답한 현실들을 보여주다 보니 보는 사람까지 답답해지는 느낌이 더러 있다.
정신병동에도 아침이 와요,세상의 여러 이해 속에서 얽히고설킨 결핍은 존재하기 마련이다. 어떠한 작품은 그걸 채워주고 새로운 시선을 가지게끔 해주는 것에 상당한 영향을 미친다.
정신병동에도 아침이 와요,나도 모르게 나도 지쳐있었구나 스스로를 돌아보고 보듬을 수 있게된 힐링 드라마 😌
정신병동에도 아침이 와요,이 드라마가 정신질환에 대한 편견과 오해를 푸는 시작의 장이 되었으면 좋겠다.
정신병동에도 아침이 와요,누구에게나 찾아올 수 있는 밤.
정신병동에도 아침이 와요,섬세하고 따뜻하게 그려낸 수작. 어설픈 로맨스가 유일한 옥의 티
정신병동에도 아침이 와요,따스함만으로는 살아갈 수 없는 사회
정신병동에도 아침이 와요,누구나 언제든 찾아올 수 있는 아픔에 대해 많이 생각하게 되었고 그 아픔 앞에서는 그 누구도 한없이 작아지는 거 같다 나를 돌보는 일을 최우선으로 하자
정신병동에도 아침이 와요,인생 드라마 한 편 추가되어서 좋아요🥰
정신병동에도 아침이 와요,여전히 무수한 시간의 밤을 거닐고 있을 누군가에게도 평안한 아침이 오기를.
정신병동에도 아침이 와요,그리워하는것에 두려움을 느끼지 않는 날이 온다면
정신병동에도 아침이 와요,개연성 없는 장면들이 일부 있었지만 좋은 드라마였다 차쌤 서사 기다렸는데 안 나와서 서운했음 ㅠ
정신병동에도 아침이 와요,월요일인데도 내 기분이 왠지 모르게 좋다 - 왜지? - 아 주말에 정신병동에도 아침이 와요를 정주행하고 벅찼기 때문이구나 - 이번주도 잘살아야지. 이게 바로 메타 인지! 장률최고!
정신병동에도 아침이 와요,정신병은 우리 모두에거 올 수 있는 것... 슬기롭게 이겨내는 법을 알려주는 휴먼 드라마... 스트레스를 쌓아 두면 병이된다는 걸 너무 잘 보여준다!
정신병동에도 아침이 와요,"언젠가, 어느 순간 '다은' 또는 '유찬'이 될 수 있는 모두에게 건네는 따뜻한 위로. 이 작품은 감히 두껍고도 단단한 사람들의 편견에 금이 가게 만든다."
정신병동에도 아침이 와요,"정신병동이라는 특수한 장소에서의 에피소드들이 배우들의 열연과 만났을 때의 시너지는 상당하다. 뽀블리의 러블리함은 여전했고, 두 남주의 경쾌함은 극을 집중하기에 충분했다."
정신병동에도 아침이 와요,"환자 한 분당 에피소드 1-2개를 구성하는 기본적인 의학드라마 포맷이나, 어느 누구라도 정신질환에 시달릴 수 있다는 걸 극명하게 보여주면서도 따뜻한 시선을 잃지 않은 드라마."
정신병동에도 아침이 와요,매회마다 눈물 한방울 흐르게 만드는 참 따뜻한 드라마
정신병동에도 아침이 와요,병은 사람을 가려서 오지 않아요 모든 경계인들을 위한 작은 위로
정신병동에도 아침이 와요,정신질환에 대한 잘못된 인식을 개선할 수 있는 의미있는 드라마다. 병의 원인을 환자의 입장에서 드라마 한 것도 미덕
정신병동에도 아침이 와요,"맘이편해요~ 해피엔딩을 매회마다. 까스활명수네요^^ 대박,나세요"
정신병동에도 아침이 와요,오랜만에 봐야할 작품! 좋아요
정신병동에도 아침이 와요,나한테도 아침이 왔으면 좋겠어요.
정신병동에도 아침이 와요,"보기만해도 힐링되고 위로되는 작품. 박보영 배우님의 수상 소감대로 새벽을 지나고 계신 분들, 꼭 아침이 찾아올거에요."
조커: 폴리 아 되,인간 '아서 플렉'에 연민을 느끼고 응원한다던 사람들도 결국은 '조커'에 열광하는 위선자들이었음을 증명하는 지독한 코미디
조커: 폴리 아 되,"""조커는 없는거야, 현실을 살아."" 극중 인물은 물론 관객조차도 관심을 갖지 않는 아서 플렉의 이야기"
조커: 폴리 아 되,스테이크라는 이름의 메뉴를 주문했는데 가축의 소중함을 알아야 한다며 콩고기를 내어주고 돈을 그대로 받아먹는데 이게 정상적인걸까?
조커: 폴리 아 되,조커에서 다시 아서 플렉으로?.. 변론의 여지없는 배신적 속편
조커: 폴리 아 되,5년전 충격적인 몰입감은 사라지고 뜬금없이 뮤지컬로 탈바꿈해서 돌아온 최악의 괴작
조커: 폴리 아 되,조커2를 기대하는 방향성에 따라 관람평이 바뀔 것
조커: 폴리 아 되,광기 어린 사람에 최대 사건을 그린 공익광고 아서 플렉 다웠지만 결코 조커답지 못했다.
조커: 폴리 아 되,전작의 참신함을 역행하는 재해석.
조커: 폴리 아 되,이건 아니잖아....
조커: 폴리 아 되,"""히어로 영화 속 빌런이 아닌, 사회적 약자였던 '아서 플렉'의 인생과 내면에 대하여..."""
조커: 폴리 아 되,엔딩크레딧이 올라가고 넌 누구를 보러왔니? 라고 묻는 듯 했다
조커: 폴리 아 되,이중양면적 페르소나 속에서 진실된 내면아이를 마주했을때
조커: 폴리 아 되,당신은 조커에게 아무 관심도 없다
조커: 폴리 아 되,1편을 망처놓은 2편
조커: 폴리 아 되,'노래를 부르지 말고 말을 해' 그리고 사람들은 아서 플렉이 아니고 조커를 보러 온 것이다.
조커: 폴리 아 되,조커는 없었다
조커: 폴리 아 되,정말 별로. 레이디 가가는 왜 출연시킨건지 이해안감.
조커: 폴리 아 되,살인이 정당화되고 범죄자가 우상이 되는 그런 세상은 없다는 걸 보여주는 감독의 마지막 메시지. 이 세상에 조커는 없다
조커: 폴리 아 되,사람들은 조커가 아닌 인간 아서 플렉의 상처를 긁어내고 트리거를 당긴다 근데 왜 내 정신이 안좋아지는지
조커: 폴리 아 되,러닝타임이 고문같았습니다 핵노잼
조커: 폴리 아 되,하... 내 시간.......
조커: 폴리 아 되,초중반에 살짝 붕뜬 느낌이었지만 후반 갈수록 분위기 잡다가 결말을 곱창내버렸다
조커: 폴리 아 되,노래부르는 분량이 생각보다 넘 많아서 지루했다.
조커: 폴리 아 되,그런 환상 따위는 집어치우라는 처참한 마무리. 그 자체로 훌륭한 영화
조커: 폴리 아 되,저는 저를 버렸습니다 이제 저는 할리밖에 없습니다
조커: 폴리 아 되,조커: 폴리 아 되(조커2) 시사회 후기 정보 출연진 관람평점 줄거리 리뷰 결말 스포 쿠키 전작보다 난해한 조커의 망상 세계
조커: 폴리 아 되,"암세포의 자결이라는 완결, 출산이라는 새 산"
조커: 폴리 아 되,장르에 대한 의문과 메시지에 대한 의문이 사라지지를 않는다.
조커: 폴리 아 되,조커의 그림자에 감춰진 아서 플렉의 이면
조커: 폴리 아 되,아서를 생각해… 이건 아서 얘기야
조커: 폴리 아 되,"아무리 좋은 해석을 갖다 붙여도, 뮤지컬을 남용한 건 납득이 안된다."
조커: 폴리 아 되,"아… 내가 열광하는 존재가 사실 내 허상이고, 그게 그의 본질은 아니었구나… 를 깨닫게된 영화"
조커: 폴리 아 되,광기의 조커라고 불리지만 그도 한낱 아서 플렉이란 사람인것을
조커: 폴리 아 되,"""그림자"" 조커에 열광하는 사회 속에서 끝없이 외면당하는 ""본체"" 아서 플렉"
조커: 폴리 아 되,조커는 살아있다! 내 맘속에 무효로 해줄 테니 어서 3편을 가져오도록!!!(seriousness)
조커: 폴리 아 되,"전작에 의해 기대가 커서 혹평이 많은 듯 하다. 영화도 혹평 많아, 결말도 sad(이별, 죽음), 아서가 불쌍해. 여자의 변심은 무죄? 남자 탓? 이기적인 여자와 외로운 남자.."
조커: 폴리 아 되,환상과 몽상 사이에서 무기력하게 주저 앉아버린 조커라 마이싱의 악극! 관객들이 좋아하는 것들 다 알면서 왜 ㅜ 자폭한건지 ! 이기적인 예술병 걸린 감독! 미워!ㅠ 살려내!!
조커: 폴리 아 되,전작을 깨부시고 싶었다면 좀 더 재미있게 만들어주지... 메시지만 남은 느슨한 재미... 근데 일부러 이렇게 만든 용기는 인정
조커: 폴리 아 되,조커: 폴리 아 되 | 형에게 맞서는 이란성 쌍둥이
조커: 폴리 아 되,대중들의 반응에 되려 겁을 먹은 듯한 플롯과 아서.
조커: 폴리 아 되,'담배와 불'
조커: 폴리 아 되,[조커:폴리 아 되] 대체 내가 무엇을 본 걸까?? 뭐라 설명이 불가능하다 하지만 왜 호불호가 극명하게 갈렸는진 알겠다 1편과 결이 심할 정도로 많이 다르다
조커: 폴리 아 되,조커:폴리 아 되
조커: 폴리 아 되,결국 조커를 만들어낸 폭력적 화려함의 우산이 아서를 비로부터 지켜주지 않음을
조커: 폴리 아 되,1편의 논란들을 덮기 위한 토드 필립스의 성급한 인형극
조커: 폴리 아 되,"조커 :폴리 아 되, 그저 새로운 시도를 한 것 뿐이다. 1편처럼 말이다. 그 새로움은 나를 항상 자극한다. 그 자극은 말로 표현할 수 없을 정도로 멋지다. 내 인생 최고의 영화다"
조커: 폴리 아 되,그림자는 의지와 무관하게 길어지고 짧아진다.
조커: 폴리 아 되,관객은 호아킨의 뮤지컬을 기대했지만 영화는 필립스의 삼류 서커스를 보여줬다
조커: 폴리 아 되,"레이디가가 선전 홍보영상 이라는 생각밖에 안 들 정도로 쓸데없는 장면과, 오페라 틱한 연출이 많았습니다. 조커1 에서 아서의 조커가 될 '이유'의 타당성을 부여 했다면 2는 쓰레기"
조커: 폴리 아 되,조커가 아닌 아서플렉의 주체할수 없는 감정을 표현한 영화. 꼭 뮤지컬 장르로 승화시켜야 했을까
마더,무서운 영화.
마더,봉준호 영화 중에서 가장 음침하고 불편한 영화인 것 같다. <마더>에 가득 찬 오해들은 풀리지 못 한다. 오해를 오해로 해결하더니 끝내는 엉뚱한 사람이 갇힌다. 이 영화에서 해결된...
마더,정말 소름끼치게 좋았다. 원빈 연기는 너무 좋았는데 얼굴이 너무 조각이라 바보로 보이지 않았다는 게 옥의 티.
마더,뒤틀린 모성애의 끝에서 느끼는 지옥의 춤사위.
마더,비틀린 모성애는 비틀려버린 자식을 만든다.
마더,주관적으로는 기생충도 뛰어넘는 봉준호 감독의 마스터피스.
마더,"20-027 모든 죄악은 자기애로 인해 발생하고, 망각으로 인해 (스스로에게) 용서받는다. - 넷플릭스 에서(200420, 1회차)"
마더,때로는 자식에게 잘못을 뉘우치게 하고 잘못된 것은 고치도록 행해야 한다.
마더,김혜자배우 연기가 진짜 디테일해
마더,어떻게 이런 각본을 쓰는지 놀라울 따름이다.
마더,'아무도 믿지마. 엄마가 구해줄께.' 모성애의 도덕적 의미에 대한 철학적 질문.
마더,봉준호 영화를 처음으로 재밌다고 느꼈던거 같다. 그 뒤로 <괴물>과 <살인의 추억>을 각잡고 봐봤지만 여전히 마더가 취향. 그의 필모 중 덜 유명해서 더 빛나는 영화.
마더,개인적으로 봉준호 감독의 영화 중 1위
마더,머더가 될 수 밖에 없는 마더들의 원죄. 무아지경이 되어 춤추는 마더들이 우리의 엄마였음을 알게 될 때 느껴지는 그 미칠듯한 애처로움과 스산함.
마더,"이 영화로 인해, 봉준호 감독이 한국 최고의 영화감독이라고 해도 반박할 수 없게 되었다. 손을 들어 반쯤 가려버린 얼굴과, 완벽하게 타당한 맥거핀이란."
마더,이 모성애를 어긋났다고 말할 수 있을까? 모든 장면이 강렬하다
마더,보고 나서 기분이 미묘함. 소름끼치면서도 막 슬프고 그럼.
마더,바윗돌에 침 놓기
마더,극한의 모성애
마더,개인적으로 봉준호 감독 영화 중 제일 음산하고 비참하며 기분 나쁘다. 그럼에도 불구하고 꼭 추천하는 비릿한 영화.
마더,자식 볼일 본 자리도 덮어두는 엄마.
마더,"김혜자의 신이 내린 연기, 봉준호의 천재적인 연출!"
마더,14 240212 봉준호의 마스터피스. 모든것이 완벽하게 짜인 테피스트리같다. 주연들 최고의 연기에 조.단역들 모두 놀라운 연기를 보여준다. 한국 최고의 오프닝씬과 엔딩씬이 함께
마더,엄마도 여자야
마더,비뚤어진 모성애. 봉준호 영화 중 가장 재밌었음.
마더,모성이라는 씨앗 위에 타오르는 광기. 고물상 시퀀스는 연기력에 그저 압도될 뿐.
마더,저 억새풀밭 사이 허우적대는 모성애
마더,모생애의 이면
마더,뒤틀린 모성애를 정녕 자식을 위해서 한 행동이라고 볼 수 있을까 지금 봐도 소름 끼치는 수미상관 구조의 오프닝과 엔딩 그리고 원빈 연기의 진가가 잘 드러났던 작품이라 생각한다
마더,소름돋는 엔딩씬을 마주했을땐 지구상 어떤 영화 부러울게 없다.
마더,.
마더,비극은 망각하고픈 자를 낳았다
마더,"엄마라서, 엄마니까, 엄마잖아."
마더,기괴하다 못해 역겨울 정도의 사랑에 대하여.
마더,"애절, 처절, 스산함까지도 느껴지는 비뚤어진 모성애를 배우의 열연과 함께 보여준다."
마더,봉준호 감독의 섬뜩한 연출과 김혜자 배우와 원빈의 연기 그리고 진구와 천우희 배우의 신인적 모습도 볼 수 있고 자식을 위한 광적인 엄마의 모성애가 슬프다
마더,처음의 소름이 마지막엔 전율이 된다.
마더,마더…머더…
마더,모성애는 위대하지만 때론 위험하다는것을 보여준 영화.
마더,한 몸이었던 존재를 죽이려 한 원죄를 속죄하기 위한 마더의 처절한 몸부림
마더,눅진하고 질퍽질퍽한 부조리와 뒤틀린 모성에 대하여
마더,어머니를 불편한 곳으로 끌고가기
마더,김혜자의 <우리 아이는 그런 애가 아니에요.> 눈을 굴리며 신들린 연기 모성애가 낳은 괴물
마더,맥거핀에 낚인게 짜증나서 0.5깎음
마더,엄마라는건 뭘까 보고나니까 더 아득하게 느껴지네
마더,마더(mother)와 머더(murder) 사이 그 어딘가.
마더,지독한 사랑이다. 바보같게도
마더,내가 당연히 옳다고 생각한 것들은 정말 올바른 것이였나.
마더,"살인의 추억, 괴물, 마더, 기생충 봉준호 4대 작품"
마더,김혜자배우님의 재발견
월레스와 그로밋: 복수의 날개,그로밋최고
월레스와 그로밋: 복수의 날개,한땀한땀 손으로 만든 애니메이션으로 기술로 다할 수 없는 다정을 이야기한다
월레스와 그로밋: 복수의 날개,제목을 월레스와 그로밋이 아니라 그로밋vs페더스 대격돌로 바꿔야한다...
월레스와 그로밋: 복수의 날개,"훌륭한 각본,촬영이 돋보이는 작품"
월레스와 그로밋: 복수의 날개,"순무와 다이아몬드는 한끗차이고, 기술과 존재는 천지차이다."
월레스와 그로밋: 복수의 날개,"그로밋 보려고 보는 영화. 맛이 간 노봇들이 너무 무서웠다. 갈수록 부티 나는 프로덕션 디자인. 아직도 못 외운 빌런 이름.. 뭐였지? 멀린 크로싱엄, 닉 파크. 2024. 3.0"
월레스와 그로밋: 복수의 날개,나쁘지만은 않은 과거의 답습.
월레스와 그로밋: 복수의 날개,"월레스와 그로밋을 아직도, 앞으로도 사랑하는 이유"
월레스와 그로밋: 복수의 날개,추억은 여전히 그 자리에서 빛을 발하고 있었으며 한땀한땀 쌓아가는 정성또한 가득하구나
월레스와 그로밋: 복수의 날개,오래된 주전자에서 진짜 보석이 나왔네. 구기술과 새기술이 손잡고 이어나간다.
월레스와 그로밋: 복수의 날개,이런 찰흙 애니들이 영원히 계속 되었으면 좋겠다...
월레스와 그로밋: 복수의 날개,이런 아기자기한게 요즘은 좋음
월레스와 그로밋: 복수의 날개,전작만큼 재밌다
월레스와 그로밋: 복수의 날개,빌런은 돌아왔고 그로밋은 기계에게 자리를 뺏겼다. 여전히 아기자기한 모습들과 에피소드로 무장했다. 하지만 시간이 지날수록 이 시리즈의 한계는 분명한듯 보인다. 틀을 벗어나지 못한다
월레스와 그로밋: 복수의 날개,위트와 스케일을 키운 ‘월레스와 그로밋’의 6번째 시리즈
월레스와 그로밋: 복수의 날개,그로밋의 하드캐리로 버스 탄 월레스
월레스와 그로밋: 복수의 날개,아드만 스튜디오의 정성어린 추억 전시회
월레스와 그로밋: 복수의 날개,"언제나와 같은 동심의 상상력, 익숙한 배경음악, 여전히 귀여운 그로밋 그리고 아이들을 위한 나름의 메시지까지."
월레스와 그로밋: 복수의 날개,동심으로 돌아간기분...한번쯤은 볼만한 영화
월레스와 그로밋: 복수의 날개,정성스러운 추억 속 귀여움
월레스와 그로밋: 복수의 날개,그로밋은 언제나 너무귀여워
월레스와 그로밋: 복수의 날개,그로밋 귀여워 똑똑해~
월레스와 그로밋: 복수의 날개,이 시리즈만이 가지는 소소하면서도 독보적인 매력.
월레스와 그로밋: 복수의 날개,"12세 관람가가 납득이 간다. 탁월한 캐릭터 표현력과, 무시무시한 공포 연출이 잘 먹힌다. 어린이가 보기엔 다소 압도되는 공포감이 있다."
월레스와 그로밋: 복수의 날개,스톱모션 기법이라고는 믿을 수 없는 뛰어난 연출력과 흥미진진한 액션신. cg가 대중화된 영화계에서 클래식한 기법으로 이렇게 재밌는 영화를 만들수 있는것이 신기하다.
월레스와 그로밋: 복수의 날개,로봇이 조금 무서웠는데 전반적으로 편하게 볼 수 있었던 내용이었어요 강아지 그로밋이 똑똑하고 귀여워요
월레스와 그로밋: 복수의 날개,추억을 다시 떠올리게 해준 멋진 작품. 다음 편은 얼마나 뒤에 나올지 설렘보다 아쉬움만 가득하다.
월레스와 그로밋: 복수의 날개,어렸을 때 봤던 그 느낌은 안나네...
월레스와 그로밋: 복수의 날개,너무 잘만들자냐...
월레스와 그로밋: 복수의 날개,"영상미가 너무 좋았고, 공 들여 만들었다는 게 느껴졌다"
월레스와 그로밋: 복수의 날개,솔직히 좀 무서웠어
월레스와 그로밋: 복수의 날개,21세기가 보내는 최고의 헌사
월레스와 그로밋: 복수의 날개,우리 똑똑이 강아지 그로밋 최고야!!! 너무 귀엽고 흥미진진한 영화 제작진의 노고에 박수를 👏👏👏
월레스와 그로밋: 복수의 날개,따뜻한 클레이 돌아보는 차가운 AI 시대
월레스와 그로밋: 복수의 날개,실패할 액션시퀀스와 스토리를 만들바에야 오마주와 오락영화의 공식으로 재미는 ‘여전히’ 재밌음
월레스와 그로밋: 복수의 날개,역쉬 배신하지 않는 맛 ..! 윌로스 앤 그로밋..*! 믿고보는 명품 ..!
월레스와 그로밋: 복수의 날개,추억이 살아 움직이는 과거와 현재의 기대 이상의 조화
월레스와 그로밋: 복수의 날개,스토리도 평범하고 캐릭터도 아동영화다. 하지만 엄청난양의 제작과정과 2024년도가 되면서 발전한 영상기술들은 꼭봐야할 영화들에 들어갈것이다
월레스와 그로밋: 복수의 날개,"이 음악, 이 감성! 이야기는 조금 루즈하지만 돌아오는 것만으로 반가운 시리즈. 월레스와 그로밋의 비중이 적어지는 건 슬픈 일이다."
월레스와 그로밋: 복수의 날개,기술만능비판 권선징악 순수한 내용을 재밌게 만드는게 진짜 실력이야
월레스와 그로밋: 복수의 날개,약 40년이 지나도 여전히 날카로운 날로 신선하게 기발하게
월레스와 그로밋: 복수의 날개,생각없이 귀여워~ 하면서 보면 될 영화
월레스와 그로밋: 복수의 날개,기대하는 바를 완전히 맞춰주는 작품
월레스와 그로밋: 복수의 날개,전체적인 플롯이 너무 똑같음
월레스와 그로밋: 복수의 날개,가족영화를 빙자한 호러 공포영화
월레스와 그로밋: 복수의 날개,그냥 시간 보내면서 보기 좋은 영화. 어릴 때가 생각나는.
월레스와 그로밋: 복수의 날개,노봇 갖고싶다
월레스와 그로밋: 복수의 날개,단순한 스토리이지만 들어간 정성을 느끼며 보면 시간이 순삭! 아기자기한 정성들이 미소짓게 만든다.
월레스와 그로밋: 복수의 날개,월레스는 그로밋한테 잘해라
월레스와 그로밋: 복수의 날개,페더스 맥그로우 이 포토제닉 펭귄은 어디서 자기랑 똑같이 생긴 물개를 데려와서... 맥그로우 등장 순간마다 할리우드식 빌런 연출 팍팍 터뜨리는데 귀엽고 신남.
센과 치히로의 행방불명,"생각날 때마다 보지만, 볼 때마다 새롭고 볼 때마다 결말이 기억이 안나는 요상한 영화. 매번 새롭게 집중해서 보게된다."
센과 치히로의 행방불명,봐도봐도 재밌는 지브리 센과치히로~~
센과 치히로의 행방불명,풍부한 상상력 완벽한 구성 마치 현실을 보는듯한 착각
센과 치히로의 행방불명,"어릴때 수없이 봤지만 처음 보는 영화처럼 봤다. “한 번 알게된 것은 절대 잊지 않는다, 생각이 나지 않을 뿐이지.” 돌아갈 곳이 있다는 것과 내가 누군지 안다는 것이 이렇게나 중..."
센과 치히로의 행방불명,언제나 몇 번이라도 자신을 잃어버린 자들을 품어줄 신화.
센과 치히로의 행방불명,'너의 이름은'보다 강한 메시지
센과 치히로의 행방불명,음악도 좋고.. 센이 씩씩해서 좋았음. 내가 그런 상황이었다면 나도 돼지가 되고 말았을거야.
센과 치히로의 행방불명,역시 지브리 영화.
센과 치히로의 행방불명,시작되고 얼마 안 있어 그 세상으로 다이빙 해버리는 영화
센과 치히로의 행방불명,몇번을 봐도 질리지 않는 애니메이션 영화!!
센과 치히로의 행방불명,"치히로가 현실로 돌아가는 게 아니라, 현실이 치히로에게 돌아오는 과정"
센과 치히로의 행방불명,풍부한 영상미가 좋아요
센과 치히로의 행방불명,보면서 머릿속이 그냥 새롭다라는 생각으로 꽉차요
센과 치히로의 행방불명,몇번을 다시봐도 명작
센과 치히로의 행방불명,지브리 최고의 명작 몇백번 봐도 안 질리는 탄탄한 스토리가 일품이다
센과 치히로의 행방불명,지브리 영화 딱 한 편만 뽑는다면!
센과 치히로의 행방불명,언제나 몇번이라도 보고싶은 영화. 언제나 몇번이라도 다시 보고싶은 사람들.
센과 치히로의 행방불명,너의 이름은.. 너무 길어
센과 치히로의 행방불명,"가족과 같이 보는 삶, 고생길, 버티다가 보면 슬프지만은 않음"
센과 치히로의 행방불명,이걸 보고 애니가 실사처럼 재밌을수가 있구나 느끼게 해준 영화. 스토리도 그림체도 정말 좋았던. 후반부에 음식 먹는 장면이 지금도 생각난다.
센과 치히로의 행방불명,"지브리만이 할 수 있는 감성과 스토리, 노래"
센과 치히로의 행방불명,최고의 애니메이션
센과 치히로의 행방불명,1. 평점과 한 줄 평 9.5 목욕은 나를 벗겨내서 나를 찾아내는 일 2. 유바바: 이름을 지배하는 마녀 유바바는 ‘어떤 맹세’로 인해 일을 하겠다고 말한 사람에게 일을 주어야 ...
센과 치히로의 행방불명,지우펀으로 갑니다
센과 치히로의 행방불명,단순한 성장 이야기에 대한 안티테제. 그래서 성장하면 남는 것은 무엇인가? 히사이시 조의 '어느 여름날' 트랙은 모노노케 히메 OST 트랙 만큼이나 신비롭다. 지브리의 많은 유산 ...
센과 치히로의 행방불명,"흥미로운 세계관과 그 속의 캐릭터들, 압도적 영상미와 몰입도있는 스토리에 빠져들었다"
센과 치히로의 행방불명,끊임없이 반짝인다!
센과 치히로의 행방불명,명작
센과 치히로의 행방불명,수십 년이 흘러도 이 정도의 작품성을 가진 애니메이션 작품은 없을 것 같다.
센과 치히로의 행방불명,몇번이나 보게 되는 영화는 그 이유가 있다. 언제나 몇번이라도~
센과 치히로의 행방불명,어른으로 비만하지 않으려 간직할 동심
센과 치히로의 행방불명,무섭지만 아름다운 한편의 꿈
센과 치히로의 행방불명,지브리 하면 떠오르는 대표작😍 엔딩곡 들으면 아련한 추억이 떠오른다는🥹
센과 치히로의 행방불명,몇십번을 봐도 질리는 부분이 하나도 없는 내 인생작 중 1
센과 치히로의 행방불명,존잼 난 좋아
센과 치히로의 행방불명,처음 봤을 때의 신선한 충격
센과 치히로의 행방불명,마약같은 영화
센과 치히로의 행방불명,일본 애니를 잘 안보지만 봤던 몇안되는 작폼중 재밌게 봤던기억이다 스토리가 환상적으로 잘 만들었어
센과 치히로의 행방불명,터널통과 의례 : 유혹과 혼란의 세계에서 자신의 정체성과 본분 잃지않기.
센과 치히로의 행방불명,셀 수 없이 봤으나 질리지 않음
센과 치히로의 행방불명,저의 인생작.. 봐도봐도 느낌이 다른 나의 인생작
센과 치히로의 행방불명,센치행을 어릴 때 영화관에서 보고 내용을 까먹어 십년 넘어 다시봤는데 동심이 사라져서 그런가 내용이 너무 센치행
센과 치히로의 행방불명,기억한다는 것.
센과 치히로의 행방불명,지브리의 아름다운 색채 음악 이야기. 그리고 또 하나 언제나 주인공을 도와주는 다정한 인연... (재관람) 2011년
센과 치히로의 행방불명,동심의 순수함을 간직한 풍성한 볼거리와 상상력의 만남.
센과 치히로의 행방불명,일본애니 영화 하면 가장 먼저 떠오름. 어릴때보고 성인이 되서 다시 봤는데 너무 좋더라.
센과 치히로의 행방불명,20년만에 다시 본 영화는 여전히 아름다웠다
센과 치히로의 행방불명,개인적으로 지브리 작품 중 좋아하는 작품은 아니지만.. 뛰어난 영화임은 확실하다.
센과 치히로의 행방불명,센치행 ~👶🏻
센과 치히로의 행방불명,미야자키 하야오의 최고 작
미션 임파서블: 데드 레코닝,시리즈가 계속되는 데는 이유가 있다.
미션 임파서블: 데드 레코닝,역시 톰크루즈는 톰이다 2편의 프리퀄 느낌이 강하지만 이건 톰크루즈만 할 수 있다
미션 임파서블: 데드 레코닝,톰 크루즈라 가능한 시리즈이지만 그레이스를 부각시키려고 일사 캐릭터를 소모적으로 쓴 건 아쉬움. 톰크루즈씨 제발 자연사 해주세요. 위험한 스턴트는 이제 그만해도 될것 같아요
미션 임파서블: 데드 레코닝,시간 가는줄 모르고 재밌게 봤습니다
미션 임파서블: 데드 레코닝,러닝타임이 긴데도 늘어지는 부분 하나도 없이 액션 스릴로 꽉꽉 채워주심. 탐크루즈는 영화 하나 찍을 때마다 공로상 줘야합니다 여러분!
미션 임파서블: 데드 레코닝,익숙한 맛이 좋지만 영화가 늘어지는 감이 느껴져서 아쉬웠다
미션 임파서블: 데드 레코닝,러닝타임에 대한 집착을 조금만 버렸더라면.
미션 임파서블: 데드 레코닝,"기대가 컸거나, 지쳤거나, 실망했거나"
미션 임파서블: 데드 레코닝,이단 헌트는 이제 은퇴해도 될 듯 해요^^
미션 임파서블: 데드 레코닝,충분히 재밌었지만 파트2로 너무 많을걸 떠넘기는건 아닌가하는 걱정
미션 임파서블: 데드 레코닝,여태까지 봤던 미션임파서블 시리즈 중 제일 재밌다
미션 임파서블: 데드 레코닝,톰 크루즈씨 제발 자연사하게 해주세요..
미션 임파서블: 데드 레코닝,영화와 관객을 대하는 톰 크루즈의 태도에 박수를.
미션 임파서블: 데드 레코닝,.
미션 임파서블: 데드 레코닝,"시리즈의 최정점, 여전히 진화하는 톰 크루즈 영화"
미션 임파서블: 데드 레코닝,액션 몰입감 미쳤다 정말
미션 임파서블: 데드 레코닝,아니 진짜 기차씬은 미친거아님?
미션 임파서블: 데드 레코닝,처참하다.
미션 임파서블: 데드 레코닝,톰 크루즈의 자문자답
미션 임파서블: 데드 레코닝,미션 임파서블의 미덕인 액션과 긴장감이 꽉 채워져 있다. 다음 파트로 가는 길목 정도로 찍은 1편이 아닌 그 자체로도 재미가 있다
미션 임파서블: 데드 레코닝,그레이스를 위해 에단은 죽을 뻔 하고도 굳이 그레이스를 골랐어야하나?
미션 임파서블: 데드 레코닝,역시 미션임파서블은 날 배신하지 않아
미션 임파서블: 데드 레코닝,"한 물 간 장르가 될 거라 여긴 첩보 액션을 현대로 끌고가는 힘, 이것이 여전히 톰 크루즈에게 주어진 사명."
미션 임파서블: 데드 레코닝,고전의 향취와 시대의 변화가 맞물린 보이지 않는 체계의 은밀한 폭주와 정복.
미션 임파서블: 데드 레코닝,톰아저씨 주연은 뭐든지 다 재밌어
미션 임파서블: 데드 레코닝,어휴 무슨 영화가 2시간 40분이 넘어. 엇. 벌써 끝이야. 다음 파트 빨리 내놔라.
미션 임파서블: 데드 레코닝,미션임파서블 시리즈 중 가장 실망한 영화인듯!!
미션 임파서블: 데드 레코닝,현란한 열쇠 쟁탈전
미션 임파서블: 데드 레코닝,톰 크루즈의 할리우드판 동춘서커스
미션 임파서블: 데드 레코닝,이건 영화관에서 봐야지 현대 영화 기술의 정점에 있는거 아닌가
미션 임파서블: 데드 레코닝,넉넉한 러닝 타임 덕에 액션의 기승전결을 다 봤다. 그나저나 열쇠는 누구한테 간 거야? 한 번 더 봐야겠네. 그레이스 역의 헤일리 앳웰은 마블의 페기 카터 요원. 2023. 3.5
미션 임파서블: 데드 레코닝,미션 임파서블이라는 프랜차이즈가 낼 수 있는 감성과 힘은 이미 끝났다.
미션 임파서블: 데드 레코닝,여캐들 이단헌트랑 붙으면 별로가 되어버리는 매직. 이단헌트를 위한 여캐만들기는 이제 그만!
미션 임파서블: 데드 레코닝,믿고 보는 톰크루즈 영화 보낸 내내 조마조마 짜릿함
미션 임파서블: 데드 레코닝,후반부 기차 액션으로 1편의 긴장감을 소환했다.
미션 임파서블: 데드 레코닝,톰크루즈 당신은 언제까지 멋질까요! 아직도 액션찍고 시리즈를 계속 해줘서 고마워요. 뱀파이어와의 인터뷰로 반했는데 배우로서 최고입니다.
미션 임파서블: 데드 레코닝,"시종일관 눈을 뗄 수 없는 긴장감 유지와 빠른 전개가 훌륭하다. 전투형 여자 조연들이 뭔가를 보여주지 못하고, 너무 쉽게 퇴장하는 점이 어색하고, 아쉽다. 다음편이 기대된다."
미션 임파서블: 데드 레코닝,"액션, 심리전, 스토리 완벽한 첩보물 삼박자"
미션 임파서블: 데드 레코닝,역시 누구나 즐길 수 있는 첩보 오락 액션!
미션 임파서블: 데드 레코닝,숨가쁜 액션 속 느리게 진행되는 서사
미션 임파서블: 데드 레코닝,경이로운 스턴트와 팀워크로 여전히 우리 앞에 선 아날로그 히어로.
미션 임파서블: 데드 레코닝,1편으로의 회귀와 진지함 한 스푼의 효과는 미미한 것 같다.
미션 임파서블: 데드 레코닝,회를 거듭할수록 눈을 즐겁게하고 손에 땀이나는 액션을 거듭한다. part 2가 기대된다.
미션 임파서블: 데드 레코닝,톰크루즈 액션은 역시 명불허전이었지만 스토리가 너무 빈약해서 아쉬웠습니다. 액션과 배경으로 나온 베니스와 특급열차는 좋았습니다 파트 투는 볼지 모르겠습니다 ㅠ
미션 임파서블: 데드 레코닝,"톰 크루즈 = 라스트 무비 스타, 이름이 곧 영화인 남자, 그리고 이 시대 최고의 김치찌개 장인 다 알면서도 보게 만드는 맛 최고"
미션 임파서블: 데드 레코닝,"3시간이 길게 느껴지지 않는 박진감👍🏻 전 편을 기억하지 않아도 재밌게 볼 수 있는 시리즈였는데, 다음편은 꼭 다시보고 봐야할 듯 싶다. 이어지는 내용 또한 흥미진진할 것 같다"
미션 임파서블: 데드 레코닝,최후의 아날로그 투사
미션 임파서블: 데드 레코닝,보여주고 싶은 액션이 너무 많아서 파트를 나누었나.
미션 임파서블: 데드 레코닝,역시 액션 맛집. 지루한 부분이 있긴 했으나 163분이 길게 느껴지지는 않았다.
미션 임파서블: 데드 레코닝,"뛰어난 액션씬, 미션 임파서블 시리즈는 처음 보는 것이었는데 재밌었음. 전편들도 봐봐야겠음"
