﻿movie_title,review
라팔마,자연경관이 압도적모습으로 잘 나오고 빠른전개가 맘에 든다
라팔마,영화적 허용
라팔마,믿고보는 노르웨이산 재난물
라팔마,인물설정과 갈등관계가 많이 익숙하지만 장엄한 자연경관을 굉장히 잘 담아냈고 핵심인 재난을 뜸들이지 않고 바로 보여줘서 괜찮은 자연재난물이라고 생각함.
라팔마,아쉬운 점들은 있지만 재밌게 볼 수 있음
라팔마,이게 산다고? 하는 장면들이 많았지만 재난영화를 좋아하는 사람이라면 추천
이토록 친밀한 배신자,호흡이나 전개가 빠른 편이 아닌데 한석규 무게감으로 다 눌러버린다 이렇게 연기 ㅎㄷㄷ한줄 몰랐다 흡입력장난아님 중간에 끊을 수가 없음 개인적으로 퍼펙트데이즈 한국판에서 보고싶은배우
이토록 친밀한 배신자,회차가 진행될수록 이 드라마가 끝날 날이 다가온다는 조급함. 근래 최고의 드라마다
이토록 친밀한 배신자,신선한 소재이긴하나 지루한 전개와 허술한 수사가 몰입에 방해를 줌
이토록 친밀한 배신자,오랜만의 장르물에 고퀄리티.흥미로운 세팅. 그러나 너무 모든씬에 힘을줘서 루즈하게 느껴진다
이토록 친밀한 배신자,"시각적인 부분에 편중되어 진행이 너무 루즈한 느낌. 긴장감은 떨어지고, 심리적인 부분을 부각해 이끌어가려 하지만 입체적인 앵글로 인해 주의가 흐트러짐."
이토록 친밀한 배신자,"온 가족이 고구마 스타일 . 처음 몇 회는 심리묘사 등 괜찮았으나 4,5회 넘어가면서 답답해서 너무 힘든 스타일. 그냥 말을 하라고 제발."
이토록 친밀한 배신자,결말까지 안정적으로 잘 뽑힌다면 용두용미가 될 드라마. 무엇보다도 연출과 연기가 뛰어난 작품. (집 구조 마저도 연출의 한 부분처럼 느껴진다.)
이토록 친밀한 배신자,T와F가 격렬히 싸운다. 상황과 증거가 딸을 가르키는 상황에서 형사인 아버지T. 아니라는 딸을 믿어야하는 가족으로써의 아버지F. 당신이 아버지라면?
이토록 친밀한 배신자,한석규만 보인다
이토록 친밀한 배신자,"관계설정과 초반 서사를 보여주는 것이 길다면 길지만 잘 따라간다면 앞으로 흥미진진하게 진행 될것 같다. 1,2부를 봤다면 이제부터 시작할께! 하니 3부를 기다려본다."
이토록 친밀한 배신자,"요즘 드라마 중에 진짜 몰입하고 재밌게 봤어요! 약간 고구마가 있다는 분들 있던데, 저는 괜찮았던 것 같아요!"
이토록 친밀한 배신자,"설정이 과하다. 제발 말 좀 해~ 여고생은 언제나 정확히 추적, 미행하며 잠입 필요한 정보 딱딱 챙기는데, 경찰은 대부분 미행을 놓치고, 제대로 된 위치 마저 모른다."
이토록 친밀한 배신자,생각보다 짜임새 있는 추리극!!
이토록 친밀한 배신자,볼만한데 억지로 아득바득 클리셰 부정하려 용쓰는게 보이고 그러다보니 억지 설정이 많음 하지만 그것빼곤 재밌음
이토록 친밀한 배신자,내용 어려움 ㅠ
이토록 친밀한 배신자,"신하균, 여진구 주연의 괴물의 부녀판을 보는 듯하다 결말은 뻔항테지만 과정에서 시청자들을 이리저리 드리블 할것 같은 느낌"
이토록 친밀한 배신자,작정하고 있어보이게 연출하는 것에서 오는 거부감
이토록 친밀한 배신자,"한석규,채원빈은 물론이고 조연들 모두 연기 미쳣다!"
이토록 친밀한 배신자,재미가 없어요.
이토록 친밀한 배신자,뒤로 갈수록 힘 빠지는... 기대했던 두뇌대결이 없어 아쉬운
이토록 친밀한 배신자,소설책이나 영화였으면 좋았을까
이토록 친밀한 배신자,배우들 연기는 한명도 빼놓지 않고 너무 좋음 각본이 연기를 못따라가는게 너무 아쉬움
이토록 친밀한 배신자,빈틈없이 꽉짜인 이야기. 그리고 탄탄한 연기의 주인공. 더이상의 설명은 시간낭비. 그냥 보쇼.
이토록 친밀한 배신자,한번 보기 시작하면 절대 멈출 수 없다
이토록 친밀한 배신자,전개가 빠르지 않지만 드라마에 빠져 흘러가면 시간 가는 즐도 모르겠다.
이토록 친밀한 배신자,연출 지림. 매화 매화 예측 불허함. 채원빈은 스위트홈에서 약쟁이 여자애랑 동일 인물이라는 게 안 믿김
이토록 친밀한 배신자,배우 음악 연출 그리고 그림자
이토록 친밀한 배신자,쫀쫀하다 이말이외엔 필요가 없다
이토록 친밀한 배신자,스릴러 안좋아하는 강경 로맨스파가 집중해서 본 몰입도 쩌는 드라마 굿귯
이토록 친밀한 배신자,시각적으로는 웰메이드 드라마이나 다소 허술한 면도 있음
이토록 친밀한 배신자,우리 모두가 누군가의 혹은 나 자신의 친밀한 배신자일지도
이토록 친밀한 배신자,"지상파에서 이렇게 차갑게 전개되는 드라마도 참 드물었고, 그래서 귀하다."
이토록 친밀한 배신자,드라마 정주행 잘안하는데 보는내내 즐겁게 머리쓰며 본 드라마 영리한 드라마 강추요!!!
이토록 친밀한 배신자,"주연 배우의 아우라로 분위기를 눌렀지만, 전개의 치밀함이 따라가지 못했다."
이토록 친밀한 배신자,문학작품을 드라마로 표현한 느낌
이토록 친밀한 배신자,지루한데 안지루해 안궁금한데 궁금해 불신에서 신뢰
이토록 친밀한 배신자,몰입해서 보세요 떡밥 나중에 회수하려면 :) 최소 올해 최고의 스릴러
이토록 친밀한 배신자,한국 드라마에서. 보기 힘든 연출력과. 연기. 요즘 재미 위주 코믹 드라마가 인기 있는데 진정성 있는 감성 표현의. 연기려과 몰입도가. 중독을. 맛드네요
이토록 친밀한 배신자,굳이 10부작이어야 했을까??
이토록 친밀한 배신자,시나리오는 신선한 듯.. 지루한 전개와 좀 짜증나는 수사만 빼면..
이토록 친밀한 배신자,이토록 친밀한 연기라니!!!! 한석규 배우님 얼굴에서 보여지는 음영과 눈빛에 압도 당하게 된다. 잔잔한 호수가 일렁이는 물결을 가만히 들여다 보게 되면 빨려들어가게 되는 그 무엇처
이토록 친밀한 배신자,넘 재밌어요
이토록 친밀한 배신자,재밌음
이토록 친밀한 배신자,"초반부 흥미진진하면서 몰입감 있는데, 갈수록 고구마 백개먹은듯한 전개에 지친다.."
이토록 친밀한 배신자,4화까지 본 후기 보다보니 좀 허술하고 루즈한느낌이 있었다 하지만 4화 마지막 씬을 본순간 '아 그게 복선이었나???' 만약 복선이었다면 지릴듯.. 더봐야 알겠네요
이토록 친밀한 배신자,뭔지 잘 모르겠다 좀 더 빨리 진행됐으면 좋겠다
이토록 친밀한 배신자,간만에 고급진거 나오는듯
이토록 친밀한 배신자,나는 이 연출자의 악개가 되려 한다
이토록 친밀한 배신자,역시 믿고 보는 갓석규! 또 한편의 웰메이드 드라마 탄생!
이토록 친밀한 배신자,그래서 대체 거짓말을 안하고 있는 사람은 누구 ??
쓰리 빌보드,"누군가에게 자신이 본 영화에 대해 설명하려고 할 때, 가장 쉬운 방법은 줄거리를 요약하는 것이다. 감독이나 배우 이야길 하는 것도 좋다. 장르도 빠질 수 없다. 누구누구가 나오는 ..."
쓰리 빌보드,더욱 의미심장하게 다가오는 마틴 맥도나의 각본
쓰리 빌보드,그녀의 분노는 정당하고 영영 회복할 수 없는 상실을 겪었다. <셰이프 오브 워터>가 근 몇 년간 본 영화 중에서 손꼽힐 만큼 뛰어난 연출을 보여준 작품이었다면 <쓰리 빌보드>는...
쓰리 빌보드,"<쓰리 빌보드>의 원제는 'Three Billboards Outside Ebbing, Missouri'로, 미국 미주리주에 있는 '에빙'이라는 지역으로 가는 길에 세 개의 광고판이..."
쓰리 빌보드,"이성이 모든 것을 해결해 주지는 않지만, 그것을 무시한다고 모든 것이 해결되지는 않는다."
쓰리 빌보드,"머리속이 복잡해지는 영화다. 정말, 인간이 느끼는 복잡미묘한 감정을 아주 잘 표현했다. 인간이 느끼는 감정이 어느 한 사건에 의해서 나타는 것이 아니라, 이런저런 관계들과 과거의 ..."
쓰리 빌보드,'경쾌'는 모르겠지만 흥미롭다. 인물 하나 하나도 가볍게 다뤄지지 않고 입체적으로 그려진게 좋다.
쓰리 빌보드,"타버린 딸의 시체, 광고판, 경찰서, 딕슨의 얼굴. 이미 타버린 그 모든 것들에 대처할 수 없는 자들의 대처방법"
쓰리 빌보드,"용서할 준비가 되었다는 건 오렌지 주스 한 잔을 건넬 수 있다는 마음에서 시작되는 것, 분노가 분노를 낳은 감정 하나만으로 하는 복수는 더 큰 화를 불러온다"
쓰리 빌보드,"Three Billboards <쓰리 빌보드>를 온전히 받아들이기 위해선, 영화의 첫 번째 장면을 곱씹어볼 필요가 있습니다. 첫 시퀀스에는 강간이나 살인, 정의나 관용..."
쓰리 빌보드,지옥같은 세상에서 살아남는 법 비극적인 사건이 꼬리를 문다. 날 선 캐릭터들이 끓어오르는 분노를 품고 맞부딪힌다. 그 사이에 괴상한 유머가 똬리를 틀고 앉았다. 이정도였다면 마...
쓰리 빌보드,연기 각본 연출 삼박자가 완벽한 영화. 다만 결말이 결말을 위한 결말이라. 급수습한 느낌이란게 아쉽지만. 세 개의 광고판을 시작으로 발생된 현재 미국의 문제점을 꼬집어 내는 이...
쓰리 빌보드,프란시스 맥도먼드!!! 마틴 맥도나-쓰리 빌보드 아일랜드 출신 감독 마틴 맥도나는 <쓰리 빌보드> 각본을 쓰기 전부터 프란시스 맥도먼드를 주인공으로 염두 했다고 한다. 마틴 ...
쓰리 빌보드,"매정한 세상에 분노하지 않을 수 없지만, 분노만 남은 길은 항상 잘못되어 있으니 부디 진심어린 선의와 배려조차 놓쳐버리지는 말길"
쓰리 빌보드,"누군가의 행동을 바꾼 것은 방화도, 폭력도, 망할 전광판도 아닌 선의의 오렌지 주스 한잔이였다."
쓰리 빌보드,오병이어의 기적을 잇는 오렌지주스 한 잔의 기적
쓰리 빌보드,"뒷모습만 보이며 앞으로 전진하는 3개의 광고판처럼 묵묵히 나아가는 밀드레드와 딕슨. . 미국식 개그는 별로 웃기지 않았고, 최선의 결말인가를 되묻게 한다."
쓰리 빌보드,상실에 대처하는 저마다 다른 방법.
쓰리 빌보드,"단 한 번의 도움, 그러면 불길이 번지듯 상처가 낫는다. 피해자는 늘어가는데 가해자가 없는 광야 위로 빛나는 3개의 광고판이 말한다. ""일단 사랑하라.""고. 2018년"
쓰리 빌보드,"분노가 일으킨 파장, 끝나지 않은 그 여파에 대하여."
쓰리 빌보드,장인의 연기와 탁월한 각본. 다큐멘터리를 보는 듯 빨려든다.
쓰리 빌보드,분노는 모든 걸 삼켜버리는 불이다. 그런데 그 불이 자신이 가야 할 곳을 알게 된다면?
쓰리 빌보드,"양면성을 모르는게 아니고 회색을 무시하는것도 아니야. 반드시 해야하는게, 되어야하는게 있다."
쓰리 빌보드,화재의 불씨는 내 안에
쓰리 빌보드,스포. 가장 인상적이었던 장면은 윌러비가 기침을 하면서 각혈로 피가 밀드레드의 얼굴에 뿌려지는 장면이었다. 일들은 언제나 갑작스럽게 약간의 단서와 찾아온다.
쓰리 빌보드,아이러니하고 앞을 알수 없는 인물 밖에 없지만 개연성이 깨지지않고 오히려 몰입하면서 봤다. 심지어 특유의 그 개그 말투들 때문에 웃으면서 봤다
쓰리 빌보드,.
쓰리 빌보드,모두가 피해자인 영화 ...
쓰리 빌보드,"분노에서 이해로, 이해에서 용서로"
쓰리 빌보드,분노앞에서 용서라는 짐을 혼자 짊어진 엄마의 무게
쓰리 빌보드,사람들은 알고보면 그리 나쁘지 않다 대화를 나누기 전에는 알 수 없지만
쓰리 빌보드,분노와 아이러니로 가득한 세상에서 우리는 어떻게 올바름을 판가름할까.
쓰리 빌보드,10명 중에 3명이 미친사람이 아니고 10번 중 3번은 미치는 것이다. 누구라도 저렇지 않을까
쓰리 빌보드,오렌지 주스를 건네는 것처럼 알다가도 모를 사람들.
쓰리 빌보드,"세개의 광고판,세개의 엇나간 복수,세개의 편지그리고 오렌지주스와 용서"
쓰리 빌보드,모든 시람에겐 전부 이야기가 있다.
쓰리 빌보드,뒤섞여진 갖가지의 감정을 담아
쓰리 빌보드,증오는 증오를 낳는다 우리는 희망보다 노력을 더 믿어야한다
쓰리 빌보드,이니셰린의 밴시는 아무것도 아니었다
쓰리 빌보드,분노는 또 다른 분노를 야기한다
쓰리 빌보드,“느낄 수 있는 감정마저 건조하게 잘 담아냈다”
쓰리 빌보드,분노는 더 큰 분노를 낳는다
쓰리 빌보드,감정에 너무 격해지지말자
쓰리 빌보드,각본은 좋지만 배우와 연출이 부족했다고 느껴진다
쓰리 빌보드,"종잡을수 없지만, 미워할순 없는 영화. 슬픔, 분노, 참회에 대한, 우리의 복잡한 감정에 대한 이야기. 문제작이다 이거 정말."
쓰리 빌보드,묵직하게 마음을 울리는 엄청난 배우들의 향연. 프란시스 맥도맨드!! 이 작품을 보고 그녀의 찐팬이 되었다.
쓰리 빌보드,어떻게 하면 이런 시나리오를 쓸 수 있을까. 모든 것을 설명하지 않고 그저 보여주기만 한다.
쓰리 빌보드,몇 번을 두고 보게 될 영화가 또 하나 늘었다 너무도 많은 감정들이 오가는 틈바구니에서 아직 보지 못한 것 들이 아른거리는 것 같다
쓰리 빌보드,현실 vs 현실 vs 현실 아아아주 단단한 광고판이 또렷하게 내 눈앞으로 날아오는데 피할 수가 없다.
쓰리 빌보드,작은 친절이 세상을 바꾼다.
코코,정말 생각거리가 많은 영화. 아이들도 감동받아하는군요
코코,"가족간의 사랑도 느낄수 있었지만 저런 사후세계라면 쫌 매력적일듯, 하지만 내가죽고나서 누구에게 기억이된다는건 그만큼 소중한 일 아닐까, 기억해줘~ 내가 어디에있든 기억해줘~"
코코,사랑하는 누군가를 떠나보냈어도 함께했던 기억을 간직한다면 우리는 늘 행복할거야 너무나 좋았던 가족에 대한 사랑을 잘 정의해준 영화인듯 리멥버미는 언제 들어도 눈물버튼 예약
코코,사랑하는 사람을 잃은 직후에 봐서 더 와닿았던 영화 내가 오래오래 기억하는 한 다른 세계에서 영원히 살고 있겠구나 위안을 얻음
코코,남미 칠레에서 생활 중인데 페루에서 여행하다가 기회가 돼서 스페인어로 영화관에서 관람하게 되었습니다. 멕시코에서 유명한 전통 '죽은자의 날'을 설정으로 한 애니메이션인데 관람 ...
코코,디즈니에서 시작된 아이디어가 픽사로 마무리된 작품. 그래서인지 중후반부까지 특별함이 부족하면 살짝 지루하다. 사후세계의 묘사와 설정은 꽤나 흥미로운데 반해 전개는 픽사 영화가 맞...
코코,완벽한 가족 영화. 특유의 분위기가 항상 나를 따뜻하고 부드럽게 맞아 준다.
코코,가족의 사랑이 아이의 족쇄일 수도 있지 않을까.
코코,"지난 7일 미국 LA 베벌리호텔에서 열렸던 제75회 골든 글로브 시상식, 이번 골든 글로브에서도 수많은 작품이 상을 놓고 선의의 경쟁을 펼쳤다. 그 중 픽사 스튜디오의 신작 '코코..."
코코,픽사가 최근 언제 우리를 실망시켰던가? 기억되는 한 영원히 사라지지 않으리.
코코,"제(祭)의 기원..기억과 유대에 관한 심도있는 통찰. 웰컴 투 사후세계, 동양적 정서를 부각시킨 픽사의 마법. 지난해 언론시사회를 통해 공개된 픽사의 애니메이션 <코코>는 디즈니..."
코코,누군가를 잃은 것을 슬픔이 아닌 노래로 위로해주었다
코코,"남자 주인공의 이름이 코코가 아닌 것에 의문을 가졌지만, 영화를 다 보면 제목이 코코가 될 수밖에 없는 이유를 단연 납득하게 되는 작품."
코코,눈물을 위한 가족애 빌드업. 그래 또 당해준다!
코코,그냥 내 눈물버튼 근데 교훈도 너무 많고 최고의 애니매이션
코코,매우 감동적인 영화이네요. 보고 있어도 질리지 않을 것 같아요.
코코,진짜 재밌고 감동적
코코,리멤버 미 다른말로도 표현할 수 없는 그자체로 영화의 전부가 됩니다
코코,"""잊혀지지 않는다면 우리가 사랑했던 사람들은 살아있다""고 말해줘서 고마워, 픽사"
코코,픽사의 3D 캐릭터로 만든 디즈니의 2D 애니메이션 디즈니팩터라는 게 있다면 66점 정도 (디즈니 팩터 = 디즈니 / 디즈니+픽사) 상상과 그 구현에 있어서 현재 전 세계에서...
코코,"디즈니-픽사의 장점이 다시 한번 발휘된 작품. 대부분의 관객들에게 생소할 멕시코 문화권, 그리고 '죽은 자의 날'을 소재로 삼았음에도 불구하고 화려한 색채와 감미로운 OST, 삶..."
코코,"가슴을 정말 따뜻하게 만드는 영화. 기대했던 음악 부분은 오히려 배경음악이 좋은 역현상이 벌어졌지만, 생각보다 훨씬 풍부한 이야기와 색체감으로 사람의 가슴을 울린다. '음악'과..."
코코,"보자마자 생각난 세 가지. 1. 알리기에리 단테는 지옥에서 천국까지 여행해본 지구에서 제일 유명한 사람이다. 2. 가족 성씨로 나오는 libre는 '자유'를 뜻한다, 아마도. ..."
코코,"결코 단순하지 않은, 깊은 영화"
코코,"애니메이션이 이렇게 따뜻할 수 있다니, 다시보자 나나야"
코코,디플 구독은 오직 코코를 계속 돌려보기 위함이었다
코코,아무리 내 곁을 떠난 가족이라도 기억만 해준다면 그분들은 내 마음속에서 영원히 살아계실거야
코코,몇번을 다시봐도 뭉클하고 감동적인 명작.
코코,취향이 애니메이션에서 점점 멀어지고 있지만 코코의 이야기는 생각에 잠기게 만들었다.
코코,해골이 귀엽게 느껴지는 재미있는 영화
코코,내 인생 애니메이션 중 하나. 끝 부분에서 눈물 흘리며 봤다. 왠지 모르게 마음에 와 닿는 장면도 많았다.
코코,죽음에 대해서 다시 생각해보게 되는 영화 죽음을 이렇게도 풀어낼 수 있구나 싶었고 영상미와 음악은 대단했다
코코,자꾸만 생각나는 '리멤버 미'
코코,리멤버 미.. 나의 눈물 버튼. 디즈니 감성 낭낭한 가족영화
코코,앞으로 어떻게 살아야하는가? 내가 살아 딛고 있는 이 곳 현실의 이야기와 이제는 닿을 수 없는 사랑하는 사람들의 이야기를 105분 안에 경험할 수 있는 축복의 기회
코코,정말 잘 만든 영화.
코코,너무 재미있게 잘 봤습니다 멜로디가 중독성이 있어서 계속 생각나더라구요 사후세계가 있고 보이진 않지만 죽어서도 가족과 함께 한다는 내용이 너무 감동적이였어요
코코,"왜 제목이 코코인지 몰랐는데, 코코라고 지을 수 밖에 없었던 것.."
코코,저런 것이 사후라면 두려워할 것만은 아닐지도
코코,잊지 말고 기억해줘요. 따뜻하게 안아줘요.
코코,주제가 너무 참신했지
코코,"죽음의 세계를 아름답게 담아내는 절경과, 생과 사와 사랑이 연결되는 노래의 화음으로 어떤 관객이라도 매료될 수 밖에 없다!"
코코,"일견 전통가치의 부조리함을 나타내는듯 하였지만, 결국 그 이면에 가족과 전통이라는 오래된 가치의 중요성을 잘 나타냈다. 동시에 죽음 이후 세계의 색다른 묘사를 통해 누군가에게..."
코코,"영화의 주인공은 ""미구엘""이지만, 정작 제목은 ""코코""이다. 이는 이 영화가 소년의 성장극을 중요하다는 것이 아님을 보여준다. 결국, 소년의 성장이 이루어지는 죽은자들의 세계로 가..."
코코,"<코코>, 세상에서 가장 따뜻한 한 마디 “기억해줘” 2018.01.22., CGV 대전 가오 말이 필요 없다. 멕시코와 멕시코의 전통 명절 죽은 자의 날을 소재로 이렇게 따뜻..."
코코,어떤 꿈은 기억 안에서만 자란다. 다만 그 기억이 무엇에 관한 것이냐에 따라서 꿈의 양상은 달라지기도 한다. '미구엘'은 뮤지션이 되고 싶어 하지만 가족들은 신발 장인이 되라며 '...
코코,주인공 꼬마가 사후세계로 가서 자신의 꿈을 이루고 가족들과도 같이 화합한다는 <코코>는 내용만 놓고 본다면 지브리의 재패니메이션이 떠오른다. 그렇지만 <코코>는 세계 최고의 애니메...
코코,"인사이드아웃 이후로 픽사 애니메이션을 보지 못했는데, 이번에 나오는 #코코 는 예고편을 보고 멕시코 특유의 발음과 느낌이 좋아서 개봉일에 맞춰서 봐야지-하고 생각했던 영화다. ..."
코코,"어린이를 타깃으로 한 픽사 애니메이션인 '비행기' 시리즈, '굿 다이노' 등이 호평을 받지 못한 것과 '코코'는 달랐다. 픽사가 디즈니의 품으로 완벽히 들어간 이후, 몇몇 영화는 ..."
코코,내가 좋아하던 그 픽사가 돌아왔다 영화관을 나오면서 드는 생각이 바로 이것 요즘 픽사 영화에 그다지 재미를 못느꼈는데.. 카3같은거.. 이번엔 제대로 재밌게 봤다 아직도 기억에 남...
잭 스나이더의 저스티스 리그,"믿을 수 없을 정도로 다른, 영화의 '재탄생'"
잭 스나이더의 저스티스 리그,드디어 팀플레이 제대로 하는 저스티스 리그
잭 스나이더의 저스티스 리그,.
잭 스나이더의 저스티스 리그,이걸 영화관 개봉을 했었어야지!! 빨리 속편 찍어줘ㅠㅜ
잭 스나이더의 저스티스 리그,"멍청한 장면 빼면 뭐해, 덜 멍청한 게 배로 들어갔는데. 크게 바뀐 것도 없고. 애초에 실패한 기획이었다는 것만 확인했다. 온갖 불필요한 것들로 가득 찬 4시간."
잭 스나이더의 저스티스 리그,비주얼은 마블 영화보다 좋았다. 히어로물이 비주얼 좋으면 됐지...
잭 스나이더의 저스티스 리그,네시간도 아깝지않았고 내 시간도 아깝지 않았다
잭 스나이더의 저스티스 리그,최고의 팬서비스.
잭 스나이더의 저스티스 리그,"완전히 새로운 영화, 이걸 원했다. 몇몇 장면이 기억나는 걸 보니 분명 같은 촬영분을 가지고 만든 것인데, 어떻게 이렇게 다를 수 있을까"
잭 스나이더의 저스티스 리그,DC들은 제발 좀 모이지 말자.
잭 스나이더의 저스티스 리그,좋은 장면들 몇개를 제외하면 볼 영화가 아니다.
잭 스나이더의 저스티스 리그,제대로 만들어버리니 시간가는 줄 몰랐다
잭 스나이더의 저스티스 리그,잘 좀 하자 하니까 되잖아
잭 스나이더의 저스티스 리그,이 집 마케팅 잘하네
잭 스나이더의 저스티스 리그,진즉에 이렇게 만들지 하기엔 너무길긴함ㅋㅋ
잭 스나이더의 저스티스 리그,조스웨던꺼 보다는 훨씬 낫지만 그래도 캐릭터의 서사가 부족하다
잭 스나이더의 저스티스 리그,극중 로이스와 슈퍼맨의 대화가 감독과 관객을 대변하는 듯 하다.. 로이스) 정말 돌와왔구나.. 클락) 나에게 두번째 기회야 절대 망치지 않을꺼야.
잭 스나이더의 저스티스 리그,"이것이 DC이며, 이것이 잭 스나이더이고, 이 영화야 말로 진정한 저스티그 리그다"
잭 스나이더의 저스티스 리그,확실히 낫긴한데 그래도 편집은 했었어야지 완성도 안된 작품 보여준 느낌이었음..
잭 스나이더의 저스티스 리그,우리가 잭 스나이더에게 원하던 것
잭 스나이더의 저스티스 리그,잭스나이더의 거품
잭 스나이더의 저스티스 리그,하고 싶은 거 다 하니까 썩 괜찮은 장편 DC 영화.
잭 스나이더의 저스티스 리그,마블과는 확연히 다른 DC만의 색깔
잭 스나이더의 저스티스 리그,볼만함
잭 스나이더의 저스티스 리그,서사의 힘이라는것은 망작도 엄청난 명작이 될 수 있다는것을 보여준다
잭 스나이더의 저스티스 리그,같은 영화라는게 믿기지 않을 차이
잭 스나이더의 저스티스 리그,"2021, 4년만에 비로소 완성된 저스티스 리그. 4시간에 달하는 장면들마다 또렷하게 새겨진 잭 스나이더의 인장!"
잭 스나이더의 저스티스 리그,조스티스 리그(2017)를 보고 봤다면: 3.5 / 그냥 슈퍼히어로물을 보려고 봤다면: 2.5 /스나이더컷에 대한 기대로 가득 차서 DC뽕에 빠져 봤다면: 4.0
잭 스나이더의 저스티스 리그,“부활”
잭 스나이더의 저스티스 리그,아직 늦지 않았다. 지금이라도 정신차리면 DC도 달라질 수 있다.
잭 스나이더의 저스티스 리그,"팀이란, 각자 다른 능력을 가진 이들이 힘을 합쳐 각 분야에서 빛을 내는 것. 이 영화는 팀이라는 것이 무엇인지 확실히 각인시켜 준다"
잭 스나이더의 저스티스 리그,"DC는 마블을 따라할 수 없지만, 마블이 할 수 없는 걸 할 수 있다."
잭 스나이더의 저스티스 리그,이제야 온전히 완성된 한 편의 영화. 떠난 버스를 애처롭게 쳐다본다. 비주얼 아티스트 잭 스나이더.
잭 스나이더의 저스티스 리그,팬 서비스로는 더할 나위 없지만 고질적인 문제들은 그대로다.
잭 스나이더의 저스티스 리그,그러고보면 타노스는 참 젠틀했었어. 인간미도 좀 있었고. 이제 빌런의 서사에도 신경을 좀 써보자 DC.
잭 스나이더의 저스티스 리그,4시간이라는 시간이 금방 지나가고 Dc 영화중 최고로 평가 받아야하는 영화
잭 스나이더의 저스티스 리그,그래도 DC 사랑하시죠?
잭 스나이더의 저스티스 리그,최상급
잭 스나이더의 저스티스 리그,2017년 버전보다는 좋아졌고 정리가 되었지만 캐릭터 서사구축에 쫓기다보니 어수선한 느낌은 여전히 가지고 있다
잭 스나이더의 저스티스 리그,"너무 길긴 하지만 그 러닝타임을 활용한 개연성충전, 인물 서사, 개선된 연출은 이 영화의 존재이유를 설명하기 충분하다. DC팬이라면 눈물을 흘리며 봤을것"
잭 스나이더의 저스티스 리그,4시간이 전혀 지루하지 않았다
잭 스나이더의 저스티스 리그,"필 하모닉 오케스트라가 동요를 연주하는 듯한 흐름은 여전하지만, 팬덤이 밀어준만큼 비장하고 웅장하다."
잭 스나이더의 저스티스 리그,이게 DC고 잭 스나이더다
잭 스나이더의 저스티스 리그,소는 잃었지만 고쳐진 외양간
잭 스나이더의 저스티스 리그,A DC 확장 유니버스중 최대 명작
잭 스나이더의 저스티스 리그,잭 스나이더의 완전한 저스티스 리그 결정판
잭 스나이더의 저스티스 리그,슈퍼맨 되살리기가 미션인 팀업무비에서 완벽한 팀워크를 발산하는 영화로 환골탈태. 스나이더버스 팬으로써 엎어진게 너무 아쉬운…
잭 스나이더의 저스티스 리그,아 ㅋㅋㅋ 이게 액션이지 ㅋㅋㅋ 드디어 맞춰진 DC만의 어벤저스
잭 스나이더의 저스티스 리그,행님.. 이렇게라도 이 영화를 살리시니.. 감사…
잭 스나이더의 저스티스 리그,컬러풀한 세상에 흑백으로 정답을 만든 감독의 힘.
어프렌티스,1970-80년대 도널드 트럼프와 로이 콘의 관계사를 통해 보는 미국의 물질만능주의. 그 와중에 세바스찬 스탠과 제레미 스트롱의 명연기.
어프렌티스,1.공격하고 또 공격하라. 2.절대 인정하지 말고 부정하라. 3.패배하더라도 그걸 받아 들이지 마라. 변호사가 트럼프에게 한 조언이다. 지금의 트럼프와 너무 닮아서 소름이 끼친다.
어프렌티스,트럼프를 보러갔는데 미국이 보이는 영화. 혼란하다 혼란해.
어프렌티스,내추럴 본 킬러는 없다
어프렌티스,"킬러의 성공 법칙 셋! 이 묘한 울림을 준다. 팩트나 이타성 따윈 게ㅇ 에게 던져버리고, 패배는 생까고 오지승리만이 트럼프 처럼 우뚝 설 수있다. 외계 같은 미국의 슬픈초상ㅇ화"
어프렌티스,"영리하게 감추고, 탁월하게 드러낸다. 역시 알리 아바시. 2024. 4.5 점점 명불허전이 되고 있는 Jeremy Strong, 진짜 트럼프를 보여준 Sebastian Stan."
어프렌티스,젠장..우리나라 굥에 비하면 너무 멀쩡한 사람이잖아.
어프렌티스,"8.6/뽑아낸 탁한 빛깔의 지방과 잘라낸 초라한 두피 살점으로 이루어진 듯 비루하고 역겨운 그의, 그들의, 그 세계의 추악한 면모."
어프렌티스,어프렌티스
어프렌티스,트럼프를 오픈하다
어프렌티스,"해명보다는 공격을, '진실'의 존재를 부정하고 절대 실패를 인정하지 않는다. 최악의 대화법이나 끔찍한 토론법의 예시로 나올 만한 이야기인데 '승리의 3원칙'이란다."
어프렌티스,특유의 추진력과 주변인이 키운 미국의 행운 혹은 불운 그 자체.
어프렌티스,도널드 트럼프와 로이 킨으로 비유한 미국에 대한 신랄한 블랙코미디. 제레미 스트롱의 영혼을 불사지른 연기는 오스카 남우조연상 급이다.
어프렌티스,정치인이 다 그런거죠 ^^;; 새삼스럽게
어프렌티스,"트럼프가 또다시 미국 대통령으로 취임하기 전에, 앞으로 4년 동안 미쳐돌아갈 세계를 대비하는 마음으로 감상했다. 세바스찬 스탠이 트럼프를 이렇게 훌륭히 연기할 줄이야. 와우!"
어프렌티스,"소재에 놀라고, 연기에 감탄한다."
어프렌티스,그럭저럭 볼만한 트럼프 일생기.
어프렌티스,뉴욕 시민들의 고혈을 빨아먹고 자라난 킬러 견습생. 그리고 그를 가르친 로이 콘. 그의 말년이 너무 초라하게 묘사돼서 하마터면 그 인간을 동정할 뻔 했다.
어프렌티스,감독보면 더 강하게 나올 것 같은 영화일 것 같았는데... 제레미 스트롱 연기가 마음에 듦.
어프렌티스,괴물을 만들어내는 DNA
어프렌티스,과연 선거 결과는 ...
어프렌티스,성공 스토리인 척 까발리고 까버리기
어프렌티스,전기와 미국 사이에서
어프렌티스,금수저 트럼프는 어떻게 영악한 꼴통 보수가 되었나?
어프렌티스,"이게 트럼프를 까는 영화인지, 권력에 타락한 젊은 야심가를 그려낸 영화인지 구분하기 어렵다."
어프렌티스,어프렌티스 간단 후기
어프렌티스,.
어프렌티스,미친 싱크로율만 봐도 재미는 있음
어프렌티스,구린내 구역질이 나는 동시에 어이가 없어서 우습다.
어프렌티스,미국 자본주의 시스템의 어떤 민낯
대도시의 사랑법,"그저 있는 그대로의 너와 나, 우리가 살아가는 법"
대도시의 사랑법,이 소재로 만든 영화중 최초로 상업영화로 흥행에 성공한 영화로 기록될것 같은 영화
대도시의 사랑법,다름은 죄가 아니다. 더 당당해져라. 시간이 걸리겠지만 점차 사회도 다름을 포용해 갈 테니.
대도시의 사랑법,진짜 그냥 너무 인생영화에요.. 이런영화가 더 많이 만들어질수있는 세상이 오길 바래요
대도시의 사랑법,이성애자 남성 캐릭터를 모두 부정적으로 묘사한 것도 편견이 아닐까
대도시의 사랑법,"사랑과 혼란의 계절, 대도시의 가을에 완벽히 들어맞는 영화"
대도시의 사랑법,내가 나로서 살아갈 수 있는 설명서 내가 완성되면 그 다음엔 우리라는 단계를 생각하게 된다.
대도시의 사랑법,우정과사랑사이
대도시의 사랑법,"캐릭터가 내뱉는 대사만 보면 우리의 인식을 돌아보게 하고, 용기를 주는 격려의 말이지만, 정작 실제 캐릭터의 행동과 그걸 커버치는 말 사이에 괴리감이 느껴지며 공감이 되질 않았다."
대도시의 사랑법,사랑이 약점이 될 순 없다
대도시의 사랑법,다르기에 가까울 수 있는 사이
대도시의 사랑법,"""내가 나인 채로도 충분하다는 것을 알려준 내 20대의 외장하드"""
대도시의 사랑법,올 해 본 영화중 가장 의미있고 많이 관람한 영화입니다 이런 영화가 많아졌으면 하는 바램이에요 단순 사랑이 아닌 우정이라는 그 형태를 이야기하는 영화요
대도시의 사랑법,평범하지 않는 두 남녀의 우정과 각각의 사랑에 대한 이야기! 네가 너인게 어떻게 약점이 되겠어! 누군가 더 일찍 내가 이말을 해줬더라면! 김고은 배우의 연기야 말해무엇!
대도시의 사랑법,이런 친구 있었음 좋겠다는 판타지를 주는 달콤 시린 청춘의 우정이야기
대도시의 사랑법,너무 잼났어요 청춘은 참 아름답다
대도시의 사랑법,지독하게 사랑스럽고 아린 영화
대도시의 사랑법,"이런 사랑도, 저런 사람도 있는 것. 그들이 그들임에 약점이 있으랴."
대도시의 사랑법,이 영화를 보며 이제는 이런 주제의 영화가 더 많이 또 더 다양한 형태로 늘어날거같다는 생각이 들었고 김고은 배우의 감정적 연기가 흡입력 있었다.
대도시의 사랑법,이렇게 넓은 대도시에 나와 똑같은 사랑만이 진정한 사랑이다라고 생각하는 것 자체가 너무 진부한 생각임을 다시 한 번 더 깨달았다
대도시의 사랑법,"증명할 수 없는, 아니 증명할 필요 없는: 대도시 속 각자의 사랑법"
대도시의 사랑법,로맨스 영화니까 예고편이 로맨스 같았다.
대도시의 사랑법,장르와 소재에 대한 편견만 버리면 무거운 주제를 가볍게 접할 수 있는 웰메이드 상업영화
대도시의 사랑법,내가 나인채로 산다는건 누구나 쉽지않지만 그것이 약점이 되지않기를
대도시의 사랑법,게이와 자유로운 영혼의 입장에서의 영화인데 작가님의 세계도 알겠고 세상에 참 다양한사람 많구나 하고 보면 되는 영화인것같아요. 괜히 본것같은데 그래도 연기는 잘해요.
대도시의 사랑법,원작에서 많은 각색이 있었지만 그래도 나쁘지 않았다. “네가 너 인게 왜 네 약점이 되는데” 와 미스에이의 Bad Girl Good Girl이 기억에 남는다.
대도시의 사랑법,포스터와 내용에 속지 말자. 편견없이 보면 공감되고 재미있다. (시사회24.9.24)
대도시의 사랑법,재희와 홍수의 행복을 진심으로 빌게 되는 영화. 마지막에 왜 눈물이 나는지
대도시의 사랑법,평범한사랑이야기
대도시의 사랑법,"개인적으로 진짜 너무 재밌었는데, 혹시 제목만 보고 대중적인 로맨스를 생각하시는 분이 계시다면, 이 영화에 대해 조금이라도 찾아보고 볼지 말지 결정하면 좋을 듯 해요."
대도시의 사랑법,"늘 곁에 있어주고, 언제나 편이 되어주고, 온 마음 다해 가식없이 행복을 빌어줄 수 있는 존재가 있다는 것."
대도시의 사랑법,사랑과 우정에 대한 편견에 보내는 강펀치 노상현의 연기 발견. 영화를 이끄는 주인공 김고은으로 시작해서 김고은으로 끝나는 대도시의 사랑법
대도시의 사랑법,예상보다 너무 잼있어서 놀램 추천할만함!
대도시의 사랑법,인생영화
대도시의 사랑법,유돈노미
대도시의 사랑법,서로가 있었기에 나다울 수 있었다.
대도시의 사랑법,"재미있다! 주인공들 외에는 다쓰레기 투성이! 예상치못한 반전의전개로 당황,나의편견도 만만치않았구나하는걸절실히깨달음!대사들이가슴을때린다!"
대도시의 사랑법,그들의 인생엔 서로가 있었고 그랬기에 아름다웠다
대도시의 사랑법,대도시의 사랑법
대도시의 사랑법,청춘! 그 자체만으로도 아름답다 나의 그시절을 회상하며 눈물 흘리며 봤어요 너답다는것이 약점이 될수 없다는 말 지금 청춘을 사는 분들께 꼭 해주고싶네요!
대도시의 사랑법,다 떠나서 일단 영화가 재밌다 나와 다르다고 손가락질 하지 않고 있는 그대로의 나를 마음껏 드러낼 수 있는 세상이 오기를
대도시의 사랑법,2010년대의 <건축학개론>이 사랑을 다룬 대명사가 되었다면. 2020년대에는 <대도시의 사랑법>이 떠올라도 괜찮지 않을까.
대도시의 사랑법,"나 또한 내가 약점이 되지 않기를, 그런 세상 속에서도 ‘나’로 살 수 있기를"
대도시의 사랑법,bad girl good girl이 이토록 심오한 노래였나
대도시의 사랑법,"너가 너인 건 약점이 아니라는 것과, 나도 날 모르는데 다른 사람들이 어떻게 날 판단하냐는 대사가 맘에 울림을 준다 요즘 내 상태에 보기 너무 잘했음.. 대신에 고민은 많아진듯.."
대도시의 사랑법,사랑보다 진하고 깊은 어떤 우정이 너무나 소중하다
대도시의 사랑법,청춘들의 이야기
대도시의 사랑법,음악도 좋고 배우들 연기도 좋고..긴호흡임에도 지루하지 않았어요.
대도시의 사랑법,...
대도시의 사랑법,나로서 살기
에이리언: 로물루스,"성공적인 흥행을 해서 ,, 데이빗을 한번만 더 볼 수 있다면 좋겠다"
에이리언: 로물루스,씨바 열받아서 로그인 한다 여기 평점과 리뷰보니 알바 천국인듯 하여 몇자 적습니다 솔직히 별로 였습니다 별1개는 제작진의 노고에 대한 예의 입니다 이번 영화는 에일리언시리즈의 기
에이리언: 로물루스,에일리언을 팔아 LGBT를 홍보하는 페미니스트의 눈물
에이리언: 로물루스,"1,2편에 못 미칠지언정 새로운 영역임은 확실합니다."
에이리언: 로물루스,처음 에이리언 시리즈를 접한 사람들과 매니아까지 모두 만족시킬 수 있는 영화
에이리언: 로물루스,에이리언: 로물루스 정보 출연진 평점 리뷰 결말 후기 스포 쿠키 영리한 클래식으로 복귀한 SF 호러 영화 추천
에이리언: 로물루스,보다 근본으로 돌아간 이야기
에이리언: 로물루스,"갑툭튀가 너무 많아서 심장 졸여가며 봄 사실 애초에 이런 류의 영화를 영화관에서 보기는 또 처음, 세계관 확장중"
에이리언: 로물루스,긴장감 넘치는 스토리 음향 좋았어요
에이리언: 로물루스,에이리언의 축복 끝이 없네
에이리언: 로물루스,외계인에 대한 공포는 역시 에일리언!
에이리언: 로물루스,전편을 하나도 안보고 모르는 상태에서 봤기에 다소 지루하게 느껴질수 있으나 중간엔 징그럽기도 하고 깜짝 깜짝 놀라는 장면들도 있으니 어찌 지루하겠는가. (24.8.13 4dx 시사
에이리언: 로물루스,"오리지날,프리퀄의 장점만 가져와 만든 종합선물세트"
에이리언: 로물루스,진정한 스페이스 호러의 귀환을 알렸다
에이리언: 로물루스,합성인간이 대문자 T로 변신하더니 사람이 죽어가도 방관한다. 에이리언의 피식자인 사람은 F로 대변된다. 감정에 휘둘리고 어리석은 선택을 하기도한다. 누가 옳은것인지 나는 모르겠다.
에이리언: 로물루스,마지막에 등장한 인계인이 준 충격이 인상깊은 영화. 그 외엔 전작이 훨 낫다
에이리언: 로물루스,후반부 30분 재밌음.
에이리언: 로물루스,영화관에서 스릴있게ㅜ봄
에이리언: 로물루스,공포와 액션을 종합한 모둠세트 같은 느낌이 시리즈 예전 작품에 대한 애정으로 느껴져 좋게 와닿았고 재미있었다
에이리언: 로물루스,끝나지 않을 ’그‘ 종족의 이야기. 무난하게 답습하지만 프로메테우스 보다는 아쉽다
에이리언: 로물루스,믿고보는 에이리언.. 재밌어요..
에이리언: 로물루스,재밌어요. 두시간이 금방 갔어요. 긴장감도 지속적으로
에이리언: 로물루스,<에이리언>의 완벽한 현대적 변주.
에이리언: 로물루스,◈ 수많은 속편들로 이제는 내성이 생겼다고 생각했는데… 에이리언에 이토록 원초적 공포심을 느껴본게 얼마만이던가!!
에이리언: 로물루스,에이리언:로물루스
에이리언: 로물루스,PC 빔 맞은 에이리언 시리즈. 역대 최악의 에이리언 시리즈였다. 기존의 에이리언 영화의 계보를 잇기엔 처참한 수준. 에일리언의 열렬한 팬이라면 대실망할 영화
에이리언: 로물루스,새롭게 시작될 에일리언의 포석을 잘 깐 느낌
에이리언: 로물루스,Sf 호러의 정석. 바이블 같은 구조의 플롯과 배우들의 열연
에이리언: 로물루스,페데 알바레즈 감독의 패닉 어택을 보고 이 에일리언 부활 프로젝트를 보면 그 애뜻한 마음이 그대로 영화에 드러난다. 명불허전! 프로메테우스. 다음 1편. 다음 훌륭하다!만족대만족
에이리언: 로물루스,[에일리언 로물루스] 짧은 시사회 후기 (DOLBY CINEMA)
에이리언: 로물루스,"대박! 몰입감 갑! 최근 여러 영화를 극장을 통해 봤지만, 이런 영화는 없었을 듯. 2시간을 스크린에 눈을 못 떼고 보게 했다.기존 에이리언을 아는 사람으로서 청츈어람 청어람 작품"
에이리언: 로물루스,시리즈가 그려온 궤적을 존중하면서도 초심으로 항로를 재설정한다
에이리언: 로물루스,"전편을 보지 않은 사람들도 즐길 수 있었던 작품이었습니다. 공포, 액션 둘다 너무 좋았어요!!"
에이리언: 로물루스,완벽에 가깝게 시리즈의 정체성을 유기적으로 연결시킨다
에이리언: 로물루스,다 좋은데 이런 스릴러 공포장르에서 등장인물들 고구마행동 좀 안했으면. 안해도 충분히 공포스러울텐데
에이리언: 로물루스,"""인간은 아무리 합리적이려 노력해도 결정적 순간에는 수많은 감정들을 거치는 습성이 있다."""
에이리언: 로물루스,"정말 맛있게 나온 공포, 탈출 게임을 하는 기분"
에이리언: 로물루스,시리즈의 본질에 접근하면서도 새로운 요소들이 제 역할을 다 하는 뛰어난 예우와 빼어난 미덕
에이리언: 로물루스,"에이리언 시리즈의 본질적 매력이 최대치로, 검증된 공식을 총동원해 일으키는 친숙하고도 반가운 카타르시스."
에이리언: 로물루스,에이리언시리즈의 오타쿠인 패데 알베레즈가 느낀 만족감을 관객에게도 온전히 내주어 환상적인 고어공포를 보여준 경우
에이리언: 로물루스,잡아먹는 것보다 더 무서운 것
에이리언: 로물루스,'에이리언'시리즈의 정신을 제대로 계승한 수작!
에이리언: 로물루스,에일리언시리즈의 장점을 모두 가져왔다. 후속작이 기다려지는 영화는 오랫만이다.
에이리언: 로물루스,이런게 영화지 무서울것같은 호기심. 보고나면 즐겁게 본 영화라는 추억
에이리언: 로물루스,"밀폐된 공간, 제한된 시야, 미지의 생명체 더 이상 뭐가 필요함."
에이리언: 로물루스,전설의 영광을 재현하는 듯한 공포의 연출
에이리언: 로물루스,호러와 고어의 참맛이 담긴 3막.
에이리언: 로물루스,내 취향 재미있었음
에이리언: 로물루스,오리지널 시리즈로의 회귀! 더 강력해진 극강의 공포와 액션으로 무장한 압도적인 영화!
에이리언: 로물루스,속편이 되기 위한 인장들의 활약
오징어 게임 시즌 1,넷플릭스 역시 이 투자게임에 신중하게 다시 생각해봐야 한다
오징어 게임 시즌 1,"넷플릭스가 아니었다면 한국에서 이런 드라마가 나올 수 있었을까, 뛰어난 배우들의 연기력, 하지만 후반부로 갈수록 호흡이 느려지고 개연성이 사라진다... 흥미로웠지만 아쉬웠다."
오징어 게임 시즌 1,그동안 한국영화에서 볼 수 없었던 새로운 장르를 개척했지만 짜깁기에 그친 K-배틀로얄 장르의 한계
오징어 게임 시즌 1,내 이리 잔인할 줄 몰랐쏘
오징어 게임 시즌 1,허술한 부분도 적지 않아 아쉬움도 크지만 전체적으로 마음에 들었기에 시즌2가 나온다면 기대할 것이다.
오징어 게임 시즌 1,차라리 영화로 만들었으면
오징어 게임 시즌 1,아... 욕하면서 봤지만 솔직히 한번 켜면 9화까지 정주행안 할수가 없는 아주 자극적이고 볼만한 작품 아쉬운 부분은 많지만 추천
오징어 게임 시즌 1,"아쉬운 게임, 잃지 않는 완성도"
오징어 게임 시즌 1,설국열차의 코믹버젼같달까? 어쩄든 잔인한 주제와 내용과는 전혀 다르게 신선한 진행으로 무겁지 않고 재미있게 본거같다 하지만 뭔가 인생에 씁쓸함은 다 느끼고 만듯
오징어 게임 시즌 1,죽이는 장면이 너무 많아서 못 볼 거라 생각하고 미루고 미루다 봤는데 중반부터 내용이 좋아서 푹 빠져서 보게 된 드라마.
오징어 게임 시즌 1,한동안 달고나에 빠졌답니다 추억의 게임이 많이 나와서 좋았어요 시즌2는 어떤 게임이 기다리고 있을지!!
오징어 게임 시즌 1,설정이 말도 안된다고 생각하면서도 진짜 어디선가 이런 게임이 진행중일까 싶었다. 주인공은 생존할 것이란 걸 알면서도 게임결과 나올때마다 손에 땀이 나더라.
오징어 게임 시즌 1,일단 봐라. 그래야 대화가 된다.
오징어 게임 시즌 1,"신박한 세트장, 전형적인 스토리.. 그러나 세계관 하나만큼은 계속해서 보고싶게 만드는 매력이 있다"
오징어 게임 시즌 1,2가 기대된다
오징어 게임 시즌 1,"일부 비판점은 있으나 오락성으로 보나, 흥행으로 보나 잘 만든 작품이라고 생각한다."
오징어 게임 시즌 1,"각본도 잘 짜여져 있고, 대사도 좋다. 그냥 봐라 ㅎ"
오징어 게임 시즌 1,너무 길었다
오징어 게임 시즌 1,엄청난 딸바보가 딸 만나는걸 포기한다고? 정말 대단한 정의의 사도 납셨네~
오징어 게임 시즌 1,"시도는 좋았다고 하기엔 각본상 구멍이 너무 많다. 그리 매력적이지도 않은 인물들에 그 성격마저 계속 붕괴된다. 뭘 말하려는 건지는 알겠지만, 클리셰를 따라가는 데에 그쳐 아쉽다."
오징어 게임 시즌 1,"흔한 소재, 진부한 대사와 지루한 전개 그리고 나름의 초호화 캐스팅.."
오징어 게임 시즌 1,신선한 것도 한국에서 첫 장르물 시도라 부산행처럼 신선한 거지
오징어 게임 시즌 1,좋아요
오징어 게임 시즌 1,"신선하고 긴장감 있게 본 영화, 뭔가 부족하고 아쉬운 부분이 없지 않아 있었는데 그래도 재미있게 봤다 나같아도 참여 했을까 하는 생각이 듬"
오징어 게임 시즌 1,진짜 좀 역설적이지만 데스게임이나 이런 장르 좋아하면 보지말고 싫어하거나 관심없으면 보셈
오징어 게임 시즌 1,무난하게 보긴했는데 이게 그렇게 뜰만한 작품인가?_?
오징어 게임 시즌 1,띵작은 이유가 있다
오징어 게임 시즌 1,뛰어난지는 모르겠지만 보게 만드는 힘이 있다.
오징어 게임 시즌 1,게임에 참여하시겠습니까? 아뇨.
오징어 게임 시즌 1,시즌 2가 기대돼요
오징어 게임 시즌 1,재밌는지는 모르겠는데 이상하게 끊어서 볼 수 없어 정주행을 하게만드는 묘한 중독성
오징어 게임 시즌 1,"새로운 장르의 드라마. 처음 제목을 볼 때 좀 별로였지만, 긴장감을 놓을 수 없을 정도로 몰입해서 봄."
오징어 게임 시즌 1,뻔하다고 생각하면서도 앉은 자리에서 모든 회차를 다 봐버렸다 역시 아는 맛이 무섭다
오징어 게임 시즌 1,"너무 화제작이라 안볼수 없었고 국위선양에 한몫한 드라마 서포트 안할수 없지만, 잔인한건 난 불호 ㅠ건너뛰고보기 바쁨"
오징어 게임 시즌 1,지구촌에 뽑기게임을 알린것만쳐도 대단한 작품
오징어 게임 시즌 1,국산 컨텐츠는 국산 초콜릿 같다. 아이코닉한 설정들과 장면들 몇몇에 혹해 직접 까본 러닝타임 대부분이 익히 먹어왔던 팜유의 그 맛.
오징어 게임 시즌 1,클리셰 덩어리인 작품이 어떻게 세계적인 작품이 되었는가는 연구대상
오징어 게임 시즌 1,한국치고는 괜찮다는 평과 문화강국이라는 표어는 자가당착
오징어 게임 시즌 1,한국고유의 신파극 한가득 + 개연성 떨어지는 부분도 많고 뻔히 스토리가 어찌 흘러갈지 보이는... 개인적으로 보려고 쓴 시간이 아까운 작품
오징어 게임 시즌 1,도무지 주인공 이정재에게 공감이란걸 할 수 없어서 아쉽다.....
오징어 게임 시즌 1,어울릴것 같지 않은 조합에 반응할때.
오징어 게임 시즌 1,아쉬운점이 많기는한데 그래도 볼만은 합니다 신파좀빼고 조금더 짜임새 있고 하면 훨씬더 좋을꺼같애요 시즌2나오게 된다면 좀더 좋은 작품 나오길 빕니다
오징어 게임 시즌 1,"아쉬운 부분이 많다. 2021년작이라기엔 너무 진부한 소재에 뻔한 결말... 분명 더 잘 만들 여지가 많았다는 생각, 부족한 면이 있음"
오징어 게임 시즌 1,드라마라는 장르적 요소가 작품의 득이자 실
오징어 게임 시즌 1,"어설픈 점도 있고, 몇몇 느린 구석도 있지만, 그래도 이 절망의 게임 시즌2를 기다려 본다. 그 전에 <폴가이즈>부터 하고."
오징어 게임 시즌 1,갓 수입해온 썩은 고기
오징어 게임 시즌 1,살벌한 승자독식 세상에서 살아남아야만 하는 사람들
오징어 게임 시즌 1,ㄹㅈㄷ
오징어 게임 시즌 1,말이 필요한가?
오징어 게임 시즌 1,재미있어요 생각보다 기대안했는데 정말 재미있었어요
캐스트 어웨이,"무인도에서 살아 돌아오면 장밋빛 미래가 펼쳐질 줄 알았으나, 직면하게 된 안타까운 현실이 너무나 쓸쓸하다."
캐스트 어웨이,윌슨이라는 캐릭터로 압축된 인간의 외로움과 굳은 삶의 의지
캐스트 어웨이,"무인도에 표류하는 한남자의 이야기,여자친구와 재회씬은 정말 아름다우면서 안타까웠다,완벽한 명작 영화."
캐스트 어웨이,"조난 전의 삶, 무인도에서의 삶, 구조 후의 삶. 인생이라는 망망대해 속 끝없이 표류하며 수많은 선택과 획득, 상실의 나날이지만 그럼에도 불구하고 희망이 있어 오늘도 살아간다."
캐스트 어웨이,FedEx 광고같은 설정에 요상한 주인공의 상황들.
캐스트 어웨이,윌슨과 함께 버틴 긴세월
캐스트 어웨이,"해가 뜨면 나에게 주어진 일을 하고, 파도가 또 다른 곳으로 인도하며 살아간다."
캐스트 어웨이,탈출 후에도 막막하지만 계속 살아간다
캐스트 어웨이,배구공에 얼굴을 그려놓고는 ‘윌슨’을 목놓아 부르던 주인공의 모습이 인상적이었던 어릴 적의 그 영화는 어른이 되어 삶의 여정 속에서 길을 잃고 헤매는 이들에게 위로를 전해준다.
캐스트 어웨이,"무인도는 종착지가 아닌 경유지였음을. 새로운 항해는, 이제부터 시작이다. (+ 윌슨은 아카데미 조연상 하나라도 줘야 하지 않을지.)"
캐스트 어웨이,정해진 길은 없다. 길은 내가 선택하는 것이다
캐스트 어웨이,뜬금없는 배구공 판매율 증가에 기여했던 영화... ㅋㅋ
캐스트 어웨이,"그래도, 계속 숨을 쉬어야지."
캐스트 어웨이,제한된 공간 속 외로움의 극치를 잘 표현했다
캐스트 어웨이,윌슨…
캐스트 어웨이,나라도 저렇게 될 것 같다. 명작이다.
캐스트 어웨이,고독함과 외로움을 이겨내지 못한다면 결코 홀로 살아갈 수 없음을 알려줍니다.
캐스트 어웨이,목적을 잃었다면 그곳이 표류지이다
캐스트 어웨이,윌스뉴ㅠㅠ
캐스트 어웨이,윌슨 너라면 열친구 안 부럽다
캐스트 어웨이,내 인생작
캐스트 어웨이,"톰 행크스, 톰 행크스"
캐스트 어웨이,이별하는 법을 배웠다
캐스트 어웨이,엉엉
캐스트 어웨이,여주인공 헬렌헌트의 비오는 장면에서의 애틋한 감정을 이해 하려고 노력해 봅니다.
캐스트 어웨이,명작.
캐스트 어웨이,톰 행크스가 고생할수록 재밌어지는 영화
캐스트 어웨이,포기하지 말자
캐스트 어웨이,정말 웃기고 또 엄청 슬픈 영화 후반부에 윌슨이랑 헤어지는 장면이 너무 슬펐다 배구공이랑 헤어지는게 너무 슬프다
캐스트 어웨이,"어느 순간에도 희망은 있고, 삶은 계속 된다."
캐스트 어웨이,휴머니즘 재난 서바이벌 영화. 너무 어릴때 봐서인지 나도 혹시 무인도에 불시착하거나 표류하다 떠밀려가면 이 영화에서 본 거 잘 기억했다가 활용해야지 했던 기억이 난다^^
캐스트 어웨이,비행기 위(사회)와 망망대해(야생)에서 표류하던 그에게 단 하나의 길이 명확해지는 순간.
캐스트 어웨이,극한 환경에 처한 인간이 전달하는 감정과 의지
캐스트 어웨이,잘가...윌슨...😭🏐
캐스트 어웨이,인생 최고의 명작입니다. 힘들때마다 꺼내 보는 작품입니다.
캐스트 어웨이,영화 02
캐스트 어웨이,공 하나로 이런 감정을 줄 수 있네?
캐스트 어웨이,한 남자의 표류가 수많은 사람으로 하여금 삶의 가치를 돌아보게 한다.
캐스트 어웨이,"톰행크스와 윌슨이 주인공이다.인간이 얼마나 무섭게 적응의 동물인지를 보았고, 사람과사람사이의 유대라는게 또 얼마나 중요한지 깨닫기도하다."
캐스트 어웨이,그 상실감에 대해서.....
캐스트 어웨이,어떤 소포가 올 지 알 수가 없네.
캐스트 어웨이,솔직히 로버트 저메키스 감독하면 보통 포레스트 검프를 떠올리겠지만 나는 캐스트 어웨이가 가장 명작이라 생각한다
캐스트 어웨이,계속 숨을 쉬어야 한다.
캐스트 어웨이,윌슨이 떠내려갈때 나도 울었다
캐스트 어웨이,삶을 목적을 가지고 설령 잃어도 계속 살아가야한다 자연과 인간이 그리워지는 2시간 여행
캐스트 어웨이,순간의 결정보다는 신중하게 고민하고 치열하게 살아갈 것.
캐스트 어웨이,윌슨!
캐스트 어웨이,너랑 첫 영화
캐스트 어웨이,윌슨이 여러명이였다면 주인공은 어떻게 되었을까?
캐스트 어웨이,어떤 포인트에서 감동이 넘쳐야 하나?
